zenith,angle_of_incidence,shortwave_radiation_backwards_sfc,low_zenith,radiation_temp_interaction,humidity_temp_ratio,relative_humidity_2_m_above_gnd,total_cloud_cover_sfc,total_cloud_all_layers,low_cloud_cover_low_cld_lay,medium_cloud_cover_mid_cld_lay,temperature_2_m_above_gnd,wind_speed_80_m_above_gnd,mean_sea_level_pressure_MSL,high_cloud_cover_high_cld_lay,wind_gust_10_m_above_gnd,total_precip,avg_wind_speed,total_precipitation_sfc,wind_speed_900_mb,generated_power_kw
83.237322,58.753108,0.0,0,0.0,0.11259625163446171,31,0.0,0,0,0,2.17,9.36,1035.0,0,24.48,0.0,7.45,0.0,6.62,454.10095
75.143041,45.408585,1.78,0,4.111800000000001,0.09801786103245481,27,0.0,0,0,0,2.31,5.99,1035.1,0,21.96,0.0,5.25,0.0,4.61,1411.9994
68.820648,32.848282,108.58,0,396.317,0.11921965317919077,33,0.0,0,0,0,3.65,3.89,1035.4,0,14.04,0.0,4.11,0.0,3.76,2214.8493
64.883536,22.699288,258.1,0,1502.1420000000003,0.1075384449940854,30,0.0,0,0,0,5.82,3.55,1035.4,0,19.8,0.0,3.41,0.0,3.08,2527.6092
63.795208,19.199908,375.58,0,2903.2334,0.0961264596980917,27,0.0,0,0,0,7.73,6.76,1034.4,0,16.56,0.0,6.53,0.0,6.62,2640.2034
65.70086,25.088167,449.45,0,3905.7205,0.102895259721828,29,0.0,0,0,0,8.69,7.1,1034.6,0,17.28,0.0,6.7700000000000005,0.0,6.92,2546.0816
70.351498,36.197514,469.92,0,4567.6224,0.09545020680878141,27,0.0,0,0,0,9.72,6.61,1034.0,0,12.96,0.0,6.336666666666667,0.0,6.44,2270.3207
77.228779,49.073008,436.99,0,4400.4893,0.09886307464162136,28,0.0,0,0,0,10.07,7.63,1034.1,0,10.8,0.0,7.406666666666666,0.0,7.52,1063.8302
85.585411,62.37114,353.33,0,3314.2354,0.11326230842742364,32,0.0,0,0,0,9.38,10.5,1033.9,0,11.52,0.0,10.020000000000001,0.0,10.14,86.817611
121.46318,105.86656,228.73,0,1495.8942,0.1680431906753906,47,0.0,0,0,0,6.54,12.25,1035.1,0,12.24,0.0,10.566666666666668,0.0,11.53,9.6666667
83.242237,58.845824,0.0,0,0.0,0.08716812552210075,24,0.9,3,0,0,2.18,5.77,1038.5,3,19.08,0.0,5.076666666666667,0.0,2.31,513.90842
75.128751,45.485379,2.67,0,6.4347,0.09072434315575555,25,1.8,6,0,0,2.41,5.04,1038.4,6,18.36,0.0,4.8933333333333335,0.0,1.94,1076.7197
68.783811,32.896851,113.92,0,479.6032,0.11897894433227577,33,0.0,0,0,0,4.21,3.6,1039.3,0,16.92,0.0,4.01,0.0,1.94,1018.7148
64.819803,22.691118,255.43,0,1762.467,0.12854847348687737,36,0.0,0,0,0,6.9,4.58,1039.0,0,15.48,0.0,4.29,0.0,4.33,2307.0852
63.706944,19.107739,380.03,0,3530.478699999999,0.10621724968134826,30,0.9,3,0,0,9.29,7.9,1037.6,3,15.84,0.0,7.536666666666666,0.0,8.22,2261.3353
65.591365,24.953054,400.5,0,4749.929999999999,0.09122486930283148,26,100.0,200,0,100,11.86,6.3,1036.5,100,9.72,0.0,6.096666666666667,0.0,6.3,1706.41
70.227766,36.063181,415.63,0,5182.9061,0.09103003991317135,26,100.0,200,0,100,12.47,9.69,1036.5,100,10.08,0.0,9.496666666666664,0.0,9.69,1385.8102
77.097036,48.947246,387.15,0,4641.9285,0.10521147506488042,30,100.0,200,0,100,11.99,11.38,1036.7,100,11.88,0.0,11.196666666666667,0.0,11.38,547.77553
85.381751,62.1479,333.75,0,3778.05,0.11600520265757375,33,100.0,200,0,100,11.32,11.63,1036.5,100,12.6,0.0,11.396666666666668,0.0,11.63,61.566961
83.267328,58.9765,0.0,0,0.0,0.1263902932254803,35,0.0,0,0,0,3.77,12.72,1039.1,0,7.2,0.0,10.653333333333334,0.0,12.25,419.20845
75.107523,45.55898,2.67,0,10.7067,0.1298888728532256,36,38.0,38,0,38,4.01,14.01,1039.6,0,7.56,0.0,11.563333333333333,0.0,13.85,1371.9036
68.737737,32.941458,111.25,0,740.9250000000001,0.12151102533862264,34,62.0,62,0,62,6.66,12.48,1039.7,0,7.56,0.0,10.123333333333333,0.0,12.48,2154.5695
64.748514,22.67679,256.32,0,2381.2128,0.141622999575131,40,49.0,49,0,49,9.29,9.96,1038.3,0,5.76,0.0,7.7200000000000015,0.0,10.23,2456.0311
63.610054,19.004469,369.35,0,4528.231,0.11562313864265444,33,29.0,29,0,29,12.26,5.69,1037.5,0,5.76,0.0,5.406666666666667,0.0,5.69,2536.1985
65.474867,24.813234,441.44,0,6078.6287999999995,0.10455876202425765,30,5.1,17,0,0,13.77,6.16,1036.6,17,6.12,0.0,5.9433333333333325,0.0,6.16,2462.3889
70.097733,35.926593,461.02,0,6652.518599999999,0.1043187982474442,30,2.1,7,0,0,14.43,8.28,1036.6,7,7.92,0.0,8.049999999999999,0.0,8.28,2202.6894
76.959788,48.820772,430.76,0,6280.4808,0.10426441455531228,30,5.1,17,0,0,14.58,10.08,1036.4,17,10.08,0.0,9.723333333333334,0.0,10.08,1046.8986
85.32007,62.14581,352.44,0,4948.2576,0.11142449249625684,32,2.4,8,0,0,14.04,10.44,1036.6,8,11.16,0.0,10.083333333333334,0.0,10.44,88.940216
83.232999,59.024684,0.0,0,0.0,0.10814708002883923,30,0.0,0,0,0,4.25,3.42,1038.8,0,1.08,0.0,4.3100000000000005,0.0,2.9,418.46229
75.136798,45.734575,1.78,0,7.6184,0.11173989835273765,31,0.0,0,0,0,4.28,4.35,1038.6,0,2.16,0.0,4.576666666666666,0.0,3.08,1300.4193
68.685423,32.981515,104.13,0,599.7887999999999,0.1254885088379764,35,0.0,0,0,0,5.76,5.01,1038.4,0,9.0,0.0,4.87,0.0,4.1,2143.0744
64.669873,22.656758,250.09,0,2118.2623000000003,0.14203536680633477,40,0.0,0,0,0,8.47,5.15,1037.1,0,5.4,0.0,3.766666666666667,0.0,4.35,2436.7275
63.506526,18.896941,366.68,0,4158.1512,0.11599704734788571,33,0.0,0,0,0,11.34,4.07,1035.3,0,7.2,0.0,3.68,0.0,4.07,2534.3489
65.351595,24.669091,435.21,0,5331.322499999999,0.10161177295024527,29,0.0,0,0,0,12.25,8.44,1034.3,0,9.0,0.0,8.223333333333334,0.0,8.44,2477.8934
69.961609,35.787961,455.68,0,5741.568,0.10498687664041995,30,0.0,0,0,0,12.6,10.19,1033.5,0,9.0,0.0,9.963333333333333,0.0,10.19,2206.8945
76.817213,48.693732,425.42,0,5385.8172,0.10846366467233477,31,0.0,0,0,0,12.66,7.15,1033.5,0,6.84,0.0,7.0,0.0,7.15,1040.8729
85.180199,62.033585,345.32,0,4281.968,0.11556645070915779,33,0.0,0,0,0,12.4,8.29,1032.7,0,6.48,0.0,8.056666666666667,0.0,8.29,93.423875
83.218833,59.11072,0.0,0,0.0,0.2653869924019341,73,0.0,0,0,0,1.92,31.7,1034.2,0,22.32,0.0,22.810000000000002,0.0,21.25,425.30454
75.034084,45.676492,1.78,0,2.6878,0.2912692055632419,80,0.0,0,0,0,1.51,32.47,1035.2,0,21.96,0.0,23.686666666666667,0.0,22.73,1355.1012
68.62586,33.017211,106.8,0,467.784,0.27384426908802656,76,0.0,0,0,0,4.38,29.63,1034.8,0,15.84,0.0,21.78,0.0,20.21,2122.2185
64.583818,22.630859,255.43,0,1992.354,0.23847659725929882,67,0.0,0,0,0,7.8,20.91,1032.8,0,10.44,0.0,18.393333333333334,0.0,18.03,2430.8578
63.395723,18.782814,372.91,0,3755.2037000000005,0.20478779747192996,58,0.0,0,0,0,10.07,17.02,1031.7,0,9.0,0.0,15.573333333333332,0.0,15.23,2549.7753
65.22152,24.520556,440.55,0,5572.9575,0.1329601119664101,38,0.0,0,0,0,12.65,5.4,1028.0,0,3.96,0.0,5.163333333333333,0.0,5.4,2505.5434
69.819392,35.647353,462.8,0,6145.9839999999995,0.1361589219006389,39,0.0,0,0,0,13.28,5.8,1027.2,0,6.12,0.0,5.376666666666666,0.0,5.5,2236.1667
76.669341,48.566224,431.65,0,5766.843999999999,0.1465917419985341,42,0.0,0,0,0,13.36,6.92,1027.2,0,7.92,0.0,6.236666666666667,0.0,6.44,1079.7043
85.035625,61.921788,350.66,0,4446.3688,0.17143057061889935,49,0.0,0,0,0,12.68,7.15,1027.5,0,9.36,0.0,6.493333333333333,0.0,6.64,97.017519
83.19827,59.194427,0.0,0,0.0,0.16437155276326845,45,0.0,0,0,0,0.62,5.24,1031.7,0,6.12,0.0,7.463333333333334,0.0,9.45,445.47816
75.002668,45.760553,1.78,0,1.4596,0.1606015257144943,44,4.0,4,0,4,0.82,7.17,1031.9,0,11.16,0.0,8.766666666666667,0.0,11.48,1411.1547
68.547439,33.020593,113.92,0,378.2144,0.16276630375809312,45,44.0,44,0,44,3.32,9.39,1032.3,0,10.08,0.0,6.896666666666667,0.0,6.11,2212.9796
64.49038,22.599143,264.33,0,1866.1698,0.1677313443488812,47,15.0,15,0,15,7.06,7.39,1030.9,0,7.92,0.0,4.4433333333333325,0.0,2.62,2522.2383
63.277688,18.662127,378.25,0,3540.4199999999996,0.12034972213372978,34,39.0,39,0,39,9.36,8.85,1029.1,0,9.0,0.0,8.11,0.0,7.75,2625.5014
65.0847,24.367718,447.67,0,3966.3561999999997,0.1453849154285309,41,0.0,0,0,0,8.86,10.46,1026.8,0,11.88,0.0,10.106666666666667,0.0,9.78,2577.2011
69.671158,35.504891,469.03,0,4329.1469,0.1487357461576599,42,0.0,0,0,0,9.23,10.54,1027.1,0,12.6,0.0,10.426666666666668,0.0,10.24,2283.7003
76.516256,48.438368,436.99,0,4024.6779000000006,0.15582943759739343,44,0.0,0,0,0,9.21,11.01,1027.0,0,12.6,0.0,10.756666666666668,0.0,10.31,1086.2028
84.886424,61.810516,356.0,0,3075.84,0.17033961460662198,48,0.0,0,0,0,8.64,9.61,1027.0,0,11.52,0.0,9.466666666666667,0.0,9.26,103.20437
83.099158,59.16669,0.0,0,-0.0,0.3651115618661258,99,0.0,0,0,0,-2.0,3.62,1036.6,0,10.08,0.0,6.5566666666666675,0.0,8.4,455.91293
74.953937,45.82124,1.78,0,-3.1506000000000003,0.3390080330164345,92,0.0,0,0,0,-1.77,2.28,1037.0,0,3.24,0.0,7.183333333333333,0.0,10.09,1417.3211
68.437019,32.972619,107.69,0,83.9982,0.2956959807250028,81,0.0,0,0,0,0.78,3.83,1037.1,0,1.8,0.0,5.73,0.0,6.44,2224.3277
64.378984,22.528242,255.43,0,1024.2743,0.2525616972146053,70,0.0,0,0,0,4.01,3.55,1036.3,0,6.48,0.0,4.04,0.0,4.55,2549.8831
63.15247,18.53492,373.8,0,2362.416,0.22184849894443054,62,0.0,0,0,0,6.32,1.14,1035.1,0,4.32,0.0,1.3499999999999999,0.0,1.61,2637.6611
64.941199,24.210671,449.45,0,3609.0834999999997,0.16003983213599832,45,0.0,0,0,0,8.03,6.41,1030.6,0,8.64,0.0,6.243333333333333,0.0,6.13,2567.6217
69.516981,35.360702,473.48,0,4228.1764,0.14889393079977312,42,0.0,0,0,0,8.93,8.53,1030.1,0,9.72,0.0,8.316666666666666,0.0,8.05,2293.5854
76.358042,48.310286,443.22,0,4037.7342,0.15234181251328563,43,0.0,0,0,0,9.11,10.59,1030.5,0,10.08,0.0,10.44,0.0,10.14,1167.8618
84.732679,61.69987,363.12,0,3071.9952000000003,0.16689748233372398,47,0.0,0,0,0,8.46,10.7,1030.6,0,9.72,0.0,10.479999999999999,0.0,10.37,114.485
83.137905,59.354669,0.0,0,-0.0,0.20537646239043536,56,0.0,0,0,0,-0.48,7.15,1041.5,0,7.56,0.0,7.583333333333333,0.0,7.7,473.56029
74.898324,45.878645,2.67,0,-1.0146,0.17963852329801666,49,0.0,0,0,0,-0.38,7.73,1042.1,0,7.92,0.0,7.8933333333333335,0.0,8.05,1441.6025
69.198913,34.916885,111.25,0,178.0,0.1565059144676979,43,0.0,0,0,0,1.6,7.29,1042.8,0,4.68,0.0,7.090000000000001,0.0,6.99,2175.1235
83.117524,59.459979,0.0,0,0.0,0.13834783558451963,38,0.0,0,0,0,1.52,15.99,1046.8,0,11.52,0.0,13.953333333333333,0.0,15.55,487.39034
74.835838,45.932756,1.78,0,3.9160000000000004,0.12347920828037046,34,0.0,0,0,0,2.2,18.72,1046.6,0,12.6,0.0,16.813333333333333,0.0,21.22,1394.0949
68.315482,33.116754,105.91,0,497.777,0.12236818427208927,34,0.0,0,0,0,4.7,18.72,1046.6,0,15.12,0.0,17.31,0.0,22.73,2183.2921
64.166111,22.469629,253.65,0,2031.7365,0.1351543605064732,38,0.0,0,0,0,8.01,11.89,1045.1,0,9.72,0.0,13.393333333333333,0.0,20.72,2499.1097
62.88069,18.261132,372.91,0,3949.1169,0.11630365827870588,33,0.0,0,0,0,10.59,7.9,1044.0,0,7.56,0.0,7.303333333333334,0.0,8.05,2675.5011
64.634418,23.884365,453.9,0,5582.97,0.16815554387808723,48,0.0,0,0,0,12.3,10.46,1042.4,0,14.04,0.0,10.286666666666667,0.0,10.95,2568.4284
69.191119,35.067678,477.04,0,5862.8216,0.17516816143497757,50,0.0,0,0,0,12.29,11.97,1042.1,0,15.48,0.0,11.746666666666668,0.0,12.1,2246.8706
76.028957,48.057721,447.67,0,5372.04,0.18236016131860425,52,0.0,0,0,0,12.0,12.1,1042.2,0,14.4,0.0,11.910000000000002,0.0,12.25,1169.1853
84.485894,61.594298,367.57,0,4366.7316,0.1824369364628285,52,0.0,0,0,0,11.88,11.27,1041.9,0,13.32,0.0,10.956666666666665,0.0,11.44,115.48638
83.05182,59.505047,0.0,0,0.0,0.09399855386840203,26,0.0,0,0,0,3.45,13.68,1042.3,0,12.96,0.0,12.530000000000001,0.0,13.68,506.59034
74.76649,45.983564,2.67,0,9.2649,0.11206709565468874,31,0.0,0,0,0,3.47,10.14,1041.4,0,14.4,0.0,9.85,0.0,10.7,1437.5185
68.216158,33.120046,111.25,0,687.525,0.1467797945082877,41,0.0,0,0,0,6.18,11.11,1041.2,0,9.0,0.0,9.516666666666667,0.0,11.75,2222.6927
64.043501,22.415204,263.44,0,2500.0456,0.14152278516841213,40,0.0,0,0,0,9.49,10.7,1040.0,0,6.12,0.0,8.26,0.0,11.46,2533.2102
62.732777,18.108999,384.48,0,4790.620800000001,0.12604600679247926,36,0.0,0,0,0,12.46,5.32,1038.8,0,6.12,0.0,4.680000000000001,0.0,5.32,2627.5657
64.47128,23.715326,462.8,0,6627.296,0.093922844122865,27,0.0,0,0,0,14.32,7.59,1032.5,0,7.92,0.0,7.116666666666666,0.0,6.88,2554.7255
69.0196,34.919123,487.72,0,7345.0632000000005,0.09021199819576005,26,0.0,0,0,0,15.06,8.21,1034.2,0,6.48,0.0,7.766666666666667,0.0,7.99,2281.9892
75.853518,47.925942,456.57,0,6789.1959,0.09027150892299146,26,0.0,0,0,0,14.87,16.22,1033.3,0,13.68,0.0,15.246666666666664,0.0,15.48,1107.7147
84.245064,61.372756,374.69,0,5054.5681,0.11512698855707508,33,0.0,0,0,0,13.49,10.08,1034.9,0,11.16,0.0,9.613333333333333,0.0,9.73,130.56522
82.999117,59.576432,0.0,0,0.0,0.28469231330754075,78,0.0,0,0,0,0.83,12.82,1035.4,0,14.76,0.0,10.356666666666667,0.0,10.66,33.746162
74.690298,46.031062,2.67,0,3.7914,0.2950067378082092,81,76.0,76,0,76,1.42,14.11,1034.2,0,15.12,0.0,10.32,0.0,9.78,335.80854
68.117352,33.140946,113.03,0,592.2772,0.25503789647616654,71,43.0,43,0,43,5.24,17.11,1033.7,0,14.76,0.0,11.200000000000001,0.0,9.5,2133.7886
63.923728,22.385128,262.55,0,2016.384,0.2421393725741552,68,23.0,23,0,23,7.68,13.34,1035.0,0,16.2,0.0,12.729999999999999,0.0,12.61,2506.0048
62.578322,17.952533,375.58,0,3064.7327999999998,0.2417262095197469,68,2.0,2,2,0,8.16,16.33,1033.3,0,20.88,0.0,15.6,0.0,15.19,2555.6055
64.301741,23.542523,450.34,0,3899.9444,0.23774883786948653,67,57.0,67,10,57,8.66,22.35,1033.3,0,23.4,0.0,21.21666666666667,0.0,20.87,2361.4471
68.842473,34.769401,468.14,0,4152.4018,0.2517551946670449,71,34.0,37,3,34,8.87,20.01,1034.2,0,22.68,0.0,19.28,0.0,18.94,2239.379
75.675693,47.798229,441.44,0,3977.3743999999997,0.2480861922313581,70,1.0,1,0,1,9.01,13.08,1033.6,0,14.4,0.0,12.829999999999998,0.0,12.73,1209.1943
84.074051,61.265693,365.79,0,3321.3732,0.24448145129858628,69,0.0,0,0,0,9.08,16.33,1031.9,0,16.56,0.0,15.483333333333334,0.0,14.84,116.31498
82.939972,59.64523,0.0,0,-0.0,0.34063438575928506,93,0.0,0,0,0,-0.13,32.5,1036.2,0,24.84,0.0,23.24,0.0,21.99,503.15395
74.60728,46.075248,2.67,0,-0.534,0.34438541857483057,94,0.0,0,0,0,-0.2,34.99,1036.6,0,25.56,0.0,25.626666666666665,0.0,23.8,1400.0511
68.007658,33.146766,107.69,0,313.3779,0.30428167789610955,84,0.0,0,0,0,2.91,29.22,1036.0,0,24.84,0.0,23.903333333333332,0.0,23.41,2166.6904
63.776773,22.289876,255.43,0,1519.8085,0.26155499820852746,73,0.0,0,0,0,5.95,27.4,1034.2,0,21.6,0.0,24.02333333333333,0.0,23.42,2542.4739
62.419861,17.800296,374.69,0,3087.4456,0.22744233981307083,64,0.0,0,0,0,8.24,24.61,1032.7,0,19.8,0.0,22.213333333333335,0.0,21.75,2677.5709
64.125882,23.366081,457.46,0,4702.6888,0.15524115301838198,44,0.0,0,0,0,10.28,16.1,1029.3,0,9.72,0.0,14.780000000000001,0.0,14.26,2607.0784
68.659827,34.618664,480.6,0,5166.45,0.1585065163790067,45,0.0,0,0,0,10.75,19.59,1029.1,0,14.4,0.0,17.80333333333333,0.0,17.08,2304.9839
75.493205,47.670941,450.34,0,4787.1142,0.15504968637677075,44,0.0,0,0,0,10.63,25.23,1028.7,0,18.72,0.0,22.47,0.0,20.87,1244.6791
83.898968,61.159809,371.13,0,3607.3836,0.16968925654894473,48,0.0,0,0,0,9.72,26.83,1029.1,0,20.88,0.0,23.53333333333333,0.0,21.67,135.79522
82.874387,59.711404,0.0,0,-0.0,0.24616062899551772,67,0.0,0,0,0,-0.97,24.97,1029.2,0,28.08,0.0,18.023333333333333,0.0,15.78,445.91228
74.517462,46.116121,2.67,0,-2.9904,0.26835275521082236,73,0.0,0,0,0,-1.12,26.21,1030.2,0,27.36,0.0,18.766666666666666,0.0,15.58,1353.1714
67.890934,33.148459,110.36,0,281.418,0.22850924918389554,63,0.0,0,0,0,2.55,25.28,1029.0,0,31.32,0.0,16.093333333333334,0.0,10.69,2127.6647
63.632764,22.219137,260.77,0,1942.7365,0.18531717747683538,52,0.0,0,0,0,7.45,17.32,1026.1,0,24.12,0.0,13.420000000000002,0.0,10.38,2437.0792
62.253394,17.637551,380.03,0,4096.7234,0.1338358045997253,38,0.0,0,0,0,10.78,26.41,1024.3,0,32.04,0.0,22.926666666666666,0.0,21.05,2568.2777
63.943789,23.18615,453.01,0,5712.456099999999,0.10848264277715566,31,0.0,0,0,0,12.61,26.05,1023.7,0,32.76,0.0,23.58,0.0,22.38,2350.5334
68.471763,34.467074,477.04,0,6044.0968,0.11195857532712897,32,0.0,0,0,0,12.67,26.9,1023.2,0,32.76,0.0,24.13333333333333,0.0,22.8,968.71618
75.306158,47.544217,452.12,0,5683.1484,0.11899762004759906,34,35.0,37,0,35,12.57,25.42,1022.4,2,31.68,0.0,22.766666666666666,0.0,21.66,233.24195
83.719925,61.055217,373.8,0,4519.242,0.12971532744355632,37,95.0,121,0,95,12.09,25.7,1022.3,26,31.32,0.0,22.853333333333335,0.0,21.32,40.214319
82.802362,59.774919,0.0,0,0.0,0.3503828926455715,97,100.0,100,100,0,3.69,16.8,1027.4,0,15.84,0.1,13.156666666666666,0.1,12.23,480.82352
74.420858,46.153679,2.67,0,8.0901,0.35484104569483677,98,100.0,100,100,0,3.03,12.39,1027.7,0,21.6,0.1,9.056666666666667,0.1,6.99,1400.3916
67.767205,33.14606,108.58,0,534.2135999999999,0.2948897759556946,82,100.0,100,100,0,4.92,6.29,1027.1,0,19.44,0.0,5.640000000000001,0.0,4.83,2190.3046
63.481713,22.143084,258.1,0,1530.5330000000001,0.2723233481439014,76,40.0,40,40,0,5.93,3.26,1027.6,0,18.0,0.0,3.16,0.0,2.9,2537.5603
62.079493,17.466135,381.81,0,2779.5768000000003,0.24605070784152913,69,47.0,47,47,0,7.28,2.81,1026.3,0,16.2,0.0,2.6533333333333333,0.0,2.55,2689.5167
63.755529,23.002835,457.46,0,4322.996999999999,0.23000707714083513,65,4.0,4,4,0,9.45,3.67,1025.4,0,14.04,0.0,3.7566666666666664,0.0,3.62,2590.2565
68.278362,34.314784,412.07,0,4190.7519,0.21883382747423408,62,29.0,29,29,0,10.17,3.4,1024.3,0,13.68,0.0,2.92,0.0,2.81,2268.1099
75.101325,47.393687,355.11,0,3863.5968000000003,0.20420378129070874,58,10.0,10,10,0,10.88,6.13,1023.6,0,15.84,0.0,5.6499999999999995,0.0,5.41,1249.0877
83.537027,60.952041,284.8,0,3141.344,0.20761489196987828,59,100.0,100,100,0,11.03,6.64,1022.8,0,15.84,0.0,6.123333333333334,0.0,6.11,143.9723
120.23022,106.69672,225.17,0,2449.8496,0.21124529099038836,60,83.0,83,83,0,10.88,8.05,1022.6,0,16.2,0.0,7.586666666666667,0.0,7.64,16.101307
82.723909,59.83574,0.0,0,0.0,0.33949039935752356,93,1.0,1,1,0,0.79,35.6,1020.6,0,34.92,0.0,26.24666666666667,0.0,22.96,491.01385
74.317509,46.187931,3.56,0,9.291599999999999,0.32999709892660284,91,8.0,9,1,8,2.61,37.54,1019.1,0,33.84,0.0,28.98,0.0,26.18,589.7025
67.636531,33.139627,121.04,0,706.8736,0.2759955553962508,77,36.0,37,1,36,5.84,41.38,1018.4,0,40.68,0.0,34.81333333333333,0.0,32.57,1522.622
63.323701,22.061843,268.78,0,1902.9624,0.25336330871070195,71,0.0,0,0,0,7.08,39.03,1017.3,0,42.48,0.0,33.99666666666667,0.0,32.04,690.96898
61.898913,17.288684,386.26,0,3287.0726,0.22722431300149118,64,13.0,35,0,13,8.51,36.75,1015.3,22,42.84,0.0,32.79333333333333,0.0,31.06,291.16097
63.56121,22.816323,389.82,0,3492.7872,0.19495941299493108,55,100.0,200,0,100,8.96,33.35,1015.2,100,42.12,0.0,30.256666666666664,0.0,29.02,177.40503
68.07974,34.161975,395.16,0,3623.6172,0.18773023519410598,53,100.0,200,0,100,9.17,34.25,1013.9,100,43.92,0.0,31.073333333333334,0.0,29.7,156.05012
74.918788,47.29302,186.9,0,1308.3,0.24629662680706765,69,100.0,200,0,100,7.0,37.75,1013.6,100,45.0,0.0,32.65,0.0,30.81,123.7152
83.273945,60.736301,107.69,0,754.9069,0.2641347801256425,74,100.0,200,0,100,7.01,36.89,1013.3,100,45.36,0.0,31.833333333333332,0.0,29.95,17.422826
82.715518,60.008276,0.0,0,-0.0,0.34687626849699255,94,56.0,56,56,0,-2.16,41.56,1016.2,0,35.28,0.0,36.13,0.0,35.57,162.85673
74.207441,46.218879,3.56,0,-12.139600000000002,0.3596055460814118,97,3.0,3,3,0,-3.41,33.65,1016.9,0,28.44,0.0,28.336666666666662,0.0,28.02,1416.8051
67.498954,33.129206,118.37,0,-67.4709,0.275148580233326,75,0.0,0,0,0,-0.57,26.76,1017.2,0,27.0,0.0,25.80666666666667,0.0,25.73,1549.9781
63.12744,21.879876,271.45,0,418.033,0.22570898103316467,62,0.0,0,0,0,1.54,23.68,1016.2,0,25.2,0.0,23.286666666666665,0.0,23.27,1717.2196
61.711725,17.105247,392.49,0,1087.1973,0.20658161786024937,57,12.0,12,0,12,2.77,27.04,1015.7,0,32.4,0.0,26.433333333333334,0.0,26.3,1463.1401
63.360918,22.626764,299.93,0,557.8698,0.25089996727391733,69,10.0,10,10,0,1.86,43.33,1016.5,0,45.36,0.0,42.23333333333333,0.0,41.04,774.13052
67.875998,34.00882,469.92,0,1278.1824000000001,0.22836843440751078,63,10.0,10,10,0,2.72,44.83,1016.0,0,46.08,0.0,43.629999999999995,0.0,42.53,202.27496
74.718691,47.168844,379.14,0,993.3468,0.2465822968415709,68,2.0,2,2,0,2.62,43.66,1016.3,0,45.0,0.0,42.28333333333334,0.0,40.95,332.33587
83.160134,60.750413,386.26,0,965.65,0.264828586976238,73,100.0,146,100,46,2.5,42.55,1017.1,0,43.92,0.0,41.17666666666667,0.0,39.84,177.91597
82.557387,59.962798,0.0,0,-0.0,0.30619865571321886,82,0.0,0,0,0,-5.35,26.49,1028.9,0,18.72,0.0,19.816666666666666,0.0,17.02,553.33489
74.090688,46.24653,3.56,0,-17.5152,0.31316407560675547,84,0.0,0,0,0,-4.92,25.68,1028.8,0,19.08,0.0,19.223333333333333,0.0,17.16,1457.4705
67.354523,33.114848,119.26,0,-200.3568,0.2762736213946293,75,0.0,0,0,0,-1.68,19.8,1028.2,0,17.64,0.0,16.393333333333334,0.0,15.38,2219.2605
62.98702,21.884109,272.34,0,354.042,0.22226270723264713,61,0.3,1,0,0,1.3,18.51,1026.6,1,21.24,0.0,18.573333333333334,0.0,19.01,2595.2027
61.518011,16.915904,398.72,0,933.0048,0.21416385349740466,59,0.3,1,0,0,2.34,20.95,1025.8,1,22.32,0.0,20.62,0.0,20.14,2724.477
63.15475,22.434327,478.82,0,2154.69,0.1116513596254277,31,0.0,0,0,0,4.5,7.9,1024.7,0,11.88,0.0,7.596666666666667,0.0,7.1,2668.6514
67.667245,33.855504,504.63,0,2629.1223,0.09699669492743211,27,0.0,0,0,0,5.21,7.42,1023.4,0,12.6,0.0,7.113333333333333,0.0,6.29,2415.1739
74.514472,47.045819,477.93,0,2676.408,0.09327354260089686,26,61.0,69,0,61,5.6,7.57,1022.8,8,13.32,0.0,7.489999999999999,0.0,6.85,1160.2291
82.966378,60.652214,394.27,0,2200.0266,0.09686793671294802,27,100.0,100,0,100,5.58,9.11,1022.2,0,14.4,0.0,8.839999999999998,0.0,8.4,127.90982
82.296286,59.77182,0.0,0,-0.0,0.3269414444199545,89,100.0,200,100,100,-0.93,53.02,1014.9,0,41.04,0.2,48.873333333333335,0.2,46.8,7.6198024
73.967285,46.270887,2.67,0,-1.7088,0.32292392939708636,88,100.0,200,100,100,-0.64,52.6,1014.1,0,51.12,0.2,48.25333333333333,0.2,45.72,164.66754
67.218269,33.127877,68.53,0,23.300200000000004,0.30714102892244693,84,100.0,144,100,44,0.34,51.84,1014.5,0,37.44,0.2,49.080000000000005,0.2,47.16,315.74279
62.808486,21.787798,187.79,0,191.54579999999999,0.29178976547397606,80,100.0,100,100,0,1.02,50.77,1013.8,0,42.12,0.1,48.723333333333336,0.1,47.16,316.44196
61.320051,16.729554,295.48,0,478.67760000000004,0.28023437784328714,77,100.0,100,100,0,1.62,48.99,1012.5,0,41.04,0.1,47.416666666666664,0.1,46.45,870.24529
62.942805,22.239193,205.59,0,250.8198,0.28064292743375735,77,100.0,100,100,0,1.22,47.47,1012.7,0,40.32,0.0,45.82999999999999,0.0,45.01,902.17283
67.453595,33.702217,382.7,0,696.514,0.2763937884132815,76,60.0,60,60,0,1.82,44.46,1012.5,0,39.24,0.0,43.046666666666674,0.0,42.34,357.74893
74.30625,46.924101,373.8,0,934.5,0.27571195356430256,76,100.0,100,100,0,2.5,41.84,1012.0,0,38.88,0.0,40.653333333333336,0.0,40.06,125.95566
82.76925,60.555932,201.14,0,368.08619999999996,0.29456687759109756,81,100.0,100,100,0,1.83,40.16,1010.4,0,35.28,0.0,38.62,0.0,38.05,25.226724
72.675565,44.277769,4.45,0,-15.9755,0.3487164267695504,94,94.0,94,94,0,-3.59,55.5,1015.8,0,56.88,0.0,49.06,0.0,46.01,0.060569106
67.045387,33.074579,121.04,0,-372.8032,0.3480579109119858,94,100.0,100,100,0,-3.08,47.93,1017.7,0,55.8,0.07,43.98333333333333,0.0,41.84,19.060523
62.62334,21.686838,225.17,0,-490.8706,0.33952098018230803,92,88.0,88,88,0,-2.18,49.64,1017.0,0,57.24,0.07,47.20666666666667,0.0,45.65,155.21215
61.111442,16.52021,308.83,0,-370.59599999999995,0.29049457620886193,79,10.0,10,10,0,-1.2,52.53,1016.2,0,58.32,0.0,49.81333333333333,0.0,48.36,1137.9982
62.72528,22.041724,472.59,0,23.6295,0.24890190336749635,68,10.0,10,10,0,0.05,42.92,1016.3,0,51.84,0.0,41.050000000000004,0.0,39.85,2176.6919
67.235237,33.549205,496.62,0,402.2622,0.23361074609432037,64,10.0,10,10,0,0.81,41.9,1015.9,0,49.32,0.0,40.0,0.0,38.71,2204.0698
74.094203,46.803868,467.25,0,602.7525,0.22591458970995482,62,10.0,10,10,0,1.29,39.05,1016.0,0,44.28,0.0,37.163333333333334,0.0,36.08,1544.6314
82.568901,60.461693,374.69,0,565.7819,0.23301536445059348,64,10.0,10,10,0,1.51,36.97,1015.3,0,42.84,0.0,35.02333333333333,0.0,34.11,226.21317
82.312955,60.213583,0.0,0,-0.0,0.33554572271386435,91,100.0,100,100,0,-1.95,12.96,1013.5,0,12.96,0.0,10.073333333333332,0.0,8.67,480.20512
73.700679,46.309746,2.67,0,-3.3108,0.2905373101393844,79,100.0,100,100,0,-1.24,18.36,1012.5,0,15.48,0.0,14.476666666666667,0.0,12.57,568.66697
66.880642,33.048672,48.06,0,-105.2514,0.3173900206672572,86,100.0,100,100,0,-2.19,13.08,1013.8,0,14.76,0.07,13.223333333333334,0.0,11.9,639.75016
62.43138,21.580768,105.02,0,-194.287,0.3169922594913381,86,100.0,100,100,0,-1.85,13.28,1013.6,0,14.04,0.38,13.203333333333333,0.1,12.5,705.53718
60.898566,16.313284,168.21,0,-144.66060000000002,0.31951228469646337,87,100.0,100,100,0,-0.86,18.4,1012.3,0,18.0,0.52,17.929999999999996,0.1,17.91,709.37222
62.502006,21.841608,217.16,0,186.7576,0.2956096492828729,81,100.0,117,100,17,0.86,11.38,1010.6,0,16.56,0.27,11.093333333333334,0.2,10.88,595.21168
67.012071,33.396534,416.52,0,758.0664,0.2763937884132815,76,100.0,110,100,10,1.82,12.48,1010.2,0,15.84,0.1,12.823333333333332,0.1,12.23,288.75358
73.878297,46.68524,311.5,0,710.2199999999999,0.2831935519006645,78,100.0,100,100,0,2.28,17.85,1009.6,0,18.72,0.0,17.523333333333337,0.0,17.34,120.28781
82.235384,60.174983,338.2,0,716.984,0.29425654811639484,81,100.0,147,100,47,2.12,20.87,1010.5,0,23.4,0.0,20.706666666666667,0.0,20.07,54.593671
119.3571,107.16705,210.93,0,485.13899999999995,0.3085859502632057,85,100.0,153,100,53,2.3,26.64,1010.1,0,27.72,0.14,25.959999999999997,0.0,25.5,10.725232
82.118766,60.142185,0.0,0,-0.0,0.35715614420179326,96,19.0,19,19,0,-4.36,28.28,1017.1,0,26.28,0.0,22.956666666666667,0.0,20.63,176.33224
74.66776,48.078984,5.34,0,-20.559,0.337913108057928,91,13.0,13,13,0,-3.85,33.34,1016.6,0,31.32,0.0,26.37,0.0,22.37,555.61982
60.815986,16.671723,309.72,0,365.4696,0.29161958225494844,80,2.0,2,2,0,1.18,43.24,1013.9,0,45.72,0.0,41.64666666666667,0.0,40.45,487.8004
62.273365,21.639563,169.99,0,217.58720000000002,0.30608898444047666,84,100.0,106,100,6,1.28,47.38,1011.0,0,45.36,0.6499999999999999,44.25666666666667,0.3,42.38,769.56467
66.784438,33.244549,202.03,0,478.8111,0.2976190476190476,82,100.0,165,100,65,2.37,52.6,1010.2,0,49.68,0.5800000000000001,49.93333333333334,0.3,48.5,411.2987
73.658816,46.568426,234.96,0,533.3592,0.28683465253068047,79,100.0,166,100,66,2.27,50.26,1010.6,0,49.68,0.54,47.449999999999996,0.4,46.08,435.15191
79.484072,56.223037,136.17,0,232.85069999999996,0.2874190496980281,79,100.0,171,100,71,1.71,46.98,1010.5,0,52.2,0.54,43.65666666666666,0.4,42.05,46.973611
73.407935,46.335509,5.34,0,-10.306199999999999,0.3392080230071529,92,100.0,100,100,0,-1.93,48.77,1017.1,0,51.84,0.4,44.18000000000001,0.4,42.02,0.88722222
66.531452,32.985843,115.7,0,-106.444,0.3195827058002425,87,100.0,100,100,0,-0.92,45.22,1018.8,0,48.6,0.3,42.156666666666666,0.3,40.76,38.837352
62.028042,21.355186,258.1,0,7.743,0.31115015740537383,85,82.0,82,82,0,0.03,43.15,1018.7,0,46.08,0.0,41.21666666666666,0.0,39.89,43.892087
60.454572,15.883609,366.68,0,363.0132,0.3100605530021157,85,70.0,70,70,0,0.99,43.06,1018.2,0,45.72,0.0,41.31666666666666,0.0,40.13,68.468864
62.039372,21.435635,267.0,0,475.26,0.2691594223984287,74,100.0,100,100,0,1.78,44.52,1017.7,0,48.24,0.0,42.693333333333335,0.0,42.24,44.855
66.552385,33.093417,250.09,0,545.1962000000001,0.2687683870264773,74,100.0,100,100,0,2.18,44.65,1018.3,0,48.6,0.0,42.38,0.0,41.59,26.84328
73.435836,46.453577,195.8,0,516.912,0.2610682040683129,72,100.0,110,100,10,2.64,43.58,1018.5,0,45.36,0.0,41.06666666666666,0.0,40.32,21.373333
81.949616,60.192626,169.1,0,461.643,0.26460780049296795,73,73.0,83,73,10,2.73,44.28,1018.1,0,43.2,0.0,41.163333333333334,0.0,39.96,9.8601908
81.866205,60.221244,0.0,0,-0.0,0.3479419603198105,94,100.0,100,100,0,-2.99,16.92,1027.7,0,32.4,0.07,16.163333333333334,0.0,15.99,39.840833
73.251867,46.343508,4.45,0,-14.5515,0.35571365051133835,96,100.0,100,100,0,-3.27,15.39,1028.5,0,24.84,0.0,14.969999999999999,0.0,14.76,193.89462
66.347052,32.94899,103.24,0,-270.48879999999997,0.33268029423723805,90,100.0,100,100,0,-2.62,14.59,1029.9,0,23.76,0.0,14.186666666666667,0.0,13.56,674.70417
61.832247,21.285403,270.56,0,-340.9056,0.3052705138107323,83,100.0,100,100,0,-1.26,18.51,1029.4,0,29.88,0.0,18.246666666666666,0.0,17.55,1512.4509
60.223538,15.660676,405.84,0,-52.7592,0.2893560911288551,79,78.0,78,78,0,-0.13,24.65,1029.2,0,29.52,0.0,24.11,0.0,23.85,2386.7665
61.800135,21.230043,473.48,0,1103.2084,0.23232176564541893,64,10.0,10,10,0,2.33,21.53,1027.9,0,26.28,0.0,21.183333333333334,0.0,20.39,1902.4103
66.316032,32.943347,488.61,0,1524.4632000000001,0.21355919933398487,59,0.0,0,0,0,3.12,22.55,1027.2,0,25.2,0.0,22.17,0.0,21.41,1494.7838
73.20948,46.340854,499.29,0,1757.5008,0.19517837134492358,54,0.0,0,0,0,3.52,22.45,1027.0,0,23.76,0.0,21.95,0.0,21.22,507.36284
81.737581,60.107916,420.97,0,1507.0726000000002,0.19513605319264268,54,0.0,0,0,0,3.58,22.96,1027.0,0,27.0,0.0,22.419999999999998,0.0,21.79,112.26474
118.85498,107.42,299.93,0,950.7781,0.2026635784597568,56,0.0,0,0,0,3.17,23.54,1026.9,0,27.72,0.0,22.526666666666667,0.0,22.03,26.661348
81.730486,60.256318,0.0,0,-0.0,0.25158163454067856,68,9.0,9,0,9,-2.86,13.44,1032.4,0,20.88,0.0,7.913333333333334,0.0,4.9,480.965
73.089398,46.348278,8.01,0,-22.3479,0.2589140405385412,70,70.0,70,0,70,-2.79,12.66,1032.2,0,20.88,0.0,7.753333333333333,0.0,4.74,1610.4259
66.156198,32.908601,140.62,0,-67.4976,0.22738108336083915,62,0.0,0,0,0,-0.48,11.53,1031.9,0,24.48,0.0,9.963333333333333,0.0,8.64,2332.3159
61.59907,21.111896,291.03,0,250.28579999999997,0.19707309952191526,54,0.0,0,0,0,0.86,15.73,1032.8,0,28.44,0.0,15.256666666666666,0.0,14.41,2664.7049
59.986603,15.432475,412.07,0,1079.6234,0.16317946114515722,45,0.0,0,0,0,2.62,18.92,1031.7,0,34.92,0.0,18.64,0.0,18.33,2899.872
61.555764,21.023016,502.85,0,1941.001,0.1696689650193134,47,0.0,0,0,0,3.86,22.91,1031.0,0,30.6,0.0,21.16333333333333,0.0,19.97,2822.5761
66.05026,32.737846,526.88,0,2644.9375999999997,0.158176654563756,44,0.0,0,0,0,5.02,24.2,1030.6,0,30.96,0.0,22.19333333333333,0.0,20.95,2520.3628
72.979873,46.230416,494.84,0,2830.4847999999997,0.1577796105712339,44,0.0,0,0,0,5.72,24.65,1030.7,0,33.84,0.0,22.01,0.0,19.97,1566.4214
81.522951,60.025904,414.74,0,2355.7232,0.1721479037406305,48,0.0,0,0,0,5.68,23.02,1029.7,0,31.32,0.0,20.94333333333333,0.0,20.14,232.96167
118.67814,107.50654,295.48,0,1518.7672,0.19763556002730967,55,0.0,0,0,0,5.14,20.95,1030.0,0,29.16,0.0,18.48333333333333,0.0,17.65,34.047386
81.588518,60.288403,0.0,0,-0.0,0.35546339837819824,96,100.0,100,100,0,-3.08,7.42,1035.7,0,6.48,0.0,5.953333333333333,0.0,5.04,451.43028
72.920584,46.349846,8.01,0,-31.238999999999997,0.3714020427112349,100,49.0,49,49,0,-3.9,6.16,1036.9,0,5.76,0.0,5.586666666666667,0.0,5.86,457.51195
65.958959,32.864753,141.51,0,-205.18949999999998,0.2760397497239603,75,25.0,32,7,25,-1.45,8.53,1036.7,0,11.88,0.0,7.6433333333333335,0.0,6.61,2283.9918
61.37517,20.983902,299.04,0,269.136,0.1824484583105273,50,1.0,1,0,1,0.9,11.17,1035.2,0,20.52,0.0,10.883333333333333,0.0,10.37,2709.7533
59.743863,15.19911,423.64,0,1037.9180000000001,0.15965166908563136,44,0.0,0,0,0,2.45,15.51,1034.6,0,26.28,0.0,15.113333333333332,0.0,14.37,2898.309
61.306367,20.814784,489.5,0,1962.895,0.162361091066532,45,93.0,105,0,93,4.01,20.18,1033.4,12,29.16,0.0,19.536666666666665,0.0,18.95,2839.5309
65.830907,32.647237,530.44,0,2620.3736000000004,0.14383832572188862,40,0.3,1,0,0,4.94,22.45,1032.5,1,29.16,0.0,21.453333333333333,0.0,20.78,2517.6672
72.749556,46.126298,506.41,0,2835.896,0.13632286995515694,38,1.2,4,0,0,5.6,23.0,1032.2,4,31.68,0.0,22.223333333333333,0.0,21.66,1643.3694
81.381671,60.063468,429.87,0,2458.8564,0.136264209129702,38,1.2,4,0,0,5.72,24.72,1031.7,4,31.68,0.0,23.373333333333335,0.0,22.7,240.32569
118.49663,107.59409,312.39,0,1633.7997,0.14368848336805806,40,0.6,2,0,0,5.23,23.75,1030.9,2,30.96,0.0,21.80666666666667,0.0,21.05,12.823696
81.440343,60.317494,0.0,0,0.0,0.12437355964443794,34,0.0,0,0,0,0.22,15.48,1031.9,0,27.72,0.0,12.396666666666667,0.0,10.18,622.10833
72.745483,46.348249,8.01,0,5.0463,0.13514500693987874,37,0.0,0,0,0,0.63,14.04,1032.3,0,27.36,0.0,11.520000000000001,0.0,9.78,1555.0839
65.755409,32.817529,135.28,0,454.5408,0.1265777006256555,35,0.0,0,0,0,3.36,12.96,1032.1,0,25.92,0.0,9.843333333333332,0.0,6.88,2207.8295
61.145105,20.851847,290.14,0,1352.0524,0.11158705590151542,31,0.0,0,0,0,4.66,12.25,1032.2,0,25.92,0.0,11.423333333333334,0.0,10.14,2033.3861
59.495415,14.96069,419.19,0,2389.3830000000003,0.11117088040164964,31,2.0,2,0,2,5.7,13.49,1031.4,0,24.12,0.0,13.376666666666667,0.0,13.01,1495.0268
61.052056,20.605587,495.73,0,3356.0921,0.18219491283223782,51,0.0,0,0,0,6.77,16.92,1030.7,0,20.88,0.0,15.733333333333334,0.0,15.5,1601.2917
65.582372,32.501613,524.21,0,3968.2697000000003,0.1816756910800798,51,0.0,0,0,0,7.57,18.36,1030.4,0,23.04,0.0,17.423333333333332,0.0,17.31,1587.797
72.511392,46.017,498.4,0,3937.36,0.17434620174346205,49,0.0,0,0,0,7.9,18.45,1030.5,0,24.48,0.0,17.613333333333333,0.0,17.37,900.9568
81.086397,59.870431,421.86,0,3210.3546,0.1852115685995156,52,0.0,0,0,0,7.61,18.89,1029.5,0,24.48,0.0,17.44666666666667,0.0,16.39,175.41141
118.31051,107.68261,302.6,0,2069.784,0.19643558698524952,55,0.3,1,0,0,6.84,19.71,1030.3,1,24.12,0.0,17.28,0.0,16.45,25.198679
81.28601,60.343597,0.0,0,-0.0,0.355402484153446,97,70.0,115,70,2,-0.22,14.83,1032.8,43,21.6,0.0,8.116666666666667,0.0,9.16,65.334722
72.564164,46.343532,8.9,0,3.5600000000000005,0.3436300493511242,94,100.0,180,100,12,0.4,11.09,1033.1,68,20.52,0.0,6.446666666666666,0.0,6.95,128.55614
65.545625,32.767024,133.5,0,262.995,0.319860424542018,88,100.0,152,100,1,1.97,6.7,1032.9,51,14.76,0.0,5.483333333333333,0.0,3.89,213.53037
60.908964,20.715871,302.6,0,1116.594,0.28175119202427396,78,7.0,24,7,3,3.69,10.01,1032.0,14,18.72,0.0,9.51,0.0,8.29,529.23609
59.241358,14.717325,427.2,0,2285.52,0.25493716337522443,71,0.9,3,0,0,5.35,12.98,1031.2,3,18.0,0.0,12.643333333333333,0.0,12.18,801.21361
60.792939,20.395668,501.07,0,3622.7361,0.23182823311220488,65,0.3,1,0,0,7.23,17.71,1030.5,1,24.12,0.0,16.75,0.0,15.94,1120.3043
65.330014,32.357883,525.99,0,4213.1799,0.22762839664248116,64,0.3,1,0,0,8.01,20.14,1029.9,1,24.12,0.0,18.84,0.0,17.92,522.36722
72.272754,45.91431,499.29,0,4069.2135000000003,0.2275151084251689,64,0.0,0,0,0,8.15,23.73,1030.1,0,25.56,0.0,22.040000000000003,0.0,20.86,694.42378
80.864708,59.797177,422.75,0,3267.8575,0.23141555112503562,65,0.0,0,0,0,7.73,22.35,1028.8,0,23.4,0.0,20.953333333333333,0.0,20.08,197.23395
118.11981,107.77202,304.38,0,2124.5724,0.2463142112590583,69,0.0,0,0,0,6.98,22.42,1028.6,0,21.6,0.0,20.74,0.0,19.92,29.081699
81.125573,60.366723,0.0,0,-0.0,0.3578807556080284,97,12.0,12,12,0,-2.11,2.41,1031.0,0,3.6,0.0,4.343333333333334,0.0,5.94,600.64111
72.376696,46.335747,9.79,0,-16.9367,0.33527374548669964,91,3.0,3,3,0,-1.73,5.69,1030.6,0,5.4,0.0,5.69,0.0,7.17,1563.6986
65.32969,32.713338,147.74,0,304.3444,0.2725191671814251,75,0.0,0,0,0,2.06,8.91,1030.4,0,16.2,0.0,8.116666666666667,0.0,8.71,2254.5837
60.666838,20.576122,307.94,0,1382.6506000000002,0.22691254862411758,63,0.0,0,0,0,4.49,13.32,1029.2,0,19.44,0.0,12.973333333333334,0.0,12.98,2634.1726
58.981793,14.469131,435.21,0,2489.4012,0.1828809122530211,51,0.0,0,0,0,5.72,15.14,1028.1,0,21.96,0.0,14.773333333333333,0.0,14.4,2805.2676
60.529128,20.185275,515.31,0,3328.9025999999994,0.228890239977111,64,0.0,0,0,0,6.46,16.1,1027.4,0,22.68,0.0,15.49,0.0,15.04,2768.1883
65.073948,32.216246,542.9,0,4180.33,0.1780309773900659,50,0.0,0,0,0,7.7,16.77,1026.4,0,21.6,0.0,15.980000000000002,0.0,15.63,2471.2245
72.03134,45.814478,512.64,0,4326.6816,0.17401186121666254,49,0.0,0,0,0,8.44,17.73,1025.7,0,19.8,0.0,16.83,0.0,16.24,1233.002
80.640895,59.727037,432.54,0,3568.4550000000004,0.1883439943141436,53,0.3,1,0,0,8.25,21.9,1025.1,1,24.48,0.0,20.64,0.0,20.01,279.1891
117.92459,107.86229,313.28,0,2387.1935999999996,0.20657477650746164,58,0.0,0,0,0,7.62,24.03,1025.0,0,24.48,0.0,21.856666666666666,0.0,20.77,44.6431
80.959094,60.386895,0.0,0,0.0,0.32181081862886896,89,100.0,248,100,72,3.41,28.69,1021.2,76,26.64,0.0,22.38,0.0,20.33,469.03596
72.180929,46.319282,8.01,0,39.168899999999994,0.28053517479499357,78,100.0,103,100,0,4.89,30.96,1019.7,3,33.12,0.0,25.073333333333334,0.0,23.07,1433.8985
65.10769,32.656581,67.64,0,406.5164,0.2543344318670297,71,100.0,103,100,0,6.01,31.77,1019.0,3,42.48,0.0,26.933333333333334,0.0,24.49,1932.6989
60.418821,20.432759,135.28,0,957.7824,0.20340434642971847,57,100.0,104,100,0,7.08,33.4,1018.0,4,39.24,0.0,29.043333333333333,0.0,26.49,1754.4959
58.716822,14.216229,358.67,0,3009.2413,0.16693897847552747,47,91.0,99,91,0,8.39,38.55,1016.6,8,44.28,0.0,33.61666666666667,0.0,30.85,612.54616
60.260732,19.974663,497.51,0,4865.6478,0.14491216908776025,41,6.3,21,0,0,9.78,37.36,1014.7,21,41.76,0.0,34.24666666666667,0.0,33.82,115.7372
64.814288,32.0769,523.32,0,5662.322400000001,0.19016093249286897,54,35.0,63,35,0,10.82,40.26,1013.4,28,46.44,0.0,36.873333333333335,0.0,36.71,209.28936
71.787259,45.717632,435.21,0,4996.2108,0.20377331974844534,58,20.0,48,0,20,11.48,45.09,1012.0,28,51.84,0.0,40.96,0.0,40.43,178.17393
80.415065,59.660096,424.53,0,4839.642,0.23545949745211742,67,37.0,70,3,37,11.4,53.75,1011.0,30,56.16,0.0,48.156666666666666,0.0,47.33,240.54478
128.41537,121.4087,292.81,0,3054.0083,0.26447563297834825,75,16.0,46,6,16,10.43,59.37,1010.4,24,61.56,0.0,52.193333333333335,0.0,51.15,3.9839181
80.786641,60.40414,0.0,0,0.0,0.3114038227503758,87,100.0,114,100,0,6.23,59.57,1003.4,14,69.48,0.0,49.339999999999996,0.0,44.72,212.73694
71.983628,46.311223,11.57,0,75.205,0.30395136778115506,85,100.0,117,100,0,6.5,60.97,1003.0,17,71.28,0.0,50.900000000000006,0.0,46.27,928.17262
64.879712,32.596869,131.72,0,957.6043999999999,0.28528635618001574,80,100.0,107,100,0,7.27,63.64,1002.8,7,72.36,0.0,53.36666666666667,0.0,48.8,814.1026
60.165007,20.285948,251.87,0,2030.0722,0.2738167206002632,77,100.0,114,100,0,8.06,64.11,1002.1,14,73.08,0.0,53.88,0.0,48.93,1170.5806
58.446545,13.958742,390.71,0,3430.4338,0.2624765012591779,74,100.0,128,100,0,8.78,62.95,1001.3,28,72.36,0.0,53.55666666666667,0.0,48.78,751.5643
59.98786,19.764091,480.6,0,5003.046,0.28565382987727467,81,78.0,81,78,0,10.41,61.35,1001.9,3,70.2,0.1,52.07333333333333,0.1,47.35,258.036
64.596977,32.048902,527.77,0,5884.6355,0.27435807245867044,78,26.0,29,26,2,11.15,60.24,1000.9,1,67.32,0.1,51.50333333333333,0.1,47.04,77.371552
71.602733,45.735938,503.74,0,5868.571,0.2703651685393259,77,19.0,27,19,5,11.65,55.83,1000.3,3,63.36,0.2,47.696666666666665,0.2,43.4,151.54448
80.258856,59.706246,407.62,0,4655.0204,0.28463998313244543,81,100.0,103,100,0,11.42,54.55,999.2,3,61.92,0.0,46.596666666666664,0.0,42.12,3.274586
117.52077,108.04516,289.25,0,3132.5775,0.2887527290654272,82,100.0,109,100,0,10.83,55.16,998.3,9,65.16,0.0,46.53333333333333,0.0,42.39,5.625
80.608283,60.418493,0.0,0,0.0,0.3269517201293276,90,100.0,200,100,100,2.12,49.16,997.5,0,51.48,1.4300000000000002,41.013333333333335,0.8,36.95,365.87528
71.778193,46.294625,9.79,0,12.531199999999998,0.3315963998105164,91,100.0,100,100,0,1.28,45.73,998.5,0,49.68,0.51,39.4,0.3,35.73,1020.2754
64.64585,32.534323,78.32,0,87.7184,0.3281437999052029,90,100.0,100,100,0,1.12,44.64,1000.9,0,48.24,0.28,38.49666666666667,0.0,34.88,2046.7212
59.905494,20.135863,124.6,0,127.092,0.31732136995294896,87,100.0,103,100,3,1.02,45.12,1001.9,0,50.04,0.21,39.23666666666667,0.0,34.62,1770.4435
58.171065,13.6968,161.98,0,173.3186,0.3063233899788491,84,100.0,100,100,0,1.07,45.87,1002.3,0,51.12,0.07,39.906666666666666,0.0,35.13,1479.5331
59.71062,19.553826,194.91,0,362.5326,0.2690811243227519,74,100.0,160,100,60,1.86,46.93,1002.7,0,51.48,0.07,40.919999999999995,0.0,36.37,1197.0767
64.284634,31.80585,215.38,0,506.14300000000003,0.26860254083484575,74,100.0,169,100,69,2.35,48.33,1003.7,0,51.84,0.24000000000000002,41.946666666666665,0.1,37.16,1779.7003
71.291532,45.533375,240.3,0,456.57,0.26177058716596985,72,100.0,165,100,65,1.9,49.82,1004.8,0,53.64,0.34,43.28,0.2,38.67,2084.9414
79.939434,59.507561,207.37,0,379.4871,0.25456396828860284,70,100.0,164,100,64,1.83,47.46,1004.8,0,50.76,0.34,41.24,0.2,36.66,366.52784
127.97644,121.63592,130.83,0,171.3873,0.251402754499745,69,100.0,152,100,52,1.31,47.81,1005.6,0,50.4,0.17,41.18333333333333,0.1,36.55,37.264069
80.424097,60.429995,0.0,0,-0.0,0.34499387914085394,93,100.0,100,100,0,-3.58,46.84,1016.7,0,50.04,0.0,42.70333333333334,0.0,40.49,612.4965
71.566938,46.275239,13.35,0,-45.924,0.34110711504949764,92,100.0,100,100,0,-3.44,47.37,1016.8,0,52.56,0.0,43.426666666666655,0.0,41.05,1516.1773
64.406196,32.469073,155.75,0,-317.73,0.32828003393456534,89,100.0,100,100,0,-2.04,49.9,1017.6,0,54.0,0.0,46.69666666666666,0.0,44.83,2128.6253
59.640378,19.982686,313.28,0,-194.2336,0.29721498550618286,81,33.0,33,33,0,-0.62,52.74,1017.0,0,56.88,0.0,50.306666666666665,0.0,48.63,2607.9262
57.890485,13.430535,302.6,0,45.39,0.28540065861690456,78,15.0,15,15,0,0.15,56.31,1016.6,0,59.04,0.0,53.82,0.0,52.12,2741.3694
59.422163,19.317454,234.07,0,379.1934,0.22200385777195475,61,10.0,10,10,0,1.62,49.75,1017.6,0,54.36,0.0,47.98,0.0,46.05,1843.9107
64.014859,31.674525,527.77,0,1736.3633,0.1844884965996238,51,10.0,10,10,0,3.29,50.07,1016.7,0,55.08,0.0,48.46333333333333,0.0,47.01,1555.8217
71.033324,45.432519,501.96,0,1721.7228,0.19162629257357727,53,10.0,10,10,0,3.43,47.85,1016.4,0,51.48,0.0,45.88,0.0,43.96,1418.3475
79.726485,59.479207,223.39,0,629.9598,0.21016777185926008,58,41.0,41,41,0,2.82,47.63,1016.6,0,49.68,0.0,45.13333333333333,0.0,42.94,325.89532
80.234163,60.438692,0.0,0,0.0,0.3148107474924958,86,100.0,200,100,100,0.03,37.11,1014.9,0,36.0,0.3,33.18333333333333,0.3,31.44,109.07939
71.349955,46.253147,9.79,0,-0.19579999999999997,0.31486837769560283,86,100.0,200,100,100,-0.02,33.99,1013.9,0,38.88,0.3,31.05666666666667,0.3,29.22,232.56139
64.160846,32.40125,73.87,0,106.3728,0.2877016642995011,79,100.0,200,100,100,1.44,35.01,1013.6,0,39.96,0.3,32.93,0.3,31.35,696.74
59.36976,19.826606,195.8,0,466.004,0.26131455739846843,72,100.0,200,100,100,2.38,39.97,1012.4,0,47.52,0.1,38.056666666666665,0.1,36.39,424.49561
57.604906,13.160088,312.39,0,855.9486,0.2645982094312951,73,100.0,200,100,100,2.74,48.67,1010.6,0,54.36,0.0,46.25333333333333,0.0,44.35,162.37921
59.143466,19.135323,187.79,0,540.8352,0.2970691591493679,82,100.0,200,100,100,2.88,56.13,1008.8,0,59.04,0.44,52.19333333333333,0.3,50.69,1199.4147
63.712438,31.479666,236.74,0,1070.0647999999999,0.27010480066265713,75,100.0,142,100,42,4.52,57.23,1007.0,0,56.88,0.4,54.27333333333333,0.4,52.62,344.17139
70.786411,45.362445,227.84,0,799.7184,0.2927781392322707,81,100.0,200,100,100,3.51,55.8,1006.8,0,53.28,0.2,52.800000000000004,0.2,50.76,662.075
79.563047,59.532164,236.74,0,1141.0868,0.2770083102493075,77,100.0,200,100,100,4.82,51.49,1005.3,0,51.12,0.3,48.55666666666667,0.3,46.71,136.57458
116.88234,108.32456,317.73,0,1693.5009000000002,0.27291008330939387,76,43.0,68,25,43,5.33,51.78,1004.8,0,52.92,0.0,49.163333333333334,0.0,47.24,38.921569
80.038564,60.444631,0.0,0,-0.0,0.3413094539048738,93,100.0,100,100,0,-0.67,47.24,1007.9,0,50.4,0.31,43.14666666666667,0.1,41.27,214.66867
71.127335,46.228438,10.68,0,-8.330400000000001,0.34144729595770457,93,100.0,100,100,0,-0.78,44.13,1008.1,0,44.64,0.21,40.699999999999996,0.0,38.75,435.98026
63.909899,32.330991,110.36,0,-24.2792,0.3187630527974206,87,100.0,100,100,0,-0.22,43.04,1008.3,0,44.64,0.28,40.483333333333334,0.0,38.7,540.26354
59.093739,19.667821,278.57,0,150.42780000000002,0.29960904673170374,82,85.0,85,85,0,0.54,40.48,1008.1,0,43.92,0.07,39.120000000000005,0.0,37.93,609.03444
57.314435,12.885606,423.64,0,597.3323999999999,0.2950174825174825,81,83.0,83,83,0,1.41,39.72,1007.8,0,43.56,0.0,38.28,0.0,36.92,1231.1073
58.853769,18.92766,298.15,0,927.2464999999999,0.30044161297328603,83,78.0,78,78,0,3.11,43.83,1004.3,0,48.6,0.24000000000000002,39.81333333333333,0.1,37.69,1338.748
63.465959,31.421212,231.4,0,877.0060000000001,0.28887123564671047,80,100.0,100,100,0,3.79,47.33,1003.3,0,51.12,0.07,42.906666666666666,0.0,41.04,1533.5819
70.530584,45.282242,270.56,0,1103.8848,0.28856905818273637,80,100.0,100,100,0,4.08,50.03,1003.0,0,51.84,0.0,45.41,0.0,43.85,274.12224
79.259153,59.375875,205.59,0,719.565,0.29640339779504793,82,91.0,91,91,0,3.5,52.49,1001.6,0,54.0,0.14,47.26333333333333,0.0,44.9,209.04958
63.653454,32.258436,167.32,0,-724.4956,0.3422364407410163,92,70.0,70,70,0,-4.33,61.43,1010.1,0,64.8,0.0,56.6,0.0,53.97,61.186944
58.812419,19.506537,239.41,0,-687.1067,0.3218884120171674,87,100.0,100,100,0,-2.87,66.88,1009.8,0,66.24,0.0,63.05666666666667,0.0,61.11,37.113781
57.019174,12.60724,217.16,0,-495.12479999999994,0.306420053900395,83,88.0,88,88,0,-2.28,64.9,1009.6,0,64.08,0.1,61.30666666666667,0.1,59.13,44.916886
58.560135,18.721458,241.19,0,-371.4326,0.25772246971760987,70,100.0,100,100,0,-1.54,56.88,1010.7,0,57.24,0.1,54.39666666666667,0.1,52.85,63.474352
62.841885,30.544968,374.69,0,-281.0175,0.23861967694566816,65,100.0,106,100,6,-0.75,59.39,1011.2,0,59.76,0.1,56.98333333333333,0.1,55.64,11.048742
70.236172,45.161802,440.55,0,-563.904,0.24276308529812043,66,100.0,110,100,10,-1.28,58.8,1011.8,0,61.92,0.0,56.49,0.0,55.04,3.5764493
63.391612,32.183729,140.62,0,-476.70180000000005,0.3447508896797153,93,100.0,100,100,0,-3.39,49.84,1020.5,0,52.92,0.21,46.919999999999995,0.0,45.6,0.009444444
56.719231,12.325154,257.21,0,-514.42,0.30610363267564084,83,100.0,100,100,0,-2.0,52.59,1020.0,0,58.68,0.0,50.18,0.0,48.98,199.56072
58.262676,18.517028,226.95,0,-260.99249999999995,0.2647058823529412,72,100.0,100,100,0,-1.15,53.81,1020.7,0,60.12,0.0,51.13666666666666,0.0,49.54,621.0319
62.905312,31.181577,271.45,0,-127.58149999999999,0.2310400469414699,63,98.0,98,98,0,-0.47,50.72,1020.4,0,58.32,0.0,48.22666666666667,0.0,46.76,1270.4655
70.012901,45.132854,260.77,0,114.7388,0.19737563507438138,54,59.0,59,59,0,0.44,56.55,1020.1,0,59.76,0.0,53.59,0.0,51.9,378.96399
78.86659,59.406217,232.29,0,81.30149999999999,0.20109689213893966,55,100.0,100,100,0,0.35,52.77,1019.2,0,57.6,0.0,49.99333333333334,0.0,48.14,155.8639
86.993045,71.2682,186.01,0,66.9636,0.2010895396877628,55,41.0,41,41,0,0.36,54.82,1018.9,0,57.24,0.0,51.086666666666666,0.0,49.09,16.274753
79.500057,60.56588,0.0,0,-0.0,0.3418422323784045,92,100.0,100,100,0,-4.02,43.26,1017.4,0,42.84,0.38,40.43333333333333,0.1,39.06,60.412381
70.426622,46.139505,13.35,0,-50.997,0.3415883859948762,92,100.0,100,100,0,-3.82,38.07,1018.1,0,39.96,0.31,35.72,0.1,34.23,213.16447
63.124478,32.107017,105.02,0,-324.5118,0.336962156557802,91,100.0,100,100,0,-3.09,34.03,1018.8,0,36.0,0.31,32.67333333333334,0.1,31.85,411.75982
58.234292,19.17733,187.79,0,-499.5214,0.28466856445709643,77,84.0,84,84,0,-2.66,28.04,1018.7,0,30.6,0.07,27.543333333333333,0.0,26.98,946.81661
56.414712,12.039518,351.55,0,-576.542,0.2283525468675187,62,10.0,10,10,0,-1.64,30.15,1018.1,0,35.64,0.0,29.633333333333336,0.0,29.09,770.66778
79.28291,60.561577,0.0,0,-0.0,0.34621398257761893,93,100.0,106,100,2,-4.53,31.01,1021.0,4,34.92,0.61,29.30666666666667,0.4,28.46,0.22459016
70.172966,46.087246,18.69,0,-71.7696,0.34161375366677804,92,100.0,102,100,0,-3.84,36.05,1021.3,2,33.12,0.5800000000000001,33.75,0.3,32.64,65.507917
62.852156,32.028452,149.52,0,-518.8344000000001,0.32260456837733614,87,100.0,103,100,1,-3.47,33.81,1021.4,2,30.6,0.34,32.89666666666667,0.2,32.52,69.335871
57.937698,19.009858,283.02,0,-738.6822,0.2772233311155467,75,100.0,141,100,39,-2.61,30.32,1021.7,2,28.08,0.1,29.786666666666665,0.1,29.52,179.29113
56.105725,11.750513,362.23,0,-641.1471,0.25794089468641757,70,75.0,149,74,75,-1.77,28.56,1022.0,0,28.08,0.0,28.293333333333333,0.0,28.06,509.22694
57.656717,18.114796,453.01,0,-45.301,0.23438930598791435,64,100.0,192,100,92,-0.1,31.39,1020.2,0,32.04,0.0,30.73,0.0,29.87,426.59295
62.333789,30.957074,445.89,0,182.8149,0.21933031144904225,60,100.0,100,100,0,0.41,30.04,1019.8,0,30.24,0.0,29.453333333333333,0.0,28.77,411.4492
69.487848,44.99878,432.54,0,384.9606,0.20799883228725735,57,100.0,100,100,0,0.89,26.23,1020.5,0,26.28,0.0,25.8,0.0,25.21,267.54383
78.388854,59.332379,369.35,0,439.5265,0.20412626667638697,56,100.0,100,100,0,1.19,21.41,1020.0,0,25.2,0.0,21.153333333333332,0.0,20.66,63.384136
85.834763,70.202751,305.27,0,354.11319999999995,0.20779410156392403,57,100.0,100,100,0,1.16,16.38,1020.0,0,21.24,0.0,16.183333333333334,0.0,16.18,0.16192283
79.060556,60.554806,0.0,0,-0.0,0.32077582991421116,86,0.0,0,0,0,-5.05,10.74,1029.5,0,7.56,0.0,4.696666666666666,0.0,2.55,132.23905
69.933108,46.068839,24.03,0,-103.0887,0.3087108532321655,83,0.0,0,0,0,-4.29,6.44,1030.0,0,8.28,0.0,3.8633333333333337,0.0,2.74,205.54818
62.574755,31.948186,181.56,0,12.709200000000001,0.23058341263450702,63,0.0,0,0,0,0.07,3.6,1029.3,0,4.68,0.0,3.186666666666667,0.0,2.41,315.97245
57.636227,18.840791,343.54,0,491.2622,0.19666399592104306,54,0.0,0,0,0,1.43,11.17,1027.4,0,13.32,0.0,11.06,0.0,11.16,552.13038
55.79238,11.458332,472.59,0,897.9209999999999,0.1781494273768406,49,0.0,0,0,0,1.9,18.42,1027.4,0,21.96,0.0,18.53,0.0,18.06,492.32998
57.34844,17.917675,556.25,0,1073.5625,0.2181183655663807,60,0.0,0,0,0,1.93,20.45,1026.6,0,24.12,0.0,19.483333333333334,0.0,18.51,552.04514
62.044221,30.850943,585.62,0,1920.8336,0.2098180371160873,58,0.0,0,0,0,3.28,21.57,1025.6,0,23.4,0.0,20.45,0.0,19.77,408.28072
69.222806,44.937703,560.7,0,2186.73,0.21295794982855085,59,0.0,0,0,0,3.9,23.48,1025.3,0,25.56,0.0,22.01,0.0,21.18,263.97289
78.148315,59.301071,483.27,0,1807.4298000000001,0.23113871934703312,64,0.0,0,0,0,3.74,24.2,1024.5,0,27.0,0.0,22.73,0.0,21.92,101.51705
85.69914,70.311995,362.23,0,1148.2691,0.24971048060220036,69,100.0,100,100,0,3.17,28.09,1024.9,0,35.28,0.0,25.543333333333333,0.0,24.2,0.36510417
78.833095,60.545635,0.0,0,-0.0,0.2641663876176657,71,0.0,0,0,0,-4.38,38.65,1029.7,0,38.16,0.0,26.80333333333333,0.0,19.97,760.53663
69.678753,46.030393,25.81,0,-75.6233,0.2960550662423211,80,1.0,1,1,0,-2.93,39.95,1029.0,0,43.92,0.0,31.61,0.0,26.47,1800.9321
62.292384,31.866378,188.68,0,-135.8496,0.30466541863965063,83,74.0,74,74,0,-0.72,42.14,1029.1,0,44.28,0.0,35.833333333333336,0.0,32.11,2446.9025
57.329988,18.670376,351.55,0,298.8175,0.2664233576642336,73,28.0,28,28,0,0.85,43.45,1028.0,0,44.64,0.0,37.70333333333334,0.0,34.09,2848.8113
55.474787,11.163179,482.38,0,1095.0026,0.24689565027957305,68,2.0,2,2,0,2.27,40.94,1026.9,0,39.96,0.0,36.1,0.0,32.71,3042.2762
57.036781,17.72369,567.82,0,2407.5568000000003,0.19827679440498938,55,0.0,0,0,0,4.24,42.4,1024.3,0,41.4,0.0,39.806666666666665,0.0,39.15,2976.7425
61.752262,30.749122,598.08,0,2936.5728000000004,0.19060634395454218,53,0.0,0,0,0,4.91,41.24,1023.9,0,38.52,0.0,38.86666666666667,0.0,38.32,2661.2573
68.95622,44.880709,573.16,0,2808.484,0.19420967451897145,54,0.0,0,0,0,4.9,42.66,1023.8,0,38.88,0.0,40.089999999999996,0.0,39.29,2012.8759
77.906777,59.273549,493.95,0,2395.6575,0.21223021582733814,59,0.0,0,0,0,4.85,41.38,1023.9,0,38.16,0.0,38.05666666666667,0.0,36.4,419.42047
86.629549,71.941767,371.13,0,1803.6918,0.21941656774936155,61,0.0,0,0,0,4.86,40.76,1023.9,0,38.16,0.0,36.88333333333333,0.0,34.94,32.106884
78.600632,60.534132,0.0,0,-0.0,0.34027443873210783,92,100.0,100,100,0,-2.78,49.18,1026.8,0,49.68,0.2,42.77,0.2,39.17,37.861475
69.419477,45.990011,28.48,0,-61.8016,0.3247472138165179,88,100.0,100,100,0,-2.17,48.73,1027.2,0,48.96,0.1,42.96333333333334,0.1,39.52,119.46945
62.005155,31.783186,187.79,0,-148.3541,0.2900572771332061,79,100.0,100,100,0,-0.79,48.04,1026.7,0,45.0,0.1,44.21666666666667,0.1,41.69,354.87786
57.019093,18.498871,351.55,0,189.83700000000002,0.27037889583104974,74,76.0,103,76,18,0.54,45.1,1026.1,9,42.84,0.0,42.56666666666667,0.0,40.7,1608.7156
55.153058,10.865273,471.7,0,1023.5889999999999,0.24698532616591604,68,100.0,150,21,100,2.17,41.1,1024.9,29,38.88,0.0,39.24666666666667,0.0,37.59,1798.4442
56.721853,17.533211,565.15,0,2300.1605,0.2525070341245221,70,0.0,0,0,0,4.07,37.35,1024.5,0,38.16,0.0,36.64333333333333,0.0,36.64,2201.482
61.458021,30.651784,596.3,0,3005.352,0.2336532585642906,65,2.0,2,2,0,5.04,34.39,1023.6,0,32.76,0.0,33.70333333333334,0.0,33.68,2514.8261
68.688188,44.827873,572.27,0,3296.2751999999996,0.22229392994155822,62,5.0,5,0,5,5.76,32.14,1022.6,0,29.16,0.0,31.55666666666666,0.0,31.79,1983.4115
77.664324,59.249843,488.61,0,3039.1542,0.2147689444106382,60,100.0,135,0,100,6.22,29.87,1022.0,35,23.76,0.0,29.406666666666666,0.0,29.52,454.60693
86.254461,71.715273,347.1,0,2120.7810000000004,0.21485354150254243,60,100.0,100,0,100,6.11,28.46,1021.9,0,20.52,0.0,28.080000000000002,0.0,28.46,38.520397
78.363271,60.520368,0.0,0,0.0,0.33593807054699487,92,100.0,258,100,100,0.71,31.43,1022.8,58,27.72,0.1,25.906666666666666,0.1,23.68,306.21257
69.155392,45.947799,18.69,0,27.2874,0.3168129347074033,87,100.0,228,100,100,1.46,29.07,1022.6,28,26.28,0.1,25.676666666666666,0.1,23.98,810.41608
61.71318,31.698771,114.81,0,320.3199,0.29354207436399216,81,100.0,200,100,100,2.79,28.31,1022.1,0,28.44,0.0,26.51,0.0,25.76,1653.5456
56.703653,18.326542,217.16,0,862.1252000000001,0.27424942263279445,76,100.0,200,100,100,3.97,28.62,1021.7,0,23.4,0.0,27.060000000000002,0.0,26.44,2594.6142
54.827305,10.564848,359.56,0,1808.5868,0.2588252210798764,72,100.0,200,100,100,5.03,27.04,1020.8,0,20.16,0.0,26.086666666666662,0.0,25.6,2495.5364
56.403771,17.346619,320.4,0,1509.0839999999998,0.25912329950334706,72,100.0,201,100,100,4.71,19.65,1020.7,1,18.36,0.0,18.569999999999997,0.0,17.81,2034.5494
61.16161,30.559094,334.64,0,1633.0431999999998,0.2517713915764486,70,100.0,200,100,100,4.88,18.21,1020.4,0,15.48,0.0,17.266666666666666,0.0,16.74,349.33594
68.41881,44.779269,313.28,0,1603.9935999999998,0.2443669817084127,68,100.0,200,100,100,5.12,16.77,1019.3,0,13.32,0.0,16.043333333333333,0.0,15.63,508.95105
77.421041,59.229979,276.79,0,1566.6314000000002,0.24030701911696137,67,100.0,204,100,100,5.66,16.24,1019.6,4,11.88,0.0,15.453333333333333,0.0,14.84,81.15272
78.12112,60.504413,0.0,0,-0.0,0.3493289207574922,95,52.0,94,22,52,-1.2,15.19,1021.8,20,11.16,0.0,12.036666666666667,0.0,10.81,524.29145
68.88661,45.903862,34.71,0,9.718800000000002,0.336466371649051,92,54.0,106,54,36,0.28,13.76,1022.3,16,10.08,0.0,11.076666666666666,0.0,9.01,1511.2741
61.416573,31.613296,199.36,0,602.0672000000001,0.28605569033566286,79,55.0,56,0,55,3.02,8.31,1020.3,1,6.12,0.0,8.273333333333333,0.0,7.86,2160.7512
56.383784,18.153666,359.56,0,1837.3516000000002,0.25515704736577305,71,30.0,30,0,30,5.11,3.32,1019.9,0,2.52,0.0,3.4166666666666665,0.0,3.1,2625.0994
54.497644,10.262157,486.83,0,3222.8146,0.2287593380276656,64,83.0,87,83,4,6.62,2.6,1019.5,0,3.96,0.0,2.473333333333333,0.0,2.41,2183.5018
56.08265,17.164309,566.04,0,4771.717199999999,0.1953263726116912,55,0.0,0,0,0,8.43,12.98,1019.2,0,10.8,0.0,13.213333333333333,0.0,14.04,1644.59
60.86314,30.47122,364.9,0,3152.736,0.2022782923453636,57,10.0,10,10,0,8.64,8.21,1018.5,0,7.56,0.0,8.21,0.0,9.0,532.01389
68.148187,44.734969,257.21,0,2520.658,0.19438063262060434,55,16.0,16,16,0,9.8,2.9,1018.8,0,5.4,0.0,2.973333333333333,0.0,3.4,149.70222
77.177015,59.213982,218.94,0,2121.5285999999996,0.19092066185829445,54,16.0,16,16,0,9.69,1.3,1018.4,0,5.04,0.0,1.3499999999999999,0.0,1.14,12.351344
85.405311,71.143495,176.22,0,1476.7236,0.19536106276418144,55,30.0,30,30,0,8.38,4.69,1017.9,0,7.2,0.0,4.693333333333334,0.0,4.39,1.2752137
77.874288,60.48634,0.0,0,0.0,0.35135234051897674,96,100.0,100,100,0,0.08,3.1,1024.9,0,1.8,0.0,5.06,0.0,6.49,718.82787
68.613245,45.858307,32.04,0,-4.806,0.34065934065934067,93,100.0,100,100,0,-0.15,8.21,1024.9,0,7.2,0.0,8.933333333333332,0.0,10.69,1726.4683
61.11545,31.526925,201.14,0,655.7163999999999,0.2677182446365906,74,0.0,0,0,0,3.26,8.12,1024.1,0,12.24,0.0,7.233333333333333,0.0,7.29,2344.2967
56.059599,17.980527,364.01,0,2049.3763,0.22957170528732335,64,0.0,0,0,0,5.63,9.01,1022.9,0,13.68,0.0,8.776666666666666,0.0,8.65,2748.0358
54.164189,9.957474,488.61,0,3542.4225,0.19971469329529246,56,10.0,10,10,0,7.25,16.58,1021.1,0,18.36,0.0,15.87,0.0,15.48,2909.5366
55.758609,16.986686,574.94,0,4840.9948,0.1882302802145115,53,3.3,11,0,0,8.42,22.55,1021.0,11,25.92,0.0,21.25,0.0,20.01,2774.0572
60.562727,30.388322,601.64,0,5378.661599999999,0.17370342798397675,49,6.6,22,0,0,8.94,25.5,1020.1,22,28.44,0.0,23.810000000000002,0.0,22.18,2125.9102
67.876421,44.695039,582.06,0,5151.230999999999,0.1595744680851064,45,0.9,3,0,0,8.85,26.9,1019.8,3,30.24,0.0,24.95,0.0,23.58,650.15667
76.932332,59.201875,504.63,0,4365.0495,0.17743080198722502,50,0.0,0,0,0,8.65,26.2,1020.4,0,31.32,0.0,24.13,0.0,22.53,89.000525
85.314944,71.336983,387.15,0,3143.6579999999994,0.19198634763750136,54,1.8,6,0,0,8.12,26.83,1020.3,6,31.32,0.0,24.38,0.0,22.73,1.1058824
77.622885,60.466218,0.0,0,-0.0,0.3483043079743355,95,34.0,41,7,34,-0.4,33.09,1022.3,0,29.88,0.0,27.783333333333335,0.0,28.09,380.55369
68.33541,45.811238,31.15,0,94.073,0.2570880254915451,71,100.0,136,100,36,3.02,26.06,1021.3,0,30.24,0.0,23.396666666666665,0.0,23.86,963.70243
60.809929,31.439818,158.42,0,781.0105999999998,0.2049769850402762,57,100.0,139,100,39,4.93,25.87,1021.8,0,30.6,0.0,24.066666666666666,0.0,24.46,734.79313
55.752561,17.886811,322.18,0,2155.3842,0.19654088050314467,55,100.0,190,100,90,6.69,23.69,1020.4,0,24.84,0.0,22.753333333333334,0.0,22.92,785.81806
53.827061,9.6510943,480.6,0,4027.428000000001,0.17760096614925586,50,7.0,7,0,7,8.38,19.83,1019.0,0,29.88,0.0,19.14333333333333,0.0,19.2,1011.2157
55.431768,16.814173,466.36,0,4066.6592000000005,0.21286408628090964,60,100.0,186,0,100,8.72,22.9,1018.1,86,29.16,0.0,21.679999999999996,0.0,20.28,943.20981
60.260488,30.310562,420.08,0,3839.5312,0.2160898366927628,61,100.0,200,0,100,9.14,22.2,1016.7,100,32.76,0.0,21.13,0.0,19.65,704.87833
67.536977,44.546854,388.04,0,3934.7256,0.19414734018143953,55,100.0,200,0,100,10.14,25.96,1016.1,100,34.92,0.0,24.146666666666665,0.0,22.55,298.18582
76.687081,59.19368,360.45,0,3546.828,0.2014205448955794,57,100.0,200,0,100,9.84,32.62,1015.2,100,36.72,0.0,29.459999999999997,0.0,27.61,91.135834
84.963397,71.168361,286.58,0,2625.0728,0.2160745280011335,61,100.0,201,1,100,9.16,36.71,1015.4,100,39.96,0.0,32.20333333333333,0.0,29.95,84.115943
77.367023,60.444115,0.0,0,0.0,0.3278570399192967,91,100.0,110,100,10,4.41,39.46,1012.8,0,35.64,0.2,32.75666666666667,0.2,30.04,222.8959
68.053223,45.762758,29.37,0,140.976,0.32020147508544705,89,100.0,100,100,0,4.8,36.42,1013.3,0,33.48,0.1,30.903333333333332,0.1,28.27,495.7582
60.500127,31.352136,200.25,0,1059.3225,0.30886366901307283,86,10.0,10,10,0,5.29,35.16,1014.4,0,32.76,0.0,30.583333333333332,0.0,28.55,513.90689
55.398755,17.634639,354.22,0,2040.3072000000002,0.29400164927754474,82,0.0,0,0,0,5.76,35.19,1014.6,0,32.76,0.0,30.853333333333335,0.0,28.82,637.55228
53.486378,9.3433409,494.84,0,3142.2339999999995,0.28622540250447226,80,0.0,0,0,0,6.35,33.7,1014.0,0,31.68,0.0,29.86,0.0,28.08,641.52067
55.10225,16.647204,550.91,0,4016.1339,0.28170018542290687,79,100.0,100,100,0,7.29,30.26,1014.8,0,30.6,0.1,27.863333333333333,0.1,26.37,1730.8477
59.956541,30.238099,473.48,0,3489.5476000000003,0.28874946527876805,81,100.0,100,100,0,7.37,26.71,1014.7,0,24.84,0.1,24.913333333333338,0.1,23.62,2107.1092
67.329881,44.628559,539.34,0,4595.1768,0.2591685305499344,73,40.0,40,40,0,8.52,27.89,1014.1,0,27.36,0.1,25.75333333333333,0.1,24.29,294.9493
76.441353,59.189419,504.63,0,4435.6977,0.2553734837199404,72,9.0,9,9,0,8.79,28.35,1014.3,0,27.0,0.0,25.94333333333333,0.0,24.49,49.494442
84.741259,71.18563,388.04,0,3391.4696000000004,0.2518712973145553,71,35.0,35,35,0,8.74,29.06,1015.0,0,29.52,0.0,26.09,0.0,24.49,3.2892303
77.106811,60.420097,0.0,0,0.0,0.3404810199942046,94,100.0,216,100,16,2.93,12.26,1021.2,100,10.08,0.0,10.086666666666666,0.0,9.0,20.289321
67.766798,45.712965,20.47,0,66.1181,0.3292568203198495,91,100.0,157,100,24,3.23,10.51,1021.5,33,12.6,0.0,9.296666666666667,0.0,8.29,119.6423
60.186163,31.264039,97.9,0,421.949,0.3063504649318821,85,100.0,100,100,0,4.31,10.5,1022.2,0,13.68,0.0,10.033333333333333,0.0,9.35,202.60269
55.062333,17.462499,167.32,0,781.3843999999999,0.3059534950687496,85,100.0,100,100,0,4.67,12.43,1022.0,0,15.12,0.0,12.12,0.0,11.61,213.51918
53.142263,9.0345661,251.87,0,1224.0882000000001,0.30574439768353656,85,100.0,100,100,0,4.86,13.32,1021.7,0,16.56,0.0,13.08,0.0,12.6,325.59282
54.77018,16.486225,338.2,0,1741.73,0.2802730865971973,78,100.0,272,100,97,5.15,16.3,1023.0,75,17.28,0.0,15.479999999999999,0.0,14.87,689.46341
59.651009,30.171091,492.17,0,3012.0804000000003,0.2578150177247825,72,100.0,172,70,100,6.12,15.23,1021.9,2,15.84,0.0,14.633333333333333,0.0,14.11,455.77683
67.013699,44.530209,543.79,0,3915.288,0.2318530408418049,65,100.0,100,0,100,7.2,14.69,1021.1,0,14.4,0.0,14.233333333333334,0.0,13.66,1116.084
76.195243,59.189113,486.83,0,3894.64,0.20985239196158637,59,100.0,114,14,100,8.0,14.0,1020.4,0,14.76,0.0,13.473333333333334,0.0,12.98,188.75389
84.518498,71.206166,328.41,0,2512.3365000000003,0.20655270655270658,58,50.0,59,9,50,7.65,16.12,1019.7,0,25.56,0.0,15.476666666666667,0.0,14.99,7.3594994
67.476251,45.661957,32.93,0,-42.809000000000005,0.34577892219974254,94,100.0,100,100,0,-1.3,41.74,1030.5,0,51.48,0.59,38.25333333333333,0.1,36.57,16.747443
59.868154,31.175681,147.74,0,-7.3870000000000005,0.3222262907359942,88,100.0,100,100,0,-0.05,44.65,1031.2,0,52.2,0.35,42.26,0.0,41.23,747.95484
54.722071,17.291314,219.83,0,235.21810000000002,0.2880898548610605,79,54.0,54,54,0,1.07,48.43,1031.4,0,54.36,0.0,46.26333333333333,0.0,45.13,896.17405
52.794839,8.7251556,293.7,0,602.0849999999999,0.26889534883720934,74,40.0,40,40,0,2.05,51.56,1030.6,0,50.76,0.0,49.31333333333333,0.0,48.25,1299.9747
54.435686,16.331693,404.95,0,1417.325,0.2385685884691849,66,100.0,100,100,0,3.5,56.09,1030.4,0,50.04,0.0,53.95333333333334,0.0,52.99,2501.3443
59.344016,30.109689,458.35,0,1801.3155000000002,0.22015302439728598,61,10.0,10,10,0,3.93,56.67,1030.7,0,51.84,0.0,54.53333333333334,0.0,53.86,2067.4558
66.780056,44.58035,460.13,0,2084.3889,0.216076058772688,60,5.0,5,5,0,4.53,54.82,1030.5,0,54.72,0.0,53.06,0.0,52.29,402.96303
75.948844,59.192783,529.55,0,2324.7245,0.2233912228867911,62,5.0,5,5,0,4.39,52.74,1030.4,0,47.88,0.0,50.86666666666667,0.0,49.93,31.680455
85.569728,73.01505,397.83,0,1658.9511,0.23078032597721046,64,100.0,100,100,0,4.17,50.33,1031.3,0,47.52,0.0,47.953333333333326,0.0,46.51,6.7550505
76.573783,60.366572,0.0,0,-0.0,0.3515523813048145,95,100.0,100,100,0,-2.92,11.84,1036.6,0,16.92,0.0,11.393333333333333,0.0,10.8,81.04899
67.159374,45.570663,32.04,0,-89.3916,0.347684568723184,94,100.0,100,100,0,-2.79,7.52,1037.3,0,12.96,0.0,7.596666666666667,0.0,7.28,214.27725
59.54622,31.087218,189.57,0,314.6862,0.24744368836650776,68,100.0,136,100,36,1.66,3.67,1036.7,0,11.16,0.0,3.9933333333333336,0.0,4.1,388.70286
54.378088,17.12141,387.15,0,2648.1059999999998,0.18214936247723135,51,45.0,45,0,45,6.84,0.72,1035.1,0,6.12,0.0,0.48,0.0,0.0,503.07919
52.444228,8.4155326,514.42,0,3811.8522,0.1817792985457656,51,0.0,0,0,0,7.41,6.13,1034.1,0,10.8,0.0,5.533333333333334,0.0,5.35,428.09654
54.098895,16.184077,446.78,0,2519.8392,0.17217260303454215,48,100.0,200,100,100,5.64,8.09,1033.1,0,9.72,0.0,8.026666666666666,0.0,8.29,650.36148
59.035686,30.054042,279.46,0,807.6394,0.23909578321982325,66,100.0,200,100,100,2.89,9.36,1032.8,0,10.8,0.0,9.123333333333333,0.0,9.37,751.18134
66.50419,44.563251,129.05,0,157.441,0.33531362758319055,92,100.0,200,100,100,1.22,7.57,1034.0,0,10.8,0.89,6.8500000000000005,0.4,6.03,715.04669
75.702251,59.200449,113.03,0,239.6236,0.3269517201293276,90,100.0,200,100,100,2.12,10.99,1032.8,0,15.84,1.13,10.273333333333333,0.5,9.51,245.03425
85.401622,73.116679,143.29,0,497.2163,0.2892054081411322,80,100.0,200,100,100,3.47,15.99,1031.5,0,17.64,0.2,14.783333333333331,0.2,14.34,21.344653
76.301187,60.337189,0.0,0,-0.0,0.349791965830848,95,0.0,0,0,0,-1.56,31.61,1034.9,0,27.0,0.0,20.883333333333336,0.0,14.42,729.90932
66.883249,45.556679,51.62,0,24.2614,0.32161391711132226,88,0.0,0,0,0,0.47,28.04,1034.3,0,24.12,0.0,17.906666666666666,0.0,10.85,1783.8262
59.220476,30.998803,228.73,0,896.6216,0.25625293247193853,71,0.0,0,0,0,3.92,20.08,1034.0,0,22.68,0.0,18.19333333333333,0.0,16.77,2390.095
54.030502,16.953118,393.38,0,2061.3112,0.2263012320844858,63,0.0,0,0,0,5.24,19.86,1032.5,0,17.64,0.0,19.05333333333333,0.0,18.25,2804.8013
52.090553,8.1061629,524.21,0,3407.3650000000002,0.20740210978008225,58,0.0,0,0,0,6.5,16.9,1030.7,0,14.4,0.0,16.419999999999998,0.0,15.94,2961.926
53.759932,16.043847,606.98,0,4965.0964,0.17772722425621157,50,0.0,0,0,0,8.18,11.62,1029.4,0,11.52,0.0,11.243333333333332,0.0,10.83,2867.343
58.726143,30.004293,637.24,0,5747.9048,0.17011021724492328,48,0.0,0,0,0,9.02,5.5,1028.8,0,6.48,0.0,5.28,0.0,5.15,2584.3651
66.227835,44.550898,611.43,0,5955.3282,0.16260737389091168,46,0.0,0,0,0,9.74,3.55,1027.4,0,3.24,0.0,3.41,0.0,3.08,2118.8114
75.455559,59.212126,532.22,0,5364.7776,0.16241217385164003,46,0.0,0,0,0,10.08,8.4,1026.4,0,5.76,0.0,8.173333333333334,0.0,7.59,680.90394
85.220757,73.202753,411.18,0,4062.4584000000004,0.17665971805109001,50,100.0,100,100,0,9.88,10.3,1025.8,0,7.56,0.0,10.156666666666666,0.0,9.79,50.614814
76.024682,60.306144,0.0,0,0.0,0.31060439961996644,85,100.0,171,0,100,0.51,9.79,1025.7,71,9.0,0.0,9.89,0.0,11.21,564.36012
66.581022,45.502596,48.06,0,147.5442,0.2787633046122656,77,100.0,200,0,100,3.07,10.66,1024.9,100,9.72,0.0,8.243333333333334,0.0,6.92,538.48395
58.89104,30.910589,170.88,0,1061.1648,0.2362542955326461,66,100.0,200,0,100,6.21,7.99,1023.7,100,9.36,0.0,6.973333333333333,0.0,6.29,946.53167
53.679432,16.786784,254.54,0,2003.2298,0.20994946978862716,59,100.0,300,100,100,7.87,12.52,1022.1,100,13.68,0.0,11.693333333333333,0.0,11.28,1643.1462
51.733936,7.7975623,221.61,0,1715.2614,0.2064865249741892,58,100.0,300,100,100,7.74,16.78,1021.3,100,16.56,0.0,15.583333333333334,0.0,14.51,1484.1412
53.418924,15.911479,401.39,0,3295.4119,0.16704577765140746,47,100.0,141,0,100,8.21,19.16,1020.1,41,17.64,0.0,18.3,0.0,17.23,1133.0727
58.415509,29.960574,357.78,0,2726.2835999999998,0.1852049720411725,52,100.0,267,100,100,7.62,17.45,1019.6,67,17.64,0.0,16.673333333333336,0.0,15.65,433.32806
65.9511,44.54334,275.01,0,2059.8249,0.18885404789053592,53,100.0,200,100,100,7.49,14.69,1018.9,0,17.28,0.0,14.153333333333334,0.0,13.28,320.20786
75.208857,59.227825,250.09,0,1963.2065,0.18861209964412812,53,100.0,200,100,100,7.85,12.96,1017.7,0,20.88,0.0,12.616666666666667,0.0,11.89,220.395
83.362108,70.958149,306.16,0,2476.8344,0.1848954629497938,52,100.0,159,100,59,8.09,14.24,1016.6,0,20.52,0.0,13.62,0.0,12.77,0.26018519
75.744383,60.273501,0.0,0,0.0,0.345529933803739,95,100.0,112,100,0,1.79,31.71,1012.9,12,32.4,0.0,26.843333333333334,0.0,24.45,319.17873
66.275133,45.447681,52.51,0,80.8654,0.3312825366777094,91,100.0,110,100,0,1.54,29.97,1013.4,10,32.04,0.0,25.786666666666665,0.0,23.59,776.38526
58.558029,30.822731,243.86,0,541.3692000000001,0.28688673421215094,79,44.0,44,44,0,2.22,28.48,1014.3,0,32.04,0.0,25.78,0.0,24.59,1343.0145
53.324996,16.622763,380.03,0,1368.108,0.24932249322493225,69,39.0,40,39,0,3.6,36.52,1014.0,1,39.6,0.0,33.21,0.0,31.97,2648.7486
51.374496,7.4903049,411.18,0,1640.6082000000001,0.23814678501840225,66,100.0,100,100,0,3.99,37.88,1013.5,0,39.24,0.0,34.373333333333335,0.0,33.04,2977.094
53.075996,15.787446,462.8,0,3147.04,0.21789605286658334,61,10.0,10,10,0,6.8,41.02,1011.7,0,43.2,0.0,36.88,0.0,34.74,2955.7583
58.103903,29.923007,631.01,0,4467.5508,0.18199336259501125,51,0.0,0,0,0,7.08,42.02,1010.8,0,47.88,0.0,37.9,0.0,35.81,2161.0413
65.674091,44.540618,572.27,0,3828.4863,0.18224699828473415,51,27.0,27,27,0,6.69,42.72,1011.3,0,57.6,0.0,38.29666666666666,0.0,36.01,2151.0257
74.962234,59.247552,394.27,0,2779.6034999999997,0.1748750892219843,49,10.0,10,10,0,7.05,46.18,1011.4,0,55.08,0.0,40.97666666666667,0.0,38.48,782.56749
85.125796,73.759823,329.3,0,2087.762,0.1788972771834413,50,17.0,17,17,0,6.34,44.15,1011.6,0,57.6,0.0,38.943333333333335,0.0,36.46,56.482041
112.03095,110.15015,152.19,0,873.5706,0.18645344042454015,52,46.0,46,46,0,5.74,44.04,1012.1,0,58.32,0.0,38.276666666666664,0.0,35.69,299.88492
75.375645,60.116696,0.0,0,-0.0,0.34036256011838706,92,3.0,3,3,0,-2.85,48.47,1018.9,0,48.24,0.0,39.13333333333333,0.0,34.76,806.81349
65.965699,45.392031,61.41,0,-110.538,0.31324857195503963,85,2.0,2,2,0,-1.8,44.06,1019.5,0,48.6,0.0,36.699999999999996,0.0,33.13,1810.5113
58.221563,30.73539,242.97,0,51.0237,0.26338893766461813,72,0.0,0,0,0,0.21,37.04,1019.6,0,43.56,0.0,32.50666666666667,0.0,30.31,2434.8074
52.967312,16.461426,405.84,0,937.4903999999999,0.2178174689610107,60,0.0,0,0,0,2.31,34.4,1019.3,0,42.48,0.0,31.026666666666667,0.0,29.25,2795.9993
51.012355,7.185034,473.48,0,1889.1852000000001,0.18041423107454718,50,5.0,5,5,0,3.99,32.14,1019.3,0,37.44,0.0,29.473333333333333,0.0,27.69,2949.8806
52.731269,15.672217,614.1,0,4102.188,0.21084229710895902,59,0.0,0,0,0,6.68,32.49,1017.1,0,44.64,0.0,29.906666666666666,0.0,28.15,2881.9097
57.791444,29.891703,641.69,0,5018.015800000001,0.20286863366195682,57,0.0,0,0,0,7.82,31.88,1016.7,0,45.0,0.0,29.46666666666667,0.0,27.86,1416.0774
65.396909,44.542764,614.99,0,5393.4623,0.20218501702610672,57,0.0,0,0,0,8.77,30.11,1016.6,0,41.04,0.0,27.963333333333335,0.0,26.41,424.62465
74.715773,59.271303,490.39,0,4286.0086,0.2163964667068715,61,100.0,100,100,0,8.74,29.48,1016.1,0,39.6,0.0,26.636666666666667,0.0,24.97,97.651824
82.675332,70.705885,194.91,0,1594.3637999999999,0.24170902498844773,68,100.0,100,100,0,8.18,27.61,1016.3,0,28.44,0.0,24.540000000000003,0.0,22.73,0.063131313
75.17286,60.203709,0.0,0,0.0,0.3594640717475764,99,100.0,133,100,33,2.26,29.22,1018.0,0,28.44,0.0,22.976666666666663,0.0,20.99,66.971355
65.65284,45.335752,72.09,0,259.524,0.3143631436314363,87,49.0,59,10,49,3.6,29.97,1018.1,0,29.52,0.0,24.97666666666667,0.0,23.54,247.67075
57.881764,30.648726,254.54,0,1473.7866,0.2760450276045028,77,32.0,32,0,32,5.79,25.46,1017.5,0,28.8,0.0,22.929999999999996,0.0,21.43,329.8208
52.606502,16.303157,410.29,0,3253.5997,0.25259712537355916,71,43.0,43,0,43,7.93,24.77,1016.2,0,29.16,0.0,23.313333333333333,0.0,22.1,738.98194
50.647634,6.8824735,533.11,0,4963.2541,0.23366140338455005,66,3.0,3,0,3,9.31,30.07,1015.6,0,33.48,0.0,27.666666666666668,0.0,26.26,1851.771
52.384868,15.566252,611.43,0,6224.357399999999,0.24706173013800165,70,19.0,19,19,0,10.18,33.9,1015.8,0,37.44,0.0,30.55333333333333,0.0,28.41,1015.2933
57.478247,29.866758,604.31,0,6405.685999999999,0.24669603524229075,70,100.0,100,100,0,10.6,32.06,1015.0,0,37.08,0.0,29.11,0.0,27.23,219.2571
65.119656,44.549801,345.32,0,3332.338,0.2616690240452617,74,36.0,36,36,0,9.65,33.9,1014.9,0,40.32,0.0,30.310000000000002,0.0,28.28,1059.0576
74.469555,59.29907,307.94,0,2983.9386,0.24395417904115402,69,10.0,10,10,0,9.69,39.06,1014.4,0,45.0,0.0,34.31333333333333,0.0,32.11,794.39164
84.694147,73.85743,308.83,0,2961.6796999999997,0.23343000636627295,66,100.0,100,100,0,9.59,43.32,1014.2,0,51.12,0.0,37.88333333333333,0.0,35.1,44.838407
111.45143,110.33865,262.55,0,2016.384,0.2528219919524268,71,100.0,100,100,0,7.68,47.11,1015.1,0,49.68,0.0,40.626666666666665,0.0,37.29,317.83056
74.755694,59.983288,0.0,0,-0.0,0.33473111160155966,91,100.0,100,100,0,-1.29,45.06,1027.5,0,50.4,0.0,39.72,0.0,37.94,687.91423
65.336683,45.278953,49.84,0,-47.8464,0.33799919174106324,92,100.0,100,100,0,-0.96,45.31,1027.4,0,47.16,0.0,40.306666666666665,0.0,38.44,1602.8818
57.538755,30.562906,224.28,0,165.9672,0.2920880645514623,80,100.0,100,100,0,0.74,45.12,1028.2,0,47.52,0.0,41.39,0.0,40.3,1379.7537
52.242686,16.148358,315.95,0,609.7835,0.2690126508652029,74,30.0,30,30,0,1.93,44.25,1028.5,0,46.08,0.0,41.086666666666666,0.0,40.15,1215.9592
50.280455,6.5834417,522.43,0,1865.0750999999998,0.24573576178086154,68,11.0,11,11,0,3.57,44.93,1027.4,0,45.36,0.0,41.93333333333333,0.0,41.05,479.02023
52.036913,15.469998,470.81,0,1939.7372,0.22360875680744402,62,10.0,14,10,1,4.12,42.34,1028.0,3,45.0,0.0,39.10666666666666,0.0,35.79,1395.4672
57.164427,29.848256,322.18,0,1453.0318,0.2160916228480876,60,10.0,10,10,0,4.51,41.77,1027.5,0,44.64,0.0,38.27,0.0,34.92,1448.713
64.842425,44.561741,292.81,0,1695.3699,0.20434502043450203,57,100.0,100,100,0,5.79,44.48,1027.3,0,47.52,0.0,40.88666666666666,0.0,37.61,323.25818
74.223656,59.330832,434.32,0,2354.0144,0.2117959579279894,59,100.0,100,100,0,5.42,44.93,1027.4,0,53.28,0.0,40.88,0.0,37.36,198.86434
84.391665,73.790859,171.77,0,798.7305000000001,0.22318214542836576,62,100.0,110,100,10,4.65,44.3,1027.8,0,50.76,0.0,39.806666666666665,0.0,36.22,43.092302
74.587587,60.128428,0.0,0,-0.0,0.34582980758618154,94,100.0,100,100,0,-1.34,39.19,1035.1,0,43.2,0.0,32.62,0.0,27.33,88.496643
65.017356,45.221747,63.19,0,-12.0061,0.3187280187573271,87,100.0,100,100,0,-0.19,38.81,1034.9,0,44.28,0.0,33.76,0.0,29.87,289.35083
57.192665,30.478102,226.06,0,300.6598,0.29510346837656665,81,100.0,100,100,0,1.33,36.0,1034.1,0,44.64,0.0,32.583333333333336,0.0,29.13,659.44101
51.875988,15.997445,404.95,0,1218.8995,0.26796060254924686,74,57.0,57,57,0,3.01,34.95,1034.5,0,44.28,0.0,32.470000000000006,0.0,30.11,750.74442
49.910937,6.2888674,544.68,0,2467.4004,0.2520887352348027,70,15.0,15,15,0,4.53,34.21,1033.6,0,42.12,0.0,32.40333333333333,0.0,30.38,1409.4254
51.687524,15.383884,526.88,0,3725.0416,0.2390978516879595,67,76.0,76,76,0,7.07,43.59,1029.9,0,55.08,0.0,39.88666666666666,0.0,37.54,1964.5812
56.850091,29.836262,553.58,0,4583.6424,0.209643605870021,59,1.0,1,1,0,8.28,44.85,1029.3,0,46.44,0.0,41.443333333333335,0.0,39.06,2458.3645
64.565308,44.578585,531.33,0,4484.4252,0.21662701090237582,61,72.0,72,72,0,8.44,45.09,1029.3,0,52.92,0.0,41.53333333333333,0.0,39.19,2154.2716
73.978143,59.366561,525.1,0,5030.4580000000005,0.19453188554451245,55,0.0,0,0,0,9.58,47.33,1027.3,0,55.44,0.0,43.73333333333333,0.0,42.28,765.70439
83.474938,72.879973,433.43,0,4069.9077,0.19112338076024638,54,0.3,1,0,0,9.39,46.71,1026.7,1,55.08,0.0,42.55,0.0,40.86,30.36271
74.236587,60.010861,0.0,0,0.0,0.34173119569564114,94,23.0,42,23,0,1.92,33.59,1028.7,19,32.76,0.0,23.03,0.0,17.41,168.89293
64.694988,45.164253,83.66,0,353.04519999999997,0.31366045354580524,87,16.0,58,16,7,4.22,27.42,1028.3,35,34.56,0.0,21.17,0.0,17.24,721.24609
56.84362,30.394488,266.11,0,1828.1757000000002,0.2678380115706021,75,43.0,65,0,43,6.87,22.67,1028.5,22,30.6,0.0,19.833333333333332,0.0,17.78,751.95215
51.506531,15.850847,421.86,0,3425.5031999999997,0.2453158886479184,69,31.0,62,0,31,8.12,24.88,1026.3,31,27.72,0.0,22.786666666666665,0.0,21.13,2378.8787
49.5392,5.9998092,546.46,0,5049.290400000001,0.23371932433868056,66,36.0,59,0,36,9.24,23.86,1025.8,23,27.36,0.0,22.49666666666667,0.0,20.9,1715.4383
51.336816,15.308315,442.33,0,4777.164,0.2324352879027998,66,100.0,200,0,100,10.8,26.22,1026.3,100,28.8,0.0,24.28333333333333,0.0,22.92,860.72365
56.535345,29.830829,497.51,0,5631.8132,0.21443385945793936,61,100.0,200,0,100,11.32,30.8,1024.9,100,32.4,0.0,28.256666666666664,0.0,26.73,832.32777
64.28839,44.600323,495.73,0,5765.339900000001,0.21068895287590422,60,100.0,200,0,100,11.63,30.68,1024.3,100,33.12,0.0,28.179999999999996,0.0,26.57,241.875
73.733082,59.406219,451.23,0,5324.514,0.20705386909984208,59,100.0,200,0,100,11.8,30.53,1023.8,100,29.16,0.0,27.986666666666668,0.0,26.43,107.38569
84.044782,74.025412,403.17,0,4535.6625,0.21448663853727146,61,100.0,210,10,100,11.25,32.77,1023.1,100,35.28,0.0,29.573333333333334,0.0,27.58,44.705959
73.989594,60.048366,0.0,0,0.0,0.34658883619117115,95,100.0,101,100,0,0.95,34.39,1027.3,1,37.08,0.0,29.72666666666667,0.0,28.31,181.53847
64.369713,45.106593,46.28,0,69.8828,0.313114395980485,86,100.0,110,100,0,1.51,34.23,1028.1,10,41.04,0.0,31.936666666666664,0.0,31.49,399.22861
56.491751,30.312243,213.6,0,360.984,0.2546936399359628,70,82.0,110,82,0,1.69,30.49,1028.8,28,35.28,0.0,28.77333333333333,0.0,28.08,1003.2059
51.134438,15.709008,444.11,0,1252.3902,0.2282856832264377,63,8.4,28,0,0,2.82,30.82,1028.3,28,36.36,0.0,29.326666666666668,0.0,28.75,1730.1885
49.165362,5.7174805,572.27,0,2231.853,0.20934849305179573,58,0.0,0,0,0,3.9,29.37,1027.7,0,36.36,0.0,28.276666666666667,0.0,27.9,2653.3225
50.984903,15.243673,586.51,0,3788.8546,0.20027895997997214,56,29.0,29,29,0,6.46,30.36,1025.8,0,37.44,0.0,28.39,0.0,27.05,2857.5967
56.220291,29.831993,679.07,0,4943.6296,0.18186356666547804,51,0.0,0,0,0,7.28,26.88,1025.3,0,40.32,0.0,25.439999999999998,0.0,24.39,2689.2852
64.024028,44.645792,651.48,0,5120.6328,0.17081242660403545,48,0.0,0,0,0,7.86,23.83,1025.1,0,29.52,0.0,22.623333333333335,0.0,21.67,2189.9954
73.488531,59.449762,571.38,0,4571.04,0.16717054952872135,47,0.0,0,0,0,8.0,22.68,1024.6,0,33.84,0.0,21.599999999999998,0.0,20.52,899.45487
83.828191,74.087082,405.84,0,3051.9167999999995,0.17101934656358003,48,100.0,100,0,100,7.52,21.97,1024.4,0,24.84,0.0,20.646666666666665,0.0,19.44,68.438033
110.26143,110.70751,193.13,0,1427.2306999999998,0.17109859556569476,48,100.0,100,0,100,7.39,23.93,1024.5,0,25.2,0.0,21.863333333333333,0.0,20.63,83.10049
73.600292,59.8833,0.0,0,0.0,0.22494739133589725,62,100.0,123,100,0,2.47,19.59,1027.2,23,21.24,0.0,16.25,0.0,15.38,412.23701
64.041666,45.048895,93.45,0,383.145,0.2200180342651037,61,1.2,4,0,0,4.1,19.91,1026.7,4,21.6,0.0,17.486666666666668,0.0,16.64,1377.1819
56.134103,30.221172,276.79,0,1835.1177,0.253770819929945,71,0.6,2,0,0,6.63,22.49,1025.7,2,30.24,0.0,21.01,0.0,19.73,2016.125
50.75983,15.572385,434.32,0,3478.9031999999997,0.23118509034001994,65,0.3,1,0,0,8.01,22.18,1025.8,1,27.0,0.0,21.150000000000002,0.0,19.88,1978.0229
48.790092,5.4464999,558.03,0,5513.3364,0.211991661661308,60,0.3,1,0,0,9.88,23.28,1025.0,1,23.76,0.0,22.08,0.0,20.97,2559.2473
50.631895,15.190302,614.99,0,7539.7774,0.1892014995970709,54,100.0,207,100,24,12.26,23.86,1023.6,83,25.2,0.0,22.36666666666667,0.0,21.37,2767.1597
55.905024,29.839775,469.03,0,5722.165999999999,0.1927457508323112,55,100.0,228,100,28,12.2,24.69,1023.2,100,26.64,0.0,23.0,0.0,21.9,2061.6401
63.735465,44.658391,534.0,0,7139.58,0.20242914979757087,58,100.0,200,0,100,13.37,27.24,1023.6,100,30.96,0.0,25.286666666666665,0.0,23.93,1623.7999
73.244543,59.497135,508.19,0,6753.8451,0.21645021645021645,62,30.0,110,10,0,13.29,29.28,1022.4,100,30.96,0.0,26.986666666666668,0.0,25.46,630.18648
83.611669,74.151536,426.31,0,5546.2931,0.2236511042773274,64,28.2,104,10,0,13.01,29.6,1022.4,94,31.68,0.0,26.786666666666665,0.0,25.26,134.7186
109.958,110.79766,278.57,0,3440.3395,0.23467600700525393,67,30.0,110,10,0,12.35,29.69,1023.1,100,29.88,0.0,26.27666666666667,0.0,24.57,288.35628
73.293908,59.840704,0.0,0,0.0,0.3187450755676528,89,100.0,200,100,100,6.07,17.97,1025.9,0,18.0,0.0,13.813333333333333,0.0,12.48,758.63765
63.710982,44.991287,42.72,0,317.40959999999995,0.29937985601254546,84,100.0,120,100,20,7.43,12.98,1025.7,0,16.56,0.0,12.17,0.0,11.72,1210.4983
55.780064,30.152587,216.27,0,2212.4421,0.2505469687345614,71,25.0,25,25,0,10.23,12.82,1025.7,0,15.48,0.0,12.053333333333335,0.0,11.53,1167.5445
50.382831,15.441442,434.32,0,5594.0416000000005,0.20277593259448312,58,29.0,46,29,0,12.88,13.39,1024.5,17,15.84,0.0,12.766666666666667,0.0,12.31,1355.6717
48.411845,5.1788282,550.02,0,8112.795,0.1667245571378951,48,100.0,236,100,36,14.75,16.36,1023.4,100,18.0,0.0,15.32,0.0,14.53,1745.4971
50.2779,15.148517,614.1,0,9150.09,0.17705259503558413,51,30.0,100,0,0,14.9,19.68,1023.7,100,20.16,0.0,18.686666666666667,0.0,17.94,1377.0492
55.589638,29.854184,642.58,0,10037.0996,0.1766111438168785,51,30.0,100,0,0,15.62,19.35,1022.9,100,20.88,0.0,18.419999999999998,0.0,17.57,1995.1997
63.459604,44.694651,620.33,0,10098.9724,0.17966347648827008,52,30.0,100,0,0,16.28,18.16,1022.7,100,20.16,0.0,17.38,0.0,16.6,1535.1652
73.001165,59.548279,545.57,0,9040.094900000002,0.1829352478254867,53,30.0,100,0,0,16.57,20.09,1022.1,100,21.6,0.0,18.936666666666667,0.0,18.0,905.77123
83.395289,74.218732,429.87,0,6920.907000000001,0.19360414866032843,56,30.0,100,0,0,16.1,23.77,1022.2,100,22.32,0.0,22.013333333333332,0.0,20.88,86.759195
109.65239,110.88686,284.8,0,4209.344,0.22227624769909357,64,10.5,35,0,0,14.78,26.56,1022.7,35,26.64,0.0,23.633333333333336,0.0,22.37,144.65972
72.984892,59.797326,0.0,0,0.0,0.30264817150063056,84,1.0,1,0,1,4.4,20.32,1026.6,0,23.4,0.0,14.336666666666666,0.0,13.0,734.29853
63.377801,44.933901,95.23,0,646.6117,0.27148674716010573,76,0.0,0,0,0,6.79,15.94,1026.3,0,22.68,0.0,10.163333333333334,0.0,7.21,1543.786
55.420508,30.075543,283.02,0,3333.9755999999998,0.2105780367107711,60,0.0,0,0,0,11.78,9.03,1024.9,0,14.4,0.0,7.993333333333333,0.0,7.09,2325.0675
50.003562,15.316654,441.44,0,6546.5552,0.15626085144801724,45,10.0,10,0,10,14.83,16.65,1024.2,0,18.72,0.0,14.58,0.0,13.71,2678.9464
48.032394,4.9260227,534.89,0,8686.613599999999,0.1382217768409413,40,0.0,0,0,0,16.24,17.56,1024.0,0,23.76,0.0,16.55666666666667,0.0,15.5,2850.3126
49.923024,15.118589,638.13,0,10663.1523,0.17249706754985167,50,2.0,2,0,2,16.71,18.58,1023.6,0,27.72,0.0,18.08666666666667,0.0,17.34,2484.5189
55.274224,29.875213,675.51,0,11449.894499999999,0.17580144777662876,51,0.0,0,0,0,16.95,19.35,1023.5,0,28.44,0.0,18.686666666666667,0.0,17.85,2129.886
63.221041,44.796586,650.59,0,11060.03,0.16887816646562123,49,0.0,0,0,0,17.0,19.86,1023.5,0,28.8,0.0,18.933333333333334,0.0,18.08,494.96428
72.758443,59.603128,555.36,0,9207.868799999998,0.17602595519966868,51,92.0,93,1,92,16.58,20.36,1023.2,0,25.92,0.0,19.436666666666667,0.0,18.58,415.2075
83.179117,74.28862,369.35,0,5835.7300000000005,0.183422737497837,53,100.0,100,0,100,15.8,19.86,1023.1,0,28.08,0.0,18.753333333333334,0.0,17.82,56.929919
72.759781,59.877091,0.0,0,0.0,0.3526520143910519,99,63.0,63,63,0,7.58,4.83,1024.1,0,6.48,0.0,3.94,0.0,3.89,158.79974
63.088927,44.954645,82.77,0,692.7848999999999,0.32679738562091504,92,100.0,100,100,0,8.37,4.35,1024.5,0,9.36,0.0,3.67,0.0,3.56,390.1007
55.058654,30.000599,275.9,0,2996.2739999999994,0.2781592197457836,79,36.0,46,36,10,10.86,2.1,1024.5,0,8.64,0.0,2.16,0.0,2.1,745.79267
49.622146,15.198496,428.09,0,5727.8442,0.23732244442117756,68,0.0,0,0,0,13.38,6.48,1023.5,0,9.0,0.0,6.36,0.0,6.48,1905.4306
47.651298,4.6871001,550.02,0,8228.2992,0.21519558501961059,62,66.0,76,66,10,14.96,9.0,1023.0,0,19.44,0.0,9.0,0.0,9.0,2529.1166
49.56737,15.100744,623.0,0,9849.630000000001,0.21110188261351054,61,67.0,67,67,0,15.81,12.65,1023.5,0,22.68,0.0,12.526666666666666,0.0,12.32,2227.0099
54.958868,29.902845,572.27,0,8366.587399999999,0.25019981235014077,72,100.0,100,100,0,14.62,13.76,1023.2,0,11.52,0.0,13.623333333333333,0.0,13.0,1586.9667
62.910944,44.789944,527.77,0,7795.162899999999,0.23617671575437624,68,61.0,71,61,10,14.77,11.77,1023.1,0,25.2,0.0,11.68,0.0,10.97,2164.8406
72.516417,59.661611,570.49,0,9236.233100000001,0.18663164443215596,54,0.0,0,0,0,16.19,12.5,1022.5,0,25.56,0.0,12.273333333333333,0.0,11.66,692.53553
83.052225,74.482955,453.01,0,7017.1249,0.20094235033259425,58,24.0,24,24,0,15.49,14.8,1022.1,0,28.44,0.0,14.533333333333333,0.0,14.0,89.372797
82.306591,73.681505,0.0,0,0.0,0.33239395910109115,92,100.0,104,100,0,3.63,24.63,1030.3,4,29.88,0.0,21.396666666666665,0.0,20.0,75.66761
72.359527,59.70866,0.0,0,0.0,0.3329834594085925,92,100.0,100,100,0,3.14,28.58,1031.9,0,26.64,0.0,24.19666666666667,0.0,21.66,313.16457
62.7045,44.820323,48.95,0,167.8985,0.31817195748065663,88,100.0,101,100,0,3.43,28.34,1032.6,1,27.72,0.0,25.34,0.0,23.84,713.35139
54.694635,29.927938,243.86,0,1233.9316,0.2875525682038748,80,100.0,100,100,0,5.06,27.06,1033.0,0,28.08,0.0,24.866666666666664,0.0,23.77,1286.2453
49.238705,15.087446,458.35,0,2873.8545,0.25767661584711193,72,0.0,0,0,0,6.27,23.47,1032.9,0,26.28,0.0,21.94333333333333,0.0,20.87,1938.8014
47.268669,4.4647319,601.64,0,4554.4148000000005,0.22798518096323742,64,26.0,26,26,0,7.57,23.71,1032.4,0,25.56,0.0,22.51666666666667,0.0,21.92,3036.9697
49.211042,15.095165,680.85,0,6195.735,0.19840566873339238,56,0.0,0,0,0,9.1,28.09,1031.8,0,31.32,0.0,26.30333333333333,0.0,25.5,2999.3172
54.643658,29.937049,713.78,0,7002.1818,0.16963528413910095,48,0.0,0,0,0,9.81,26.41,1030.9,0,30.96,0.0,24.796666666666667,0.0,23.83,2746.2333
62.635229,44.831759,687.97,0,6989.7752,0.1517772051816032,43,0.0,0,0,0,10.16,28.04,1032.0,0,34.2,0.0,26.363333333333333,0.0,25.77,2275.757
72.275127,59.723652,606.09,0,5873.0121,0.15202941592419744,43,0.0,0,0,0,9.69,30.19,1031.1,0,32.76,0.0,28.136666666666667,0.0,27.11,996.76998
82.836964,74.558282,480.6,0,4186.026000000001,0.15610586816149863,44,0.0,0,0,0,8.71,31.76,1031.7,0,33.12,0.0,29.19666666666667,0.0,28.17,110.45111
82.382876,74.155597,0.0,0,-0.0,0.3491179201485608,94,100.0,100,100,0,-3.9,20.38,1040.4,0,37.44,0.0,16.683333333333334,0.0,16.28,12.902924
72.043465,59.663593,0.89,0,-3.7647000000000004,0.34954633348207653,94,100.0,100,100,0,-4.23,18.04,1040.7,0,22.68,0.0,14.57,0.0,14.08,206.17519
62.36466,44.764396,122.82,0,-310.73459999999994,0.2882270342177223,78,3.9,13,0,0,-2.53,18.4,1039.2,13,29.16,0.0,15.063333333333333,0.0,14.19,798.55111
54.328586,29.857741,322.18,0,289.962,0.20069330414158004,55,3.6,12,0,0,0.9,21.44,1038.7,12,22.68,0.0,19.89333333333333,0.0,19.88,1915.7382
48.85336,14.98398,490.39,0,1834.0586,0.15168478457149048,42,1.2,4,0,0,3.74,18.16,1036.3,4,23.4,0.0,17.223333333333333,0.0,16.87,2849.3513
46.884618,4.2621629,619.44,0,3778.5840000000003,0.1360787824529991,38,0.3,1,0,0,6.1,15.07,1033.8,1,16.56,0.0,14.383333333333335,0.0,14.02,3049.4668
48.85414,15.101978,692.42,0,5103.1354,0.12476828746613433,35,0.0,0,0,0,7.37,24.65,1035.5,0,29.16,0.0,23.429999999999996,0.0,23.22,3000.4989
54.328675,29.977784,722.68,0,6128.3264,0.12072577495295246,34,0.0,0,0,0,8.48,23.19,1034.1,0,27.72,0.0,22.05666666666667,0.0,21.73,2739.6307
62.361711,44.886703,694.2,0,6532.4220000000005,0.11678935447338619,33,0.0,0,0,0,9.41,20.0,1032.7,0,25.56,0.0,19.23,0.0,18.68,2242.1163
72.034608,59.789172,609.65,0,5974.570000000001,0.1166283795723626,33,0.0,0,0,0,9.8,20.29,1031.9,0,24.48,0.0,19.34,0.0,19.02,998.95833
82.622047,74.636092,481.49,0,4554.8954,0.1203071370439829,34,0.0,0,0,0,9.46,21.92,1032.0,0,23.4,0.0,20.706666666666667,0.0,20.19,123.13811
82.433235,74.595199,0.0,0,-0.0,0.06961236901883198,19,0.0,0,0,0,-0.21,24.14,1034.0,0,18.36,0.0,18.180000000000003,0.0,16.7,293.74976
71.725341,59.618188,1.78,0,0.24920000000000003,0.06952321709539318,19,0.0,0,0,0,0.14,25.26,1033.9,0,18.72,0.0,18.41333333333333,0.0,16.3,952.55831
62.022882,44.709221,121.04,0,417.588,0.08315256688358642,23,0.0,0,0,0,3.45,22.68,1033.6,0,18.0,0.0,15.363333333333335,0.0,11.52,1766.8851
53.960639,29.790187,315.06,0,2435.4138000000003,0.07832526345770435,22,0.0,0,0,0,7.73,16.95,1032.0,0,16.2,0.0,14.896666666666667,0.0,14.42,2419.4932
48.466234,14.888563,485.05,0,5160.932000000001,0.07047464674583319,20,0.0,0,0,0,10.64,16.45,1030.2,0,15.48,0.0,14.756666666666666,0.0,14.26,2746.9364
46.499832,4.0875217,618.55,0,7867.956,0.059467590163360964,17,0.0,0,0,0,12.72,16.52,1029.8,0,15.48,0.0,15.11,0.0,14.69,2922.9944
48.524444,15.244918,696.87,0,9853.7418,0.06961606738835324,20,0.0,0,0,0,14.14,25.63,1029.5,0,22.68,0.0,23.560000000000002,0.0,22.67,2874.0353
54.014002,30.024997,725.35,0,10923.771,0.0659241525276708,19,0.0,0,0,0,15.06,23.32,1028.6,0,21.24,0.0,21.643333333333334,0.0,20.42,2640.6783
62.088928,44.94615,696.87,0,10947.8277,0.06231392370006232,18,0.0,0,0,0,15.71,23.18,1028.9,0,20.16,0.0,21.493333333333336,0.0,20.63,2193.5643
71.794895,59.858086,614.99,0,9710.6921,0.06229667058904963,18,0.0,0,0,0,15.79,22.01,1028.3,0,19.44,0.0,20.203333333333333,0.0,19.11,984.0998
82.407517,74.716312,487.72,0,7496.2564,0.06931928462498267,20,0.0,0,0,0,15.37,20.21,1028.0,0,17.28,0.0,18.416666666666668,0.0,17.34,128.36806
82.134259,74.561315,0.0,0,0.0,0.15208024043161822,42,0.0,0,0,0,3.02,9.69,1032.2,0,6.48,0.0,11.886666666666665,0.0,14.76,279.15599
71.4053,59.572554,1.78,0,6.069800000000001,0.14101822389354932,39,0.0,0,0,0,3.41,6.79,1032.0,0,5.4,0.0,8.946666666666667,0.0,10.48,951.87368
61.679309,44.65493,125.49,0,722.8223999999999,0.1362446667383744,38,0.0,0,0,0,5.76,4.69,1031.7,0,1.44,0.0,5.766666666666667,0.0,5.62,1788.1319
53.571277,29.681165,317.73,0,3135.9951,0.12013285280192214,34,0.0,0,0,0,9.87,2.52,1030.3,0,5.04,0.0,2.32,0.0,2.16,2405.8256
48.077448,14.801651,485.05,0,6567.576999999999,0.10464264536607486,30,0.0,0,0,0,13.54,8.09,1029.6,0,8.28,0.0,7.580000000000001,0.0,7.41,2705.2294
46.109054,3.8903824,614.99,0,9151.0512,0.11109953824254419,32,0.0,0,0,0,14.88,11.97,1028.7,0,12.6,0.0,11.4,0.0,11.21,2822.5712
48.115082,15.066657,699.54,0,12074.0604,0.08264178230777178,24,0.0,0,0,0,17.26,6.13,1027.9,0,8.28,0.0,6.1866666666666665,0.0,6.13,2800.9035
53.699719,30.078623,727.13,0,13197.4095,0.08238928939237901,24,0.0,0,0,0,18.15,7.49,1027.6,0,10.08,0.0,7.28,0.0,7.2,2545.2561
61.816933,45.010024,696.87,0,13073.281200000001,0.08221712171559728,24,0.0,0,0,0,18.76,8.53,1027.2,0,11.88,0.0,8.216666666666667,0.0,8.22,2120.9897
71.556018,59.930307,612.32,0,11627.9568,0.08215239268843705,24,0.0,0,0,0,18.99,7.86,1025.8,0,11.88,0.0,7.516666666666667,0.0,7.86,972.16769
82.201162,74.809119,486.83,0,9113.4576,0.07880220646178093,23,0.0,0,0,0,18.72,6.57,1026.2,0,10.44,0.0,6.3566666666666665,0.0,6.64,140.21872
81.832922,74.526209,0.0,0,0.0,0.22271714922049,62,5.7,19,0,0,5.23,5.82,1027.8,19,9.72,0.0,7.366666666666667,0.0,8.89,262.79406
71.094325,59.541531,3.56,0,19.1528,0.21900692923562995,61,3.9,13,0,0,5.38,6.92,1027.9,13,10.08,0.0,7.096666666666667,0.0,7.73,942.49016
61.334083,44.601652,139.73,0,1170.9374,0.19180904344119634,54,0.9,3,0,0,8.38,8.31,1027.8,3,10.44,0.0,5.66,0.0,5.05,1761.0983
53.219596,29.663712,329.3,0,4359.932,0.15363664932434792,44,8.4,28,0,0,13.24,7.28,1026.8,28,11.52,0.0,6.763333333333333,0.0,6.85,2330.1819
47.687125,14.723681,493.06,0,7169.0923999999995,0.12861065730473775,37,4.2,14,0,0,14.54,12.78,1025.9,14,15.48,0.0,12.406666666666666,0.0,12.07,2697.1626
45.725039,3.8204094,621.22,0,9573.0002,0.11436096479068478,33,2.4,8,0,0,15.41,17.16,1025.4,8,18.36,0.0,16.57,0.0,16.1,2923.0258
47.780988,15.19724,706.66,0,11257.093799999999,0.08648125086481251,25,1.8,6,0,0,15.93,21.4,1025.0,6,21.96,0.0,20.266666666666666,0.0,19.56,2888.6197
53.385904,30.138588,737.81,0,12122.218299999999,0.08287865184059673,24,0.0,0,0,0,16.43,22.13,1024.5,0,23.4,0.0,21.016666666666666,0.0,20.19,2617.3262
61.545779,45.078239,712.0,0,11897.52,0.07934865107293178,23,0.0,0,0,0,16.71,22.8,1023.9,0,23.04,0.0,21.616666666666664,0.0,20.86,2146.9767
71.318008,60.005743,629.23,0,10464.0949,0.08282145075574575,24,0.0,0,0,0,16.63,23.6,1023.6,0,24.12,0.0,22.22,0.0,21.53,1074.9995
81.965937,74.864627,499.29,0,8088.498,0.08985657508208053,26,0.0,0,0,0,16.2,21.58,1023.1,0,23.04,0.0,20.026666666666667,0.0,19.16,219.21004
89.514217,85.185592,329.3,0,4998.774,0.10404744563520966,30,0.0,0,0,0,15.18,19.97,1022.6,0,19.44,0.0,17.656666666666666,0.0,16.9,0.996
81.529413,74.490011,0.0,0,0.0,0.21673951522595095,60,3.3,11,0,0,3.68,3.67,1027.4,11,7.56,0.0,7.8500000000000005,0.0,10.46,310.05984
70.760052,59.481056,4.45,0,17.221500000000002,0.21298101220128512,59,0.0,0,0,0,3.87,5.48,1027.5,0,8.64,0.0,8.886666666666667,0.0,11.25,1030.0652
60.987349,44.549519,138.84,0,962.1612,0.18923164810054272,53,0.0,0,0,0,6.93,6.29,1027.3,0,6.84,0.0,7.289999999999999,0.0,7.65,1834.6125
52.846771,29.605133,333.75,0,3838.125,0.14754962234322855,42,0.0,0,0,0,11.5,6.44,1026.2,0,9.72,0.0,5.486666666666667,0.0,4.83,2424.6642
47.295387,14.655065,507.3,0,7300.0470000000005,0.09737775613827643,28,1.2,4,0,0,14.39,2.16,1024.7,4,4.68,0.0,1.92,0.0,2.16,2605.223
45.336401,3.7553228,627.45,0,10283.9055,0.0725288388478276,21,28.8,96,0,0,16.39,4.21,1024.2,96,5.4,0.0,4.063333333333333,0.0,3.88,2909.6684
47.42278,15.253809,719.12,0,12642.129599999998,0.06535273277611531,19,0.0,0,0,0,17.58,10.09,1024.2,0,10.08,0.0,9.983333333333334,0.0,9.72,2774.5503
53.072632,30.204805,745.82,0,13581.382200000002,0.06521142229544208,19,0.0,0,0,0,18.21,11.9,1023.4,0,10.08,0.0,11.536666666666667,0.0,11.17,2511.2375
61.275516,45.150707,715.56,0,13216.393199999999,0.06858240175570948,20,0.0,0,0,0,18.47,13.32,1023.7,0,11.88,0.0,13.086666666666666,0.0,12.6,2140.0965
71.080891,60.0843,630.12,0,11518.5936,0.07548982603026456,22,0.0,0,0,0,18.28,16.2,1023.5,0,12.96,0.0,15.6,0.0,15.12,1071.7122
81.766611,74.970634,501.07,0,8878.9604,0.07563516347509197,22,0.0,0,0,0,17.72,17.65,1023.1,0,14.76,0.0,16.696666666666662,0.0,16.24,141.87328
81.223917,74.452852,0.0,0,0.0,0.169332756881395,47,0.0,0,0,0,4.41,2.19,1027.6,0,3.24,0.0,6.859999999999999,0.0,9.5,276.98497
70.435138,59.435416,5.34,0,24.4572,0.16922910740647393,47,0.0,0,0,0,4.58,5.62,1028.4,0,6.48,0.0,8.450000000000001,0.0,10.23,1050.2024
60.639248,44.498659,142.4,0,1069.424,0.1567733200313547,44,0.0,0,0,0,7.51,8.71,1028.0,0,3.96,0.0,8.113333333333335,0.0,7.42,1870.1204
52.47259,29.549884,336.42,0,3936.114,0.14042478497454802,40,0.0,0,0,0,11.7,6.41,1026.9,0,3.96,0.0,6.006666666666668,0.0,5.99,2429.165
46.902355,14.596189,505.52,0,7613.1312,0.11796953610214775,34,0.0,0,0,0,15.06,0.72,1025.9,0,4.32,0.0,0.7200000000000001,0.0,0.72,2704.2585
44.946888,3.7667248,637.24,1,10501.7152,0.10012774919725166,29,0.0,0,0,0,16.48,1.84,1024.7,0,5.04,0.0,1.8233333333333335,0.0,1.44,2771.6524
47.064488,15.322585,713.78,0,13055.036199999999,0.08578094976667582,25,0.0,0,0,0,18.29,5.59,1024.7,0,5.4,0.0,5.706666666666667,0.0,5.59,2766.9008
52.759978,30.277181,739.59,0,14163.1485,0.08552856654122479,25,0.0,0,0,0,19.15,7.28,1024.7,0,6.84,0.0,7.28,0.0,6.92,2574.2355
61.006193,45.227332,708.44,0,13871.2552,0.08540293102859291,25,0.0,0,0,0,19.58,8.28,1024.4,0,8.28,0.0,8.159999999999998,0.0,7.92,2135.084
70.844693,60.16588,623.0,0,12179.65,0.08882815169115135,26,0.0,0,0,0,19.55,9.73,1023.5,0,9.72,0.0,9.606666666666667,0.0,9.36,1018.289
81.553972,75.059675,493.95,0,9424.565999999999,0.09239297813366186,27,0.0,0,0,0,19.08,11.17,1023.8,0,11.52,0.0,10.81,0.0,10.44,155.41676
80.916614,74.414855,0.0,0,0.0,0.25580976400648536,71,1.2,4,0,0,4.4,5.09,1028.3,4,2.88,0.0,7.063333333333333,0.0,8.4,295.74341
70.108894,59.389997,6.23,0,27.412000000000003,0.24860385516123226,69,0.0,0,0,0,4.4,1.61,1029.0,0,1.44,0.0,6.496666666666666,0.0,9.29,1032.6548
60.289928,44.449197,146.85,0,1102.8435,0.21021877004204378,59,0.0,0,0,0,7.51,1.08,1028.8,0,2.16,0.0,4.496666666666667,0.0,5.8,1820.7111
52.097192,29.498123,339.98,0,3984.5656000000004,0.16849791132797415,48,0.0,0,0,0,11.72,2.19,1027.4,0,1.08,0.0,1.7033333333333331,0.0,1.44,2355.2314
46.508153,14.547402,508.19,0,7328.0998,0.13214173940258025,38,0.0,0,0,0,14.42,1.14,1026.3,0,6.12,0.0,1.4133333333333333,0.0,1.3,2666.7428
44.556609,3.849398,639.02,1,10352.124,0.11404872991187145,33,0.0,0,0,0,16.2,3.98,1026.1,0,8.28,0.0,4.2299999999999995,0.0,4.02,2820.1406
46.706206,15.403369,722.68,0,12480.683599999998,0.08952551477170995,26,0.0,0,0,0,17.27,10.85,1024.7,0,11.52,0.0,10.716666666666667,0.0,10.45,2791.1566
52.448016,30.355612,750.27,0,13527.3681,0.08242324335462602,24,0.0,0,0,0,18.03,11.18,1024.4,0,12.24,0.0,11.053333333333333,0.0,10.8,2574.2649
60.737858,45.308018,720.9,0,13286.187,0.08231017216544345,24,0.0,0,0,0,18.43,10.09,1024.0,0,11.16,0.0,10.096666666666666,0.0,9.75,1970.0668
70.60944,60.250383,636.35,0,11740.6575,0.08230452674897121,24,0.0,0,0,0,18.45,10.14,1023.2,0,11.88,0.0,9.906666666666666,0.0,9.47,890.54546
81.341874,75.150699,507.3,0,9192.276,0.08239777526006799,24,0.0,0,0,0,18.12,8.67,1023.1,0,11.16,0.0,8.676666666666668,0.0,8.35,201.97139
88.626427,85.041882,338.2,0,5830.567999999999,0.09297840834739489,27,0.0,0,0,0,17.24,7.59,1023.4,0,9.36,0.0,7.466666666666666,0.0,7.24,3.1634921
80.51616,74.252706,0.0,0,0.0,0.18340705577732225,51,24.6,82,0,0,4.92,11.99,1023.8,82,9.72,0.0,11.063333333333333,0.0,10.97,316.75294
69.781467,59.344908,8.9,0,45.657000000000004,0.18326865028029324,51,24.6,82,0,0,5.13,12.23,1023.8,82,9.72,0.0,11.106666666666667,0.0,11.3,1119.0581
59.939531,44.401257,161.09,0,1330.6034,0.1670160975089727,47,15.3,51,0,0,8.26,12.29,1022.3,51,8.28,0.0,8.889999999999999,0.0,6.79,1684.25
51.720713,29.450006,352.44,0,4483.0368,0.13992374156084933,40,2.1,7,0,0,12.72,6.29,1022.3,7,6.84,0.0,5.63,0.0,5.59,2025.6491
46.112903,14.50901,515.31,0,7992.458099999999,0.11432134691332364,33,0.0,0,0,0,15.51,6.11,1020.5,0,7.2,0.0,5.8566666666666665,0.0,5.6,2449.8276
44.165673,3.9787206,643.47,1,10990.4676,0.09302966612686492,27,0.0,0,0,0,17.08,7.9,1019.4,0,11.16,0.0,7.8,0.0,7.41,2696.244
46.348029,15.495919,718.23,0,12468.4728,0.09982444666276548,29,0.0,0,0,0,17.36,12.07,1020.7,0,14.04,0.0,11.660000000000002,0.0,11.18,2719.7232
52.136821,30.439986,744.04,0,13348.0776,0.09962554536397679,29,0.0,0,0,0,17.94,12.88,1019.7,0,15.12,0.0,12.56,0.0,11.92,2363.8079
60.470557,45.392663,713.78,0,12819.488800000001,0.10305382844972692,30,0.6,2,0,0,17.96,13.58,1019.2,2,16.92,0.0,13.456666666666665,0.0,12.9,1622.7733
70.375157,60.337709,630.12,0,11216.136,0.10654751675545626,31,0.0,0,0,0,17.8,15.19,1018.9,0,18.0,0.0,14.856666666666667,0.0,14.19,919.99007
81.159916,75.283394,504.63,0,8624.1267,0.11714443219404633,34,0.0,0,0,0,17.09,18.22,1019.3,0,19.08,0.0,17.30666666666667,0.0,16.49,170.47789
88.105037,84.6828,341.76,0,5328.0383999999995,0.12121631917988504,35,1.5,5,0,0,15.59,20.3,1019.4,5,19.44,0.0,18.76666666666667,0.0,17.71,0.42124183
80.113846,74.089689,0.0,0,0.0,0.3391665163268988,94,100.0,109,100,9,4.0,27.69,1024.7,0,18.36,0.0,23.316666666666666,0.0,21.46,13.023446
69.453003,59.300255,2.67,0,10.2795,0.33574007220216606,93,100.0,136,100,36,3.85,28.09,1025.2,0,33.48,0.0,24.016666666666666,0.0,22.38,80.849335
59.588202,44.354955,63.19,0,286.2507,0.3169115528666091,88,100.0,138,100,38,4.53,27.6,1025.6,0,27.72,0.0,24.666666666666668,0.0,23.36,149.22339
51.34329,29.405678,145.96,0,741.4768,0.2947201955216907,82,100.0,200,100,100,5.08,28.37,1026.1,0,26.28,0.0,25.463333333333335,0.0,24.36,327.36518
45.716728,14.481273,369.35,0,2596.5305000000003,0.25340852309229783,71,100.0,100,100,0,7.03,28.17,1024.8,0,26.64,0.0,26.14333333333333,0.0,25.13,716.79222
43.774188,4.1442438,595.41,1,5025.260399999999,0.2237295358499947,63,48.0,48,48,0,8.44,23.23,1024.1,0,24.84,0.0,22.126666666666665,0.0,21.44,343.72481
79.893718,74.173373,0.0,0,-0.0,0.32425179829301926,87,0.0,0,0,0,-4.84,18.72,1029.0,0,19.08,0.0,11.763333333333334,0.0,8.65,373.094
69.123648,59.25614,10.68,0,-42.2928,0.3269066458635165,88,0.0,0,0,0,-3.96,14.92,1028.5,0,23.04,0.0,9.53,0.0,7.52,1187.4758
59.236086,44.310406,165.54,0,-175.4724,0.2646183248189937,72,0.0,0,0,0,-1.06,15.75,1028.4,0,24.12,0.0,14.423333333333332,0.0,13.8,1987.7126
50.96506,29.365277,358.67,0,258.2424,0.21543067878920655,59,0.0,0,0,0,0.72,21.07,1028.9,0,26.64,0.0,19.773333333333337,0.0,19.01,2530.0079
45.319752,14.464402,524.21,0,1216.1672,0.18876828692779615,52,0.0,0,0,0,2.32,20.95,1026.2,0,26.64,0.0,20.026666666666667,0.0,19.16,2894.8564
43.382265,4.3393921,652.37,1,2759.5251000000003,0.16223231667748217,45,0.0,0,0,0,4.23,18.88,1026.0,0,26.28,0.0,18.209999999999997,0.0,17.58,3056.7941
45.632376,15.715145,736.03,0,4445.6212,0.1432716071492532,40,0.0,0,0,0,6.04,23.98,1024.6,0,27.72,0.0,22.71666666666667,0.0,21.95,2997.9068
51.517024,30.626087,762.73,0,5308.6008,0.12495091214165865,35,0.0,0,0,0,6.96,23.0,1022.5,0,27.0,0.0,22.003333333333334,0.0,21.25,2742.1568
59.939252,45.57342,732.47,0,5647.3437,0.12105675425478889,34,0.0,0,0,0,7.71,22.77,1022.6,0,26.28,0.0,21.77,0.0,21.27,2261.1239
69.909604,60.520427,646.14,0,5014.0464,0.12459506603538502,35,0.0,0,0,0,7.76,23.58,1021.6,0,24.12,0.0,22.386666666666667,0.0,21.79,1191.2775
80.709066,75.434737,516.2,0,3856.014,0.13541443945549142,38,0.0,0,0,0,7.47,23.36,1021.4,0,24.12,0.0,22.033333333333335,0.0,21.37,187.58972
88.316702,85.721107,347.1,0,2342.925,0.14648088603072526,41,0.0,0,0,0,6.75,22.47,1021.6,0,23.04,0.0,20.80333333333333,0.0,19.97,1.6152778
87.524819,84.830322,0.0,0,-0.0,0.35372528577279666,95,2.0,2,2,0,-4.58,4.21,1024.9,0,11.16,0.0,5.046666666666667,0.0,6.03,4.1297112
79.580745,74.133099,0.0,0,-0.0,0.349702380952381,94,100.0,100,100,0,-4.35,3.98,1024.9,0,10.8,0.0,4.35,0.0,4.68,359.65066
68.793548,59.212658,9.79,0,-27.5099,0.3033217429903085,82,100.0,100,100,0,-2.81,1.48,1025.0,0,10.44,0.0,1.7866666666666664,0.0,1.94,928.4873
58.883325,44.267714,141.51,0,370.7562,0.2175726148602096,60,100.0,100,100,0,2.62,2.62,1023.3,0,10.08,0.0,1.3099999999999998,0.0,0.51,1368.7558
50.58616,29.328928,358.67,0,1043.7297,0.19198724914873577,53,0.0,0,0,0,2.91,11.09,1022.3,0,14.4,0.0,10.800000000000002,0.0,10.8,1027.2717
44.9221,14.458547,527.77,1,1841.9173,0.1662810873337189,46,0.0,0,0,0,3.49,17.08,1020.3,0,19.44,0.0,16.95,0.0,16.99,1031.5255
42.992496,4.5854296,658.6,1,3102.006,0.1619520621895919,45,0.0,0,0,0,4.71,17.73,1018.7,0,20.16,0.0,17.726666666666663,0.0,17.41,1008.4002
45.275095,15.841155,648.81,1,4003.1576999999997,0.168265788343119,47,10.0,10,10,0,6.17,15.27,1018.6,0,17.64,0.0,14.933333333333332,0.0,14.26,1991.6894
51.208576,30.727565,678.18,0,4564.1514,0.16078319279691297,45,10.0,10,10,0,6.73,15.04,1018.6,0,17.28,0.0,14.88,0.0,14.33,1378.1712
59.675349,45.669323,705.77,0,4841.5822,0.15356594407342594,43,20.0,20,20,0,6.86,15.68,1017.3,0,18.72,0.0,15.31,0.0,14.62,498.44188
69.678393,60.61562,511.75,0,3254.73,0.15741833923652107,44,58.0,68,10,58,6.36,14.56,1016.9,0,18.72,0.0,14.290000000000001,0.0,13.8,100.45392
80.550851,75.602098,381.81,0,2428.3116,0.15384064970841832,43,75.0,85,10,75,6.36,13.8,1016.9,0,22.32,0.0,13.663333333333334,0.0,13.08,12.821569
87.577975,85.277651,0.0,0,-0.0,0.32168607875762617,87,0.0,0,0,0,-2.7,12.92,1020.3,0,8.28,0.0,10.556666666666667,0.0,9.72,2.1010436
79.266818,74.092551,0.0,0,-0.0,0.3218526876549147,87,0.0,0,0,0,-2.84,13.63,1019.4,0,8.64,0.0,11.266666666666666,0.0,10.8,341.86061
68.462843,59.1699,14.24,0,-30.9008,0.306295667576943,83,0.0,0,0,0,-2.17,15.68,1020.5,0,11.16,0.0,12.33,0.0,11.17,1201.3055
58.530062,44.226978,173.55,0,357.51300000000003,0.2289161004323971,63,0.0,0,0,0,2.06,12.57,1019.6,0,7.92,0.0,11.373333333333333,0.0,11.01,1957.4223
50.258246,29.408181,366.68,0,1851.734,0.18332135154565063,51,0.0,0,0,0,5.05,12.1,1017.7,0,6.48,0.0,11.523333333333333,0.0,11.3,2528.7962
44.447837,14.217778,534.0,1,3615.18,0.15718776793369538,44,0.0,0,0,0,6.77,12.77,1016.7,0,9.72,0.0,12.5,0.0,12.43,2848.1827
42.597579,4.8005218,663.94,1,5417.750400000001,0.1386370907539725,39,0.0,0,0,0,8.16,15.38,1016.7,0,10.8,0.0,14.656666666666666,0.0,14.35,2952.9333
44.918336,15.977612,746.71,1,6369.436299999999,0.11715421755183189,33,0.0,0,0,0,8.53,8.43,1016.6,0,9.0,0.0,7.866666666666667,0.0,7.75,2915.0436
50.901216,30.834489,771.63,0,7168.4427,0.11683897464948308,33,0.0,0,0,0,9.29,12.76,1015.8,0,11.88,0.0,12.336666666666668,0.0,12.52,2651.5866
59.412694,45.768773,737.81,0,7282.184699999999,0.11306621440180907,32,0.0,0,0,0,9.87,15.54,1015.5,0,15.12,0.0,14.840000000000002,0.0,14.49,2153.0843
69.448275,60.71324,649.7,0,6516.491,0.1165336535066036,33,0.0,0,0,0,10.03,17.16,1014.6,0,16.92,0.0,16.383333333333336,0.0,16.17,1179.0811
80.290352,75.632314,520.65,0,5097.1635,0.12016681982045664,34,0.0,0,0,0,9.79,19.35,1014.6,0,18.36,0.0,18.173333333333332,0.0,17.94,213.97641
87.943014,85.944587,351.55,0,3192.074,0.12755553980795806,36,0.0,0,0,0,9.08,19.42,1015.1,0,16.2,0.0,17.983333333333334,0.0,17.3,3.7451389
78.952091,74.051822,0.0,0,0.0,0.3399247048503235,93,100.0,155,55,100,0.44,41.87,1017.9,0,42.12,0.0,34.34,0.0,31.43,22.180013
68.131676,59.127952,14.24,0,12.6736,0.33936651583710414,93,100.0,200,100,100,0.89,40.07,1017.9,0,40.32,0.0,33.14333333333333,0.0,29.83,159.44572
58.176435,44.188288,129.94,0,257.2812,0.319848798749682,88,100.0,200,100,100,1.98,38.49,1017.0,0,34.56,0.0,33.14666666666667,0.0,30.45,343.32086
49.826897,29.26884,334.64,0,1358.6383999999998,0.2741603838245374,76,85.0,167,85,82,4.06,37.88,1017.3,0,37.08,0.0,33.403333333333336,0.0,30.96,2283.5726
44.125262,14.480216,522.43,1,2993.5239,0.25100401606425704,70,12.0,12,12,0,5.73,35.23,1015.9,0,34.92,0.0,31.853333333333335,0.0,30.14,2445.9668
42.204987,5.0593281,651.48,1,5016.396000000001,0.22431903151148302,63,2.0,2,2,0,7.7,33.91,1014.5,0,33.48,0.0,31.166666666666668,0.0,29.6,1415.1719
69.21927,60.813193,604.31,0,6308.996399999999,0.17631087132832612,50,10.0,10,10,0,10.44,26.14,1012.5,0,28.08,0.0,24.69,0.0,23.73,95.074551
80.08203,75.733306,488.61,0,5101.0884,0.16925843647519306,48,10.0,10,10,0,10.44,21.79,1012.7,0,23.04,0.0,20.436666666666667,0.0,19.51,144.51816
87.497168,85.700915,351.55,0,3596.3565000000003,0.16938386618674572,48,31.0,35,4,31,10.23,18.67,1012.6,0,22.32,0.0,17.393333333333334,0.0,16.64,0.68412698
78.636713,74.010996,0.0,0,0.0,0.3318866479448558,91,100.0,200,100,100,1.04,41.51,1018.1,0,40.32,0.24000000000000002,36.059999999999995,0.1,34.51,13.995278
67.800184,59.086891,10.68,0,14.311200000000001,0.32059455717876795,88,100.0,200,100,100,1.34,31.75,1018.7,0,25.2,0.1,28.463333333333335,0.1,27.7,40.578889
57.822584,44.15173,172.66,0,459.2756,0.29368043218157425,81,62.0,105,62,43,2.66,30.49,1018.6,0,24.48,0.1,28.646666666666665,0.1,28.55,82.954039
49.446804,29.245295,333.75,0,1368.3749999999998,0.27051397655545534,75,100.0,105,100,5,4.1,31.45,1018.5,0,27.36,0.0,30.023333333333337,0.0,29.76,159.23395
43.726326,14.50776,404.06,1,2008.1781999999998,0.25528548827844094,71,100.0,104,100,4,4.97,34.9,1018.3,0,32.4,0.1,33.02333333333333,0.1,32.59,415.38627
41.812435,5.3337756,377.36,1,1939.6304,0.24075604585144997,67,100.0,110,100,10,5.14,27.46,1018.8,0,29.52,0.0,26.366666666666664,0.0,25.57,505.88852
44.206649,16.280276,201.14,1,883.0045999999999,0.2846436549686532,79,100.0,239,100,100,4.39,19.8,1018.9,39,19.8,0.4,18.096666666666668,0.4,17.5,456.43138
50.289989,31.064134,235.85,0,1351.4205000000002,0.2653471026965003,74,100.0,204,100,100,5.73,15.88,1018.4,4,19.08,0.4,14.813333333333333,0.4,14.28,463.791
58.89129,45.9779,261.66,0,1373.7150000000001,0.27298850574712646,76,100.0,242,100,100,5.25,18.08,1018.3,42,20.88,0.3,16.853333333333335,0.3,16.49,126.05724
68.99143,60.915386,174.44,0,971.6308,0.26908725602755457,75,100.0,200,100,100,5.57,17.76,1016.9,0,19.44,0.2,16.32,0.2,15.94,88.117222
79.874441,75.835652,218.94,0,1407.7841999999998,0.25037556334501754,70,100.0,200,100,100,6.43,19.21,1016.7,0,20.52,0.1,17.819999999999997,0.1,17.38,2.1630428
78.32083,73.970154,0.0,0,0.0,0.33311608371352025,92,100.0,154,100,54,3.03,26.37,1015.9,0,24.84,0.1,21.150000000000002,0.1,20.88,22.253985
67.468502,59.046792,11.57,0,49.982400000000005,0.30273543085739,84,100.0,106,100,6,4.32,26.42,1015.7,0,28.44,0.0,22.933333333333334,0.0,23.14,200.51778
57.468644,44.117378,92.56,0,422.99920000000003,0.28445916750684147,79,100.0,200,100,100,4.57,28.24,1015.4,0,36.36,0.3,26.150000000000002,0.3,25.28,384.36778
49.06658,29.226194,141.51,0,796.7013,0.2869646316091542,80,100.0,200,100,100,5.63,29.56,1015.5,0,33.84,0.6,26.896666666666665,0.6,26.65,271.08084
43.327208,14.546367,140.62,1,781.8471999999999,0.304976498869793,85,100.0,200,100,100,5.56,16.42,1014.2,0,28.08,0.9,15.723333333333334,0.9,15.46,246.9109
41.420008,5.6215541,195.8,1,1072.9840000000002,0.31583103039873667,88,100.0,200,100,100,5.48,13.68,1013.8,0,30.96,0.6,13.283333333333333,0.6,12.89,307.93985
43.851973,16.445671,317.73,1,2907.2295000000004,0.20899752036840244,59,100.0,200,100,100,9.15,18.21,1013.8,0,23.04,0.0,17.266666666666666,0.0,16.74,245.80199
49.986316,31.18658,304.38,0,2742.4638,0.22682166146867028,64,100.0,200,100,100,9.01,19.35,1013.5,0,22.68,0.0,18.150000000000002,0.0,17.52,145.8094
58.632676,46.087373,285.69,0,2725.4826,0.22639640595705543,64,100.0,200,100,100,9.54,23.45,1012.2,0,30.6,0.7,21.516666666666666,0.7,20.72,249.51502
68.764788,61.019728,136.17,0,1102.9769999999999,0.2737777777777778,77,100.0,200,100,100,8.1,19.39,1012.2,0,24.48,0.6,17.496666666666666,0.6,16.45,47.087222
86.415733,85.179187,0.0,0,0.0,0.23869801084990958,66,81.0,126,0,81,3.35,15.29,1012.2,45,25.56,0.0,9.64,0.0,6.99,16.812366
78.004585,73.929372,0.0,0,0.0,0.30569910473833617,84,100.0,145,0,100,1.63,16.49,1013.0,45,21.24,0.0,12.25,0.0,11.25,189.80922
67.136762,59.007724,26.7,0,53.666999999999994,0.31254542811455155,86,0.0,0,0,0,2.01,10.23,1013.5,0,20.88,0.0,8.12,0.0,7.56,513.76958
57.114749,44.085304,187.79,0,1241.2919,0.2251930225907921,63,0.0,0,0,0,6.61,8.4,1011.9,0,23.76,0.0,8.066666666666668,0.0,7.24,784.0065
48.686354,29.211608,371.13,0,3863.4633,0.1728029341232896,49,76.0,120,0,76,10.41,19.08,1010.2,44,29.52,0.0,18.27,0.0,17.65,1027.8736
42.928029,14.595921,474.37,1,6057.7049,0.1538891997761612,44,100.0,100,0,100,12.77,19.47,1008.7,0,28.8,0.0,18.656666666666666,0.0,17.58,829.40524
41.027817,5.9208496,606.09,1,8982.2538,0.1354307740389624,39,100.0,108,0,100,14.82,27.0,1007.8,8,29.88,0.0,24.840000000000003,0.0,23.76,686.81278
43.498202,16.619882,735.14,1,11188.8308,0.1317751499809273,38,3.0,3,0,3,15.22,20.19,1007.7,0,24.84,0.0,19.333333333333332,0.0,18.37,556.95978
49.684039,31.313918,642.58,0,9278.8552,0.1425640669007963,41,100.0,200,100,100,14.44,26.54,1007.8,0,27.72,0.0,24.603333333333335,0.0,23.93,174.35133
58.375523,46.19998,457.46,0,6390.7162,0.16369462245750904,47,100.0,180,100,78,13.97,25.41,1007.3,2,25.56,0.0,23.67,0.0,22.67,34.002555
68.539381,61.126129,201.14,0,2120.0155999999997,0.23969826218759915,68,100.0,204,100,100,10.54,19.73,1007.5,4,24.12,0.0,17.580000000000002,0.0,16.09,14.595123
78.349309,74.556682,115.7,0,1249.5600000000002,0.24652227504842403,70,100.0,223,100,100,10.8,22.71,1007.4,23,21.96,0.7,19.656666666666666,0.7,18.53,9.6833722
77.247524,73.299865,0.0,0,0.0,0.34219436640011525,95,100.0,217,100,100,4.47,15.07,1009.5,17,18.36,1.6,12.666666666666666,1.6,11.72,1.8783543
66.805095,58.969753,15.13,0,71.111,0.3419111031131906,95,100.0,209,100,100,4.7,14.11,1009.9,9,17.28,0.7,11.746666666666664,0.7,10.69,40.961315
56.761029,44.055574,140.62,0,859.1882,0.32586120461218937,91,100.0,166,100,65,6.11,10.79,1009.6,1,16.92,0.4,10.06,0.4,9.39,398.11256
48.306257,29.201598,198.47,0,1411.1217000000001,0.3068579176478984,86,100.0,200,100,100,7.11,9.18,1009.7,0,14.76,0.4,8.766666666666667,0.4,8.21,550.69889
42.528909,14.656259,147.74,1,1202.6036000000001,0.29506914572149745,83,100.0,200,100,100,8.14,9.35,1008.0,0,14.04,0.2,9.003333333333334,0.2,8.77,297.92457
40.635972,6.2301044,160.2,1,1361.6999999999998,0.2911414876619919,82,100.0,200,100,100,8.5,8.91,1008.0,0,15.48,0.0,8.66,0.0,8.16,455.46878
43.145436,16.802484,172.66,1,1571.206,0.26217891939769705,74,100.0,110,100,10,9.1,17.41,1007.9,0,17.64,0.1,16.19666666666667,0.1,15.5,457.49553
49.383237,31.445999,223.39,0,2247.3034,0.23304261855160482,66,100.0,110,100,10,10.06,20.38,1007.1,0,20.88,0.0,18.876666666666665,0.0,17.97,393.47418
58.119887,46.315617,162.87,0,1464.2013000000002,0.27291415609271996,77,100.0,200,100,100,8.99,28.02,1006.9,0,23.76,0.3,24.953333333333333,0.3,23.93,206.87611
68.315246,61.234497,109.47,0,919.548,0.30900372935535436,87,100.0,200,100,100,8.4,22.8,1007.3,0,25.56,1.5,20.55,1.5,19.26,111.46311
79.256397,76.150001,122.82,0,1045.1981999999998,0.319534190158347,90,100.0,208,100,100,8.51,24.99,1006.7,8,21.96,1.4,21.97666666666667,1.4,20.67,75.63092
97.276608,100.07277,0.0,0,0.0,0.3438914027149321,95,100.0,138,100,14,3.1,12.6,1011.2,24,12.96,0.0,10.21,0.0,8.85,22.207222
88.412045,88.610039,0.0,0,0.0,0.34425279025945793,95,100.0,211,100,17,2.81,10.99,1010.8,94,12.96,0.0,8.6,0.0,7.29,93.382289
77.371561,73.848279,18.69,0,58.1259,0.3402591761384203,94,100.0,233,100,33,3.11,8.43,1011.8,100,11.52,0.0,7.293333333333333,0.0,6.57,185.65667
66.473633,58.932946,149.52,0,714.7056000000001,0.3166264886842011,88,100.0,155,100,38,4.78,9.83,1011.5,17,14.4,0.0,9.213333333333333,0.0,8.7,267.32485
56.407617,44.028253,291.92,0,1836.1768000000002,0.2934440309189808,82,100.0,188,100,86,6.29,17.61,1010.9,2,18.0,0.0,16.240000000000002,0.0,15.63,394.44308
47.926416,29.196219,365.79,0,2593.4511,0.2854695974878676,80,100.0,188,100,88,7.09,23.05,1010.1,0,21.96,0.0,21.290000000000003,0.0,20.52,482.98405
42.129966,14.727184,339.98,1,2298.2648,0.30009645957629244,84,100.0,204,100,100,6.76,25.2,1010.1,4,21.96,0.4,23.169999999999998,0.4,22.15,316.56143
40.244582,6.5479714,183.34,1,1422.7184,0.2456302730411876,69,100.0,110,100,10,7.76,23.86,1008.3,0,24.12,0.0,21.766666666666666,0.0,20.77,530.11866
42.793771,16.993046,194.91,1,1606.0584000000001,0.23810369949180854,67,100.0,110,100,10,8.24,25.76,1007.8,0,20.52,0.0,23.333333333333332,0.0,22.27,302.61083
49.083984,31.58267,203.81,0,1746.6517000000001,0.23072554309243223,65,100.0,112,100,10,8.57,26.3,1007.7,2,22.68,0.0,23.953333333333333,0.0,22.78,272.24847
57.865819,46.434174,210.04,0,1831.5488,0.2235072905949551,63,85.0,137,85,25,8.72,24.8,1006.9,27,21.6,0.0,22.44,0.0,21.26,194.02072
68.092415,61.344737,173.55,0,1563.6855,0.21618939608732637,61,24.0,54,10,24,9.01,23.03,1006.9,20,18.0,0.0,20.72,0.0,19.64,91.448095
75.710175,71.789045,138.84,0,1256.5020000000002,0.2090715804394047,59,16.0,50,14,16,9.05,20.49,1006.9,20,17.28,0.0,18.403333333333332,0.0,17.53,0.0375
97.048692,100.14847,0.0,0,0.0,0.34441503824819636,95,100.0,200,100,100,2.68,6.95,1008.0,0,11.16,1.4,4.736666666666667,1.4,3.71,13.485484
88.097853,88.565662,0.0,0,0.0,0.34777568468337927,96,100.0,200,100,100,2.89,11.53,1007.3,0,11.16,1.7,8.356666666666667,1.7,7.1,135.51043
77.055059,73.808113,5.34,0,17.1414,0.34375452308583015,95,100.0,200,100,100,3.21,13.98,1007.5,0,13.32,2.0,11.416666666666666,2.0,10.31,225.46611
66.142506,58.897366,39.16,0,141.7592,0.3360190772121256,93,100.0,200,100,100,3.62,15.39,1007.8,0,14.04,2.2,13.306666666666667,2.2,12.66,182.93889
56.054645,44.003401,56.96,0,224.4224,0.3356310224114909,93,100.0,200,100,100,3.94,12.22,1007.5,0,12.24,2.2,11.0,2.2,10.39,185.29973
47.546963,29.195516,98.79,0,534.4539000000001,0.31591039632395174,88,100.0,200,100,100,5.41,15.29,1005.8,0,20.52,1.5,13.313333333333333,1.5,12.41,249.62361
41.731321,14.808467,348.88,1,2539.8464,0.29240808757978826,82,100.0,200,100,100,7.28,23.69,1004.5,0,23.4,0.7,21.146666666666665,0.7,20.62,32.046548
48.786356,31.723768,276.79,0,2062.0855,0.27441197434069853,77,100.0,200,100,100,7.45,7.29,1003.4,0,10.08,1.5,6.8566666666666665,1.5,6.79,7.1075
57.613368,46.555537,216.27,0,1431.7074,0.3002466311613111,84,100.0,200,100,100,6.62,10.95,1002.6,0,10.8,1.7,9.979999999999999,1.7,10.14,9.3633974
67.870921,61.456753,88.11,0,221.15609999999998,0.33737212508162234,93,100.0,200,100,100,2.51,19.13,1005.2,0,16.2,3.6799999999999997,17.430000000000003,2.0,16.98,0.27835317
87.785874,88.522464,0.0,0,0.0,0.3492560119329137,96,100.0,200,100,100,1.72,18.34,1005.2,0,24.48,0.0,15.233333333333333,0.0,14.08,27.660556
76.738747,73.768299,18.69,0,41.11800000000001,0.3413836934810242,94,100.0,200,100,100,2.2,16.08,1006.2,0,20.88,0.0,13.76,0.0,12.43,260.85006
65.811848,58.863079,138.84,0,430.404,0.3330316742081448,92,100.0,200,100,100,3.1,13.01,1005.8,0,20.16,0.0,12.959999999999999,0.0,12.73,516.37833
55.702249,43.981079,289.25,0,1264.0225,0.3170942634765062,88,100.0,126,100,26,4.37,12.4,1006.4,0,21.6,0.0,12.199999999999998,0.0,11.77,626.12122
47.168028,29.199532,439.66,0,3130.3792000000003,0.2925750169479431,82,100.0,123,100,23,7.12,20.95,1004.7,0,25.56,0.5,20.296666666666667,0.5,20.14,298.40836
41.333094,14.899849,302.6,1,2323.9680000000003,0.2848698500872414,80,100.0,100,100,0,7.68,32.36,1004.2,0,33.12,0.7,31.45,0.7,31.24,219.53748
39.465799,7.219016,244.75,1,1818.4924999999998,0.3100719937272792,87,100.0,172,100,72,7.43,40.27,1005.6,0,39.96,0.0,37.800000000000004,0.0,36.2,109.12147
42.094133,17.396334,319.51,1,2361.1789,0.30298709631425114,85,100.0,170,100,70,7.39,44.87,1005.3,0,43.56,0.1,41.65,0.1,40.26,202.1585
48.490422,31.869126,258.1,0,1971.884,0.28847181167420494,81,100.0,130,100,30,7.64,47.24,1005.8,0,44.64,0.1,43.25,0.1,41.4,85.974686
57.36258,46.679587,266.11,0,2174.1187,0.27726432532347506,78,100.0,110,100,10,8.17,48.03,1005.9,0,45.36,0.0,44.00333333333333,0.0,42.14,116.51056
67.588334,61.484105,253.65,0,1811.061,0.2747154732598381,77,100.0,110,100,10,7.14,47.66,1006.2,0,44.64,0.0,43.38333333333333,0.0,41.31,39.148023
96.485564,100.16347,0.0,0,-0.0,0.3409554163732721,92,100.0,100,100,0,-3.32,35.67,1013.4,0,44.28,0.0,31.33,0.0,28.94,6.3583333
87.476735,88.480866,0.0,0,-0.0,0.3411703626789291,92,100.0,100,100,0,-3.49,37.48,1013.1,0,45.72,0.0,32.4,0.0,29.66,368.43005
76.422767,73.72891,30.26,0,-75.65,0.33622760022168857,91,100.0,100,100,0,-2.5,38.88,1013.0,0,46.08,0.0,36.13666666666666,0.0,34.94,1005.7376
65.481795,58.830151,174.44,0,-240.72719999999998,0.30172572395775843,82,100.0,100,100,0,-1.38,41.14,1013.2,0,54.72,0.0,39.68,0.0,38.96,1120.8914
55.350563,43.961345,193.13,0,-38.626000000000005,0.2784392745924162,76,10.0,10,10,0,-0.2,44.34,1013.2,0,55.44,0.0,42.73333333333333,0.0,41.8,1637.6355
46.789744,29.208303,247.42,0,200.4102,0.2445612498174916,67,48.0,48,48,0,0.81,47.59,1012.0,0,58.68,0.0,45.71333333333334,0.0,44.63,2142.2057
40.935407,15.001054,283.91,1,448.5778000000001,0.2293160557638409,63,49.0,49,49,0,1.58,49.33,1011.8,0,60.48,0.0,47.18,0.0,46.01,1305.8351
39.074226,7.5422315,425.42,1,1225.2096,0.2209904720501395,61,20.0,20,20,0,2.88,55.35,1012.6,0,65.16,0.0,53.63666666666666,0.0,52.46,1723.1202
41.746346,17.608201,381.81,1,1279.0635,0.21338155515370705,59,45.0,45,45,0,3.35,52.62,1012.3,0,70.56,0.0,51.23666666666667,0.0,50.07,1995.2404
48.19625,32.018569,378.25,0,1422.22,0.20584305369975806,57,100.0,100,100,0,3.76,55.88,1012.4,0,82.44,0.0,54.10999999999999,0.0,52.92,1689.6365
57.113496,46.806198,354.22,0,1388.5424,0.19850579275995237,55,10.0,10,10,0,3.92,57.37,1012.2,0,84.24,0.0,55.48,0.0,54.4,997.45909
67.432051,61.685696,280.35,0,1129.8105000000003,0.19842701493614262,55,35.0,35,35,0,4.03,58.69,1012.2,0,68.04,0.0,56.306666666666665,0.0,54.94,507.43333
76.20719,73.607072,226.06,0,849.9856,0.20584305369975806,57,10.0,10,10,0,3.76,59.49,1012.6,0,84.96,0.0,56.45666666666667,0.0,54.94,27.297123
96.624852,100.73023,0.0,0,-0.0,0.28696515948640594,78,97.0,145,43,97,-1.34,32.36,1021.9,5,39.24,0.0,28.92,0.0,27.73,6.5301802
87.170996,88.441247,0.0,0,-0.0,0.2678997394399795,73,100.0,158,100,57,-0.66,32.87,1022.2,1,39.6,0.0,30.433333333333334,0.0,29.08,121.87213
76.107259,73.690026,21.36,0,-4.4856,0.2747856671795999,75,100.0,203,100,100,-0.21,33.4,1022.8,3,38.52,0.14,31.906666666666666,0.0,30.87,450.78138
65.152482,58.798652,131.72,0,79.032,0.29954337899543376,82,100.0,135,100,0,0.6,32.48,1023.2,35,40.68,0.52,31.66333333333333,0.1,31.06,871.6075
54.999726,43.944261,222.5,0,500.625,0.29048656499636893,80,100.0,174,100,30,2.25,32.45,1023.5,44,40.68,0.66,31.590000000000003,0.1,31.06,875.37472
46.412244,29.22186,364.01,0,1572.5232,0.25948751216347715,72,100.0,224,100,48,4.32,37.97,1022.5,76,46.8,0.0,36.946666666666665,0.0,36.42,960.74139
40.538379,15.111784,420.97,1,2260.6089,0.26569007611661644,74,100.0,213,100,64,5.37,39.46,1021.8,49,48.6,0.1,38.53,0.1,37.68,813.86954
38.685736,7.8841805,170.88,1,1021.8624000000001,0.30451760828287894,85,100.0,137,100,4,5.98,27.78,1019.9,33,41.04,0.4,24.816666666666663,0.4,22.18,531.99432
41.400033,17.826312,341.76,1,3113.4336,0.2763409622334018,78,100.0,105,100,0,9.11,32.89,1018.9,5,45.36,0.1,29.99,0.1,27.27,270.46316
47.903901,32.171913,639.91,0,7147.7946999999995,0.25323579065841306,72,100.0,103,100,0,11.17,36.32,1018.5,3,47.52,0.0,32.56,0.0,29.69,326.12917
56.866152,46.935239,566.04,0,6939.6503999999995,0.2417574717073684,69,100.0,116,100,0,12.26,37.05,1017.6,16,46.44,0.0,33.056666666666665,0.0,30.06,140.42278
67.214717,61.802405,509.97,0,6267.5313,0.24873878923766815,71,100.0,110,100,0,12.29,37.84,1018.4,10,48.6,0.0,33.25,0.0,30.06,370.65444
75.072788,72.47701,185.12,0,1960.4208,0.2889969690561782,82,100.0,107,100,0,10.59,34.88,1019.1,7,41.76,0.0,28.97666666666667,0.0,25.68,5.9262821
66.557956,61.209215,0.0,0,0.0,0.34569679510262874,96,0.0,0,0,0,4.55,28.53,1027.9,0,29.88,0.0,23.596666666666664,0.0,20.99,1.7159452
66.557956,61.209215,0.0,0,0.0,0.34595841291578083,96,0.0,0,0,0,4.34,27.73,1028.4,0,29.88,0.0,22.796666666666667,0.0,20.19,87.292352
66.557956,61.209215,42.72,0,228.97920000000002,0.33751032278912785,94,0.0,0,0,0,5.36,27.42,1029.2,0,31.68,0.0,23.123333333333335,0.0,20.68,290.58443
64.208287,57.926698,221.61,0,1533.5412000000001,0.3177776984325347,89,0.0,0,0,0,6.92,29.08,1029.1,0,36.36,0.0,26.090000000000003,0.0,24.07,665.51778
54.649923,43.929888,405.84,0,3571.3920000000003,0.2837382514630254,80,0.0,0,0,0,8.8,31.87,1029.1,0,38.52,0.0,28.646666666666665,0.0,26.28,492.76944
46.035749,29.240247,565.15,0,5849.3025,0.25396825396825395,72,0.0,0,0,0,10.35,33.93,1028.6,0,39.24,0.0,30.83,0.0,28.5,140.00306
97.085764,102.11023,0.0,0,0.0,0.3454480028787334,96,5.0,5,5,0,4.75,17.94,1031.3,0,12.24,0.0,8.863333333333333,0.0,4.55,4.7921769
86.570528,88.368477,0.0,0,0.0,0.3231597845601436,90,0.0,0,0,0,5.35,18.84,1030.3,0,11.16,0.0,9.296666666666667,0.0,5.09,414.80171
75.478231,73.61409,48.06,0,333.5364,0.2891927594701703,81,0.0,0,0,0,6.94,17.58,1030.2,0,12.24,0.0,8.776666666666666,0.0,5.15,1245.102
64.496629,58.740219,234.07,0,2644.991,0.2496044999121111,71,0.0,0,0,0,11.3,15.7,1028.9,0,12.24,0.0,7.803333333333334,0.0,3.32,1936.7731
54.301146,43.918275,421.86,0,6441.8022,0.20109562443658557,58,0.0,0,0,0,15.27,14.28,1028.3,0,15.48,0.0,13.156666666666666,0.0,13.09,2405.682
45.66013,29.263435,583.84,0,9878.572800000002,0.16547729858310065,48,0.0,0,0,0,16.92,15.78,1027.0,0,18.0,0.0,14.816666666666668,0.0,14.18,2798.8026
39.746773,15.360568,708.44,1,12666.9072,0.15462323471807032,45,0.0,0,0,0,17.88,17.19,1027.2,0,19.8,0.0,16.47,0.0,15.83,2857.0071
37.911809,8.5794352,772.52,1,13967.161599999998,0.13048106307729287,38,2.4,8,0,0,18.08,12.85,1028.1,8,15.48,0.0,12.433333333333332,0.0,12.02,2842.0558
40.712152,18.279591,801.89,1,15372.231300000001,0.12315270935960591,36,0.0,0,0,0,19.17,14.24,1027.4,0,16.92,0.0,13.799999999999999,0.0,13.36,2597.9899
47.32489,32.489543,773.41,0,15189.7724,0.11612418456914514,34,0.0,0,0,0,19.64,16.43,1027.1,0,18.36,0.0,15.783333333333331,0.0,14.97,2171.1956
56.376798,47.200062,688.86,0,13370.7726,0.11621547716707684,34,0.0,0,0,0,19.41,19.73,1026.5,0,24.48,0.0,18.720000000000002,0.0,17.71,1499.2858
66.784322,62.039719,559.81,0,10552.4185,0.1232876712328767,36,0.0,0,0,0,18.85,22.18,1025.9,0,23.04,0.0,20.41,0.0,18.9,594.12119
75.601527,73.941703,392.49,0,7002.0216,0.1340252242345098,39,0.0,0,0,0,17.84,24.57,1025.8,0,25.92,0.0,22.006666666666664,0.0,20.75,35.945833
96.750425,102.04937,0.0,0,0.0,0.33501440922190207,93,8.0,8,8,0,4.45,22.33,1030.2,0,19.8,0.0,12.589999999999998,0.0,6.44,4.4904762
86.275116,88.334822,0.0,0,0.0,0.3569497025419146,99,0.0,0,0,0,4.2,16.86,1030.6,0,19.08,0.0,9.636666666666665,0.0,5.35,387.12615
75.164996,73.577204,57.85,0,332.6375,0.30118321979204016,84,3.0,10,0,0,5.75,13.32,1030.5,10,19.08,0.0,8.116666666666667,0.0,6.03,897.60474
64.170369,58.713429,244.75,0,2212.54,0.23388497111874978,66,0.0,0,0,0,9.04,11.9,1029.4,0,16.56,0.0,10.586666666666668,0.0,10.14,1004.3757
53.953686,43.909492,432.54,0,4905.0036,0.19332841224647618,55,1.2,4,0,0,11.34,12.96,1029.7,4,18.0,0.0,12.363333333333335,0.0,11.89,2034.4893
45.28579,29.291491,593.63,1,7942.7694,0.16054165357903188,46,7.8,26,0,0,13.38,16.58,1027.9,26,20.52,0.0,15.726666666666667,0.0,14.76,2763.0826
39.352442,15.497985,698.65,1,10340.02,0.15627713144643168,45,23.4,92,0,14,14.8,19.16,1027.5,78,22.68,0.0,18.046666666666667,0.0,16.95,2228.0774
37.526581,8.9316005,788.54,1,12569.327599999999,0.13490608461032896,39,4.0,5,0,4,15.94,18.13,1026.9,1,19.44,0.0,17.253333333333334,0.0,16.26,2186.9103
40.370749,18.513941,822.36,1,13947.225600000002,0.12064389369549483,35,0.6,2,0,0,16.96,17.02,1026.3,2,18.72,0.0,16.386666666666667,0.0,15.88,2516.2902
46.985523,32.56077,776.97,0,13690.211400000002,0.1100526189084156,32,30.0,100,0,0,17.62,17.37,1026.1,100,19.44,0.0,16.763333333333335,0.0,16.26,1070.2377
56.134837,47.335557,626.56,0,11165.2992,0.10997697357115856,32,100.0,200,0,100,17.82,18.94,1025.7,100,21.96,0.0,17.973333333333333,0.0,17.11,1179.3527
66.594665,62.191587,547.35,0,9792.0915,0.10995052226498077,32,82.0,182,0,82,17.89,18.69,1025.3,100,21.6,0.0,17.673333333333332,0.0,16.77,477.62872
75.214798,73.806538,380.92,0,6544.2056,0.12055247477008922,35,19.0,24,0,19,17.18,20.73,1025.2,5,21.6,0.0,18.99,0.0,18.12,22.832843
96.024236,101.47094,0.0,0,0.0,0.23897845627050937,67,0.0,0,0,0,7.21,13.78,1029.4,0,12.24,0.0,7.493333333333333,0.0,4.02,23.744074
85.919812,88.218507,0.0,0,0.0,0.23204340996715692,65,0.0,0,0,0,6.97,16.29,1029.2,0,12.6,0.0,8.726666666666665,0.0,4.38,294.45087
74.852805,73.541152,54.29,0,484.2668,0.21625837558052965,61,0.0,0,0,0,8.92,21.17,1029.8,0,13.68,0.0,12.12,0.0,8.89,945.63214
63.845406,58.688353,240.3,0,3133.5119999999997,0.18169747370627903,52,0.0,0,0,0,13.04,15.48,1029.1,0,16.2,0.0,12.920000000000002,0.0,12.98,1655.5333
53.607631,43.90359,426.31,0,6693.067,0.12463216202181064,36,0.0,0,0,0,15.7,17.08,1028.8,0,18.0,0.0,15.746666666666668,0.0,15.28,2460.5933
44.86215,29.225559,585.62,1,9914.5466,0.11376172090457805,33,0.0,0,0,0,16.93,18.03,1028.9,0,18.36,0.0,17.123333333333335,0.0,16.27,2745.8985
38.959247,15.643641,709.33,1,12633.1673,0.10998075336816059,32,0.0,0,0,0,17.81,16.42,1028.7,0,18.36,0.0,15.923333333333334,0.0,15.28,2885.0596
37.142637,9.2860828,786.76,1,14743.882399999999,0.08222275514748707,24,0.0,0,0,0,18.74,21.92,1028.1,0,26.64,0.0,20.900000000000002,0.0,20.0,2820.1377
40.031133,18.752897,806.34,1,15844.581,0.0819672131147541,24,0.0,0,0,0,19.65,21.13,1027.8,0,25.92,0.0,20.023333333333333,0.0,19.21,2570.0332
46.753794,32.82045,763.62,0,15440.3964,0.08521662064969152,25,1.8,6,0,0,20.22,19.59,1027.9,6,23.4,0.0,18.563333333333333,0.0,17.65,2119.1084
55.894709,47.472912,679.96,0,13911.981600000001,0.08855284220564696,26,0.9,3,0,0,20.46,18.79,1027.1,3,23.04,0.0,17.80666666666667,0.0,16.85,1463.5934
66.359666,62.28141,558.03,0,11344.749899999999,0.0954068420335287,28,0.6,2,0,0,20.33,18.03,1026.7,2,21.24,0.0,17.01,0.0,16.1,632.30069
75.57753,74.662793,393.38,0,7722.0494,0.10588154928615344,31,0.0,0,0,0,19.63,17.29,1026.8,0,16.56,0.0,15.886666666666665,0.0,14.69,25.66378
96.63898,102.66677,0.0,0,0.0,0.20302760463045413,57,0.0,0,0,0,7.6,12.86,1030.1,0,16.2,0.0,9.340000000000002,0.0,8.67,7.4369697
85.689773,88.269994,0.0,0,0.0,0.18551551908669286,52,0.0,0,0,0,7.15,12.22,1030.2,0,17.28,0.0,9.203333333333333,0.0,9.01,414.33761
74.541801,73.506017,62.3,0,497.777,0.177847335846909,50,0.0,0,0,0,7.99,13.0,1031.2,0,18.0,0.0,9.646666666666667,0.0,9.42,1242.1246
63.52188,58.665062,259.88,0,3004.2128000000002,0.1475185276246005,42,0.0,0,0,0,11.56,11.21,1031.1,0,17.28,0.0,9.273333333333333,0.0,8.91,1977.6512
53.263122,43.900624,453.01,0,6545.9945,0.08344923504867872,24,0.0,0,0,0,14.45,13.56,1030.8,0,19.44,0.0,12.903333333333334,0.0,12.78,2467.4836
44.541213,29.36219,615.88,1,9552.2988,0.08314279775514447,24,0.0,0,0,0,15.51,18.42,1030.7,0,19.08,0.0,17.69,0.0,17.34,2676.6376
38.567306,15.797199,737.81,1,12269.780299999999,0.09662502588170337,28,0.0,0,0,0,16.63,21.08,1030.0,0,20.88,0.0,20.126666666666665,0.0,19.65,2951.6153
36.76007,9.6424268,804.56,1,15286.64,0.10610987506417936,31,0.0,0,0,0,19.0,17.87,1028.1,0,16.92,0.0,17.123333333333335,0.0,16.39,2840.5825
39.693375,18.996071,821.47,1,16273.3207,0.10240305843801202,30,8.1,27,0,0,19.81,17.03,1027.2,27,16.56,0.0,16.39,0.0,15.54,2529.9274
46.471318,32.990376,784.98,0,15982.1928,0.1090252461585636,32,0.6,2,0,0,20.36,16.33,1026.9,2,16.56,0.0,15.686666666666667,0.0,14.84,2189.2986
55.656428,47.611977,705.77,0,14461.227299999999,0.11238250919493258,33,0.0,0,0,0,20.49,18.43,1026.6,0,18.0,0.0,17.676666666666666,0.0,16.95,1516.5812
66.149493,62.403582,574.05,0,11549.886,0.11252429501824258,33,0.0,0,0,0,20.12,20.08,1026.4,0,18.36,0.0,18.94666666666667,0.0,18.25,663.24186
75.473929,74.899587,404.95,0,7746.693499999999,0.11632680990830711,34,0.0,0,0,0,19.13,21.22,1026.0,0,19.44,0.0,19.21,0.0,17.9,24.531707
96.493611,102.85315,0.0,0,0.0,0.3403330919623461,94,100.0,100,100,0,3.05,9.29,1032.2,0,21.24,0.0,6.363333333333333,0.0,4.32,11.032749
85.39826,88.237683,0.0,0,0.0,0.3409874124859434,94,100.0,100,100,0,2.52,10.0,1033.0,0,24.48,0.0,7.180000000000001,0.0,5.05,447.66534
74.232126,73.471883,58.74,0,187.38060000000002,0.3220670188897735,89,100.0,100,100,0,3.19,8.91,1033.5,0,24.48,0.0,7.546666666666667,0.0,6.49,1290.326
63.19993,58.643626,258.1,0,1515.0470000000003,0.2687979356318544,75,3.0,3,3,0,5.87,12.41,1032.3,0,19.44,0.0,11.443333333333333,0.0,11.09,2020.3884
52.920297,43.900644,447.67,0,3675.3707000000004,0.23102075632641458,65,0.0,0,0,0,8.21,15.62,1032.0,0,17.64,0.0,14.82,0.0,14.51,2535.9097
44.171245,29.404832,606.98,1,6531.1048,0.186678877108943,53,0.0,0,0,0,10.76,18.37,1030.5,0,19.8,0.0,17.30666666666667,0.0,16.68,2860.7291
38.176735,15.958318,728.91,1,9453.9627,0.1537816300852789,44,0.0,0,0,0,12.97,20.09,1029.7,0,19.44,0.0,19.083333333333332,0.0,18.58,2964.7868
36.378975,10.000219,808.12,1,11766.227200000001,0.1355531611692329,39,0.0,0,0,0,14.56,21.6,1029.6,0,20.52,0.0,20.593333333333334,0.0,20.09,2882.3406
39.357542,19.243085,831.26,1,12876.2174,0.12125831485587583,35,0.0,0,0,0,15.49,21.03,1028.6,0,19.08,0.0,20.186666666666667,0.0,19.51,2645.7264
46.190938,33.163009,799.22,0,12915.3952,0.11060799834088002,32,0.0,0,0,0,16.16,19.96,1028.2,0,18.36,0.0,19.116666666666664,0.0,18.44,2190.4372
55.420004,47.752598,712.0,0,11733.76,0.10358043020405346,30,0.0,0,0,0,16.48,19.68,1027.5,0,16.92,0.0,18.686666666666667,0.0,17.94,1483.3401
65.940752,62.526467,582.06,0,9411.9102,0.10023503387252869,29,0.0,0,0,0,16.17,20.81,1027.1,0,16.92,0.0,19.393333333333334,0.0,18.29,637.58692
75.559098,75.383718,412.96,0,6227.4367999999995,0.1110224473510738,32,4.8,16,0,0,15.08,21.89,1027.0,16,18.36,0.0,19.98,0.0,18.88,20.239352
96.26251,102.92297,0.0,0,0.0,0.12298788207632484,34,0.0,0,0,0,3.3,2.52,1029.4,0,4.68,0.0,5.9366666666666665,0.0,8.37,22.50977
85.106924,88.20501,0.0,0,0.0,0.10492799768434764,29,0.0,0,0,0,3.23,0.72,1028.6,0,3.6,0.0,5.283333333333333,0.0,7.93,453.44921
73.92392,73.438833,70.31,0,366.31510000000003,0.1005891651099296,28,0.0,0,0,0,5.21,1.14,1028.9,0,1.8,0.0,5.163333333333334,0.0,7.2,1267.1514
62.879696,58.624113,265.22,0,2543.4598,0.10964136662658275,31,0.0,0,0,0,9.59,1.8,1027.2,0,7.92,0.0,2.5933333333333333,0.0,3.24,1930.9045
52.579297,43.903697,455.68,0,5978.5216,0.0908233485869983,26,0.9,3,0,0,13.12,5.62,1026.5,3,9.36,0.0,5.140000000000001,0.0,5.19,2486.0261
43.803003,29.452322,615.88,1,9539.9812,0.0796840354767184,23,3.9,13,0,0,15.49,11.72,1024.9,13,13.32,0.0,11.12,0.0,11.2,2776.8061
37.757563,16.044646,734.25,1,12298.6875,0.08968609865470853,26,4.5,15,0,0,16.75,14.57,1024.5,15,14.04,0.0,14.003333333333332,0.0,13.83,2859.7307
35.999442,10.359084,817.02,1,14788.062000000002,0.07553648068669527,22,5.4,18,0,0,18.1,9.09,1024.4,18,8.64,0.0,9.023333333333333,0.0,9.09,2822.1077
39.0237,19.493573,799.22,1,14849.507599999999,0.08226785040962535,24,30.0,100,0,0,18.58,11.89,1023.2,100,10.8,0.0,11.686666666666667,0.0,11.38,2550.4818
45.912688,33.338144,777.86,0,14896.018999999998,0.08552856654122479,25,0.0,0,0,0,19.15,12.89,1023.3,0,11.16,0.0,12.653333333333334,0.0,12.39,1991.6871
55.185446,47.894623,713.78,0,13761.6784,0.08891016653558118,26,0.0,0,0,0,19.28,13.78,1022.7,0,11.52,0.0,13.446666666666665,0.0,13.28,1376.3088
65.733438,62.649936,583.84,0,11028.7376,0.09245308861799754,27,0.9,3,0,0,18.89,14.11,1022.0,3,11.16,0.0,13.63,0.0,13.39,473.10799
74.879483,74.858462,419.19,0,7574.7633000000005,0.10301490282260835,30,1.5,5,0,0,18.07,15.78,1021.9,5,11.52,0.0,14.85,0.0,14.51,29.267865
95.640522,102.47029,0.0,0,0.0,0.17100716092486373,48,100.0,200,0,100,7.54,27.6,1021.6,100,23.76,0.0,19.653333333333332,0.0,17.38,18.433939
84.815675,88.171901,0.0,0,0.0,0.15312299693754006,43,59.0,159,0,59,7.67,27.96,1021.4,100,21.96,0.0,19.956666666666667,0.0,17.65,463.9205
73.617326,73.406949,73.87,0,767.5093,0.12696621288001694,36,100.0,200,0,100,10.39,26.12,1021.3,100,21.6,0.0,18.44666666666667,0.0,14.8,1012.4864
62.561315,58.606589,260.77,0,3622.0953,0.08709587513935341,25,100.0,197,0,100,13.89,19.35,1020.1,97,17.64,0.0,16.973333333333333,0.0,15.94,1580.3163
52.240261,43.909826,422.75,0,6831.64,0.08295599875566002,24,100.0,200,0,100,16.16,17.31,1019.9,100,16.2,0.0,16.173333333333332,0.0,15.73,1852.0908
43.436623,29.504642,532.22,1,9393.682999999999,0.08596973865199452,25,100.0,200,0,100,17.65,16.17,1018.7,100,14.76,0.0,15.15,0.0,14.59,1877.7974
37.400172,16.301878,631.01,1,11976.5698,0.07530893780166364,22,100.0,200,0,100,18.98,15.28,1017.8,100,14.76,0.0,14.786666666666667,0.0,14.49,2126.2377
35.621563,10.718677,636.35,1,12402.4615,0.0990978676872608,29,100.0,135,0,100,19.49,3.83,1018.1,35,6.12,0.0,4.016666666666667,0.0,3.83,2445.8871
38.69191,19.747179,583.84,1,11513.3248,0.10243452726465667,30,100.0,124,0,100,19.72,9.03,1017.2,24,8.64,0.0,8.903333333333334,0.0,8.67,2303.6675
45.636599,33.515572,484.16,0,9421.7536,0.09910802775024778,29,100.0,118,0,100,19.46,11.54,1017.2,18,10.08,0.0,11.306666666666667,0.0,10.81,1779.6742
54.952757,48.037897,406.73,0,7910.8985,0.08202323991797678,24,100.0,139,0,100,19.45,12.61,1016.8,39,11.52,0.0,12.366666666666667,0.0,11.89,684.29286
65.527545,62.773857,489.5,0,9770.42,0.07846883422605849,23,71.0,86,0,71,19.96,15.68,1015.7,15,16.92,0.0,15.056666666666665,0.0,14.62,97.36077
74.32506,74.497482,414.74,0,7933.9762,0.07527028876419872,22,41.0,41,0,41,19.13,15.19,1015.5,0,15.84,0.0,14.336666666666666,0.0,13.76,6.387619
95.793915,103.04462,0.0,0,-0.0,0.32273444089925557,88,2.0,2,2,0,-0.48,14.51,1019.8,0,15.84,0.0,11.033333333333333,0.0,10.5,18.831473
84.524609,88.138414,0.0,0,0.0,0.34029785209850344,93,100.0,100,100,0,0.14,14.8,1019.5,0,24.12,0.0,11.586666666666666,0.0,10.18,463.50612
73.312482,73.37631,69.42,0,49.9824,0.3213203344652572,88,100.0,100,100,0,0.72,11.9,1020.6,0,23.04,0.0,10.94,0.0,10.46,1302.6158
62.244925,58.591118,271.45,0,743.773,0.2645982094312951,73,37.0,37,37,0,2.74,11.66,1019.6,0,20.88,0.0,11.346666666666666,0.0,11.01,2005.9706
51.903327,43.91907,468.14,0,2490.5048,0.20828096383811545,58,0.0,0,0,0,5.32,13.57,1018.0,0,21.24,0.0,13.329999999999998,0.0,12.98,2487.1641
43.072238,29.561765,630.12,1,4990.5504,0.16721813071476857,47,0.0,0,0,0,7.92,16.98,1016.6,0,20.16,0.0,16.243333333333336,0.0,15.63,2818.3444
37.01441,16.483638,754.72,1,7743.4272,0.13760982322430404,39,0.0,0,0,0,10.26,18.67,1014.8,0,21.24,0.0,17.94,0.0,17.48,2940.5742
35.245425,11.07868,813.46,1,13112.9752,0.13136516057662392,38,0.0,0,0,0,16.12,14.51,1012.9,0,12.96,0.0,14.176666666666668,0.0,14.0,2852.2145
38.362234,20.003558,833.93,1,14043.3812,0.12414221180040694,36,0.0,0,0,0,16.84,15.79,1012.4,0,14.76,0.0,15.700000000000001,0.0,15.53,2607.0379
45.360719,33.689453,800.11,0,13745.8898,0.12055247477008922,35,0.0,0,0,0,17.18,16.6,1011.7,0,16.2,0.0,16.326666666666664,0.0,15.82,2159.4315
54.721943,48.182265,712.89,0,12268.8369,0.11709601873536302,34,0.0,0,0,0,17.21,15.79,1011.4,0,15.84,0.0,15.533333333333333,0.0,15.28,1475.6098
65.323063,62.898102,582.95,0,9898.491000000002,0.11029538482749113,32,0.0,0,0,0,16.98,16.3,1011.6,0,12.6,0.0,15.786666666666667,0.0,15.28,643.55761
75.071154,75.845126,414.74,0,6710.4932,0.11060035253862373,32,0.0,0,0,0,16.18,16.83,1011.4,0,12.24,0.0,15.969999999999999,0.0,15.55,18.146392
95.562755,103.10521,0.0,0,0.0,0.2668974969342855,74,0.0,0,0,0,4.11,6.41,1013.6,0,6.84,0.0,7.413333333333334,0.0,7.9,21.656557
84.233927,88.104685,0.0,0,0.0,0.25990903183885644,72,0.0,0,0,0,3.87,6.62,1013.4,0,6.48,0.0,7.59,0.0,8.16,487.58154
73.009527,73.346996,83.66,0,512.8358,0.22558006301919223,63,0.0,0,0,0,6.13,7.49,1013.3,0,3.6,0.0,6.746666666666666,0.0,6.11,1301.0222
61.930665,58.577762,281.24,0,2936.1456,0.1868895236080257,53,0.0,0,0,0,10.44,3.08,1011.7,0,1.44,0.0,2.25,0.0,2.19,1993.0516
51.568635,43.931465,469.92,0,6395.6112,0.14646394197238108,42,0.0,0,0,0,13.61,4.61,1011.0,0,4.68,0.0,4.78,0.0,4.61,2511.6848
42.709983,29.623656,630.12,1,9785.7636,0.12124151309408343,35,0.0,0,0,0,15.53,9.29,1010.3,0,8.28,0.0,9.323333333333332,0.0,9.29,2823.7859
36.630484,16.671602,752.94,1,12626.803800000002,0.11727373068432673,34,0.0,0,0,0,16.77,12.4,1009.8,0,10.44,0.0,12.290000000000001,0.0,12.07,2927.9754
34.871118,11.438801,825.03,1,14652.5328,0.12031212402461243,35,0.0,0,0,0,17.76,15.38,1010.4,0,14.04,0.0,14.943333333333333,0.0,14.69,2874.1014
38.034728,20.262375,844.61,1,15236.7644,0.11332806758473848,33,0.0,0,0,0,18.04,14.08,1010.0,0,14.04,0.0,13.969999999999999,0.0,13.36,2604.5209
45.091008,33.876482,807.23,1,14869.176600000003,0.10289124395513942,30,0.0,0,0,0,18.42,14.47,1009.8,0,11.52,0.0,14.223333333333334,0.0,13.76,2186.9598
54.493003,48.327573,718.23,0,13157.973600000001,0.10292654475589255,30,0.0,0,0,0,18.32,13.36,1009.5,0,13.32,0.0,13.116666666666667,0.0,12.65,1532.9348
65.119981,63.022538,589.18,0,10628.8072,0.0995913321199217,29,0.0,0,0,0,18.04,11.66,1009.1,0,11.16,0.0,11.51,0.0,11.3,677.14549
74.785183,75.833769,420.08,0,7267.384,0.10673093475641247,31,0.0,0,0,0,17.3,11.28,1009.1,0,10.8,0.0,10.87,0.0,10.59,18.997783
95.242423,103.04437,0.0,0,0.0,0.3383485710172054,94,100.0,236,100,36,4.67,38.71,1015.7,100,25.56,0.0,31.56,0.0,28.52,61.526763
83.943881,88.070884,0.0,0,0.0,0.3428736420399177,95,79.0,79,79,0,3.92,38.97,1016.6,0,33.84,0.0,32.07333333333333,0.0,28.94,291.58536
72.708599,73.319083,90.78,0,507.4602,0.304943675109421,85,34.0,68,34,16,5.59,37.14,1017.0,18,27.36,0.0,31.183333333333334,0.0,28.0,1198.7506
61.61867,58.566579,283.91,0,2117.9686,0.27440219521756176,77,42.0,97,22,42,7.46,34.45,1016.4,33,32.76,0.0,30.186666666666667,0.0,28.0,2067.6887
51.23632,43.947042,459.24,0,4307.671200000001,0.24776129968498922,70,37.0,82,11,37,9.38,31.87,1016.9,34,23.76,0.0,28.74666666666667,0.0,27.11,2582.9049
42.348263,29.686613,598.08,1,6907.8240000000005,0.2212855637513172,63,100.0,200,0,100,11.55,30.41,1015.9,100,23.4,0.0,28.040000000000003,0.0,26.81,2710.3849
36.207826,16.76611,699.54,1,9289.891199999998,0.19900150123939536,57,92.0,118,0,92,13.28,30.06,1015.2,26,24.84,0.0,27.97,0.0,26.53,2954.9119
34.498726,11.798769,796.55,1,12250.939,0.16982636121027278,49,33.0,130,0,33,15.38,28.59,1014.9,97,18.72,0.0,26.80333333333333,0.0,25.86,2775.9501
37.709449,20.523308,777.86,1,12655.7822,0.1554833805542119,45,100.0,200,0,100,16.27,27.55,1014.7,100,18.36,0.0,26.036666666666665,0.0,25.28,2568.1236
44.821554,34.059551,720.01,1,12067.367600000001,0.15522058569901007,45,100.0,200,0,100,16.76,25.73,1014.9,100,17.28,0.0,24.290000000000003,0.0,23.34,2059.5733
54.265935,48.473664,640.8,0,10829.519999999999,0.15859334597483196,46,100.0,210,10,100,16.9,23.49,1014.4,100,15.48,0.0,22.27,0.0,21.66,1422.7079
64.918289,63.147037,514.42,0,8642.256,0.16209691326090706,47,86.0,196,10,86,16.8,20.35,1014.7,100,17.28,0.0,19.356666666666666,0.0,18.86,519.10854
74.500084,75.822115,387.15,0,6283.4445,0.15550487248600456,45,34.0,73,10,34,16.23,19.39,1015.6,29,16.92,0.0,18.136666666666667,0.0,17.46,23.134496
94.925056,102.98459,0.0,0,0.0,0.26007802340702213,72,31.0,47,31,1,3.69,34.52,1024.0,15,29.88,0.0,27.503333333333334,0.0,24.16,33.632208
83.65474,88.037192,0.0,0,0.0,0.27544215714699916,76,14.0,16,14,0,2.77,34.98,1024.8,2,25.56,0.0,27.05666666666667,0.0,23.8,467.36701
72.409835,73.292647,80.99,0,411.4292,0.2515904108111994,70,0.0,0,0,0,5.08,34.57,1024.7,0,30.24,0.0,28.923333333333332,0.0,26.44,1310.2292
61.309076,58.557627,290.14,0,1874.3044,0.23604305997639574,66,6.3,21,0,0,6.46,34.6,1024.1,21,29.52,0.0,30.736666666666668,0.0,28.95,2029.8187
50.90652,43.965829,476.15,0,3794.9154999999996,0.1956459874786568,55,4.8,16,0,0,7.97,33.7,1024.6,16,28.08,0.0,30.77,0.0,29.09,2429.3202
41.992395,29.761573,632.79,1,6024.1608,0.17334701241730643,49,1.5,5,0,0,9.52,31.99,1023.9,5,29.16,0.0,29.599999999999998,0.0,28.01,2860.7503
35.868594,17.06481,756.5,1,8465.234999999999,0.1441935710768798,41,4.5,15,0,0,11.19,31.56,1022.8,15,31.68,0.0,29.47,0.0,28.19,2962.5103
34.128335,12.158329,827.7,1,11505.03,0.12192997735586136,35,0.0,0,0,0,13.9,31.06,1021.6,0,31.32,0.0,29.0,0.0,27.78,2949.8447
37.386449,20.786043,857.07,1,12513.222,0.12163336229365769,35,0.0,0,0,0,14.6,32.85,1021.5,0,34.2,0.0,30.523333333333337,0.0,29.26,2717.1814
44.554355,34.244087,820.58,1,12481.0218,0.10403662089055349,30,0.0,0,0,0,15.21,34.07,1021.1,0,32.76,0.0,31.500000000000004,0.0,30.26,2269.9887
54.040738,48.620384,735.14,0,11247.642,0.09013693881088577,26,0.0,0,0,0,15.3,35.07,1020.6,0,37.44,0.0,32.04666666666667,0.0,30.47,1544.4435
64.717972,63.271466,603.42,0,9027.163199999999,0.09718510291208221,28,0.0,0,0,0,14.96,36.75,1020.8,0,37.8,0.0,33.22666666666667,0.0,31.67,640.28904
74.404093,76.056338,432.54,0,6081.5124000000005,0.10793496048187738,31,0.0,0,0,0,14.06,37.87,1021.5,0,32.4,0.0,33.46666666666666,0.0,31.58,39.576705
94.453368,102.71848,0.0,0,0.0,0.31793597427276715,87,6.0,6,6,0,0.49,57.18,1028.5,0,64.08,0.0,46.96,0.0,42.14,34.521546
83.366764,88.003783,0.0,0,0.0,0.32511415525114157,89,22.0,22,22,0,0.6,57.64,1028.4,0,63.0,0.0,47.376666666666665,0.0,42.48,470.38138
72.113368,73.26776,96.12,0,209.54160000000002,0.29419242363709003,81,25.0,25,25,0,2.18,57.27,1028.4,0,63.36,0.0,48.43333333333334,0.0,43.96,1204.6823
61.002016,58.550958,288.36,0,1113.0696,0.24908848056026858,69,13.0,23,13,10,3.86,57.66,1027.6,0,58.68,0.0,49.346666666666664,0.0,45.06,2088.991
50.579372,43.987846,455.68,0,2775.0912,0.18263859045981953,51,0.0,0,0,0,6.09,57.12,1026.6,0,56.88,0.0,49.39666666666667,0.0,45.41,2684.0389
41.63733,29.837493,576.72,1,3840.9552000000003,0.15367570851649334,43,100.0,110,100,10,6.66,56.17,1025.8,0,48.96,0.0,48.47,0.0,44.88,2613.1881
35.490859,17.269399,276.79,1,2120.2114,0.14956732310102916,42,71.0,81,10,71,7.66,49.18,1024.7,0,46.08,0.0,42.61666666666667,0.0,39.17,1153.9587
33.76003,12.517244,813.46,1,9021.2714,0.14424430059104984,41,100.0,100,0,100,11.09,46.69,1023.5,0,41.4,0.0,41.903333333333336,0.0,39.62,631.14707
37.065781,21.050278,675.51,1,8139.8955000000005,0.12622720897615708,36,100.0,100,0,100,12.05,43.99,1023.0,0,38.52,0.0,39.42666666666667,0.0,37.25,335.64778
44.289428,34.429888,455.68,1,5326.8992,0.12638674343491083,36,100.0,106,0,100,11.69,40.38,1022.3,6,34.56,0.0,35.81333333333333,0.0,33.63,128.5947
53.817406,48.767577,415.63,0,5274.3447,0.11894766302826758,34,100.0,105,5,100,12.69,42.4,1021.5,0,34.56,0.0,37.78333333333334,0.0,35.64,60.467734
64.51902,63.395698,325.74,0,4006.6020000000003,0.13312313890348573,38,100.0,188,0,100,12.3,41.06,1021.0,88,34.56,0.0,36.28333333333333,0.0,34.29,15.597349
92.941944,101.08204,0.0,0,0.0,0.23200174001305013,64,100.0,300,100,100,2.71,48.17,1026.1,100,45.0,0.0,40.416666666666664,0.0,37.02,4.6546099
83.080206,87.970827,0.0,0,0.0,0.30173040570015996,83,100.0,300,100,100,1.93,43.83,1026.6,100,37.8,2.2,36.26333333333333,2.2,32.69,43.979559
71.819333,73.244494,18.69,0,45.229800000000004,0.3193380992125413,88,100.0,300,100,100,2.42,37.73,1027.1,100,34.92,3.2,30.593333333333334,3.2,26.98,119.72227
60.697624,58.546622,52.51,0,151.7539,0.318794377626431,88,100.0,300,100,100,2.89,38.72,1026.6,100,40.32,1.1,32.53,1.1,29.96,188.40683
50.255011,44.013111,101.46,0,299.307,0.3114813473379211,86,100.0,300,100,100,2.95,38.13,1026.8,100,39.24,0.7,32.24333333333333,0.7,29.48,217.60286
41.284927,29.91797,130.83,1,440.8971000000001,0.30377549544336757,84,100.0,300,100,100,3.37,37.14,1026.8,100,37.8,0.7,31.62,0.7,28.99,570.19271
35.115418,17.478879,280.35,1,1056.9195000000002,0.29611440127112526,82,100.0,300,100,100,3.77,34.23,1026.2,100,32.4,0.1,30.183333333333334,0.1,28.12,870.88454
33.393895,12.875291,231.4,1,1124.604,0.2949534189417647,82,100.0,300,100,100,4.86,28.47,1025.5,100,25.56,1.9,25.093333333333334,1.9,23.58,526.54606
36.747496,21.31572,68.53,1,232.31670000000003,0.3182179793158314,88,100.0,300,100,100,3.39,24.94,1025.4,100,27.36,1.6,21.253333333333334,1.6,19.35,651.51471
44.026793,34.616752,504.63,1,3820.0491,0.26360786548874326,74,100.0,202,2,100,7.57,28.53,1023.2,100,24.12,0.2,26.24333333333333,0.2,25.21,351.27395
53.595937,48.915091,607.87,0,5276.3116,0.2554731575772629,72,100.0,253,67,100,8.68,35.04,1022.3,86,30.6,0.0,32.0,0.0,30.66,179.46546
64.321418,63.519606,555.36,0,4770.5424,0.26620288208987014,75,40.0,40,40,0,8.59,35.5,1022.2,0,28.8,0.0,32.13666666666666,0.0,30.81,6.5775
73.17902,75.169865,421.86,0,3784.0842000000002,0.25875513965688357,73,100.0,100,100,0,8.97,32.4,1022.1,0,27.72,0.0,29.52,0.0,28.44,42.4
81.689692,86.476751,0.0,0,0.0,0.34776308639739184,96,100.0,100,100,0,2.9,26.99,1024.8,0,18.36,0.0,22.036666666666665,0.0,19.92,12.066319
71.52786,73.222911,102.35,0,485.139,0.30947497211126707,86,79.0,79,79,0,4.74,24.61,1024.8,0,16.2,0.0,21.206666666666667,0.0,19.85,364.30887
60.396031,58.544661,294.59,0,2065.0759,0.2784123358081097,78,35.0,35,35,0,7.01,19.85,1024.6,0,13.68,0.0,18.296666666666667,0.0,17.7,536.06592
49.933569,44.041632,477.93,0,4535.5557,0.2441268044155109,69,9.0,9,9,0,9.49,13.72,1023.3,0,13.68,0.0,13.146666666666667,0.0,13.04,1241.4112
40.93532,30.002931,559.81,1,5945.182199999999,0.22905874475807875,65,10.0,10,10,0,10.62,8.12,1022.3,0,10.8,0.0,7.863333333333333,0.0,7.77,1485.0609
34.742385,17.692931,341.76,1,3892.6464,0.21086666198074086,60,100.0,100,100,0,11.39,7.97,1021.8,0,10.8,0.0,7.44,0.0,7.52,1331.9139
82.512266,87.906873,0.89,0,3.8804000000000003,0.3531404273719866,98,100.0,100,100,0,4.36,14.11,1024.6,0,20.16,0.0,9.263333333333334,0.0,6.73,5.07
71.239078,73.203074,81.88,0,639.4827999999999,0.29541571753986334,83,100.0,100,100,0,7.81,9.02,1024.9,0,18.0,0.0,7.699999999999999,0.0,6.79,236.61444
60.097365,58.545114,299.93,0,3017.2958000000003,0.24716641361533845,70,100.0,200,0,100,10.06,15.82,1023.4,100,14.04,0.0,14.863333333333332,0.0,14.51,858.94361
49.61518,44.073411,446.78,0,5245.1972,0.2141177296500404,61,100.0,210,10,100,11.74,18.44,1023.3,100,17.28,0.0,17.393333333333334,0.0,16.87,1690.9292
40.588639,30.092292,574.94,1,7560.461000000001,0.19210618232623125,55,58.0,97,10,58,13.15,14.97,1022.9,29,16.2,0.0,14.340000000000002,0.0,13.85,2019.1516
34.350699,17.860486,285.69,1,3593.9802,0.1924894130822805,55,100.0,238,38,100,12.58,13.58,1022.3,100,15.48,0.0,13.013333333333334,0.0,12.78,2260.9511
32.673605,13.603499,686.19,1,10093.854900000002,0.17369554644618915,50,100.0,100,100,0,14.71,14.02,1023.2,0,15.48,0.0,13.693333333333333,0.0,13.28,2281.3451
36.118277,21.84911,589.18,1,9102.830999999998,0.16632016632016633,48,100.0,100,100,0,15.45,16.04,1022.6,0,18.0,0.0,15.443333333333333,0.0,15.02,1542.6034
43.508465,34.992885,736.03,1,11783.8403,0.15908147738276388,46,100.0,100,100,0,16.01,17.08,1022.1,0,19.44,0.0,16.353333333333335,0.0,15.78,1942.3521
53.158572,49.210486,470.81,0,7142.1877,0.16301331853496115,47,100.0,100,100,0,15.17,15.94,1021.8,0,16.92,0.0,15.403333333333334,0.0,14.81,1141.0547
63.93023,63.765953,399.61,0,6373.7795,0.15219647180906262,44,10.0,20,10,10,15.95,15.14,1021.5,0,15.84,0.0,14.533333333333333,0.0,14.0,379.04449
75.160374,78.454727,354.22,0,5469.156800000001,0.15246543539277177,44,10.0,20,10,10,15.44,15.38,1021.2,0,14.76,0.0,14.46,0.0,14.0,337.71405
84.776961,91.057028,230.51,0,3344.7001,0.16338733226726,47,10.0,20,10,10,14.51,15.84,1021.6,0,13.68,0.0,14.373333333333333,0.0,14.04,103.1469
82.231306,87.876141,0.89,0,3.8358999999999996,0.3207669573992648,89,0.0,0,0,0,4.31,31.55,1026.7,0,27.72,0.0,21.426666666666666,0.0,17.46,65.960544
70.953113,73.185034,113.03,0,995.7943,0.27663498368562917,78,5.0,5,5,0,8.81,24.63,1025.6,0,28.44,0.0,20.563333333333333,0.0,18.53,497.70948
59.801752,58.548009,302.6,0,3392.1460000000006,0.24265016176677454,69,10.0,10,10,0,11.21,27.5,1024.9,0,30.24,0.0,24.669999999999998,0.0,23.4,1161.8054
49.299971,44.108441,473.48,0,5762.2516000000005,0.1997756904528249,57,0.0,0,0,0,12.17,29.35,1025.0,0,32.04,0.0,27.090000000000003,0.0,25.76,1907.7325
40.245016,30.185958,647.92,1,8870.0248,0.1499093571328964,43,0.0,0,0,0,13.69,30.39,1024.6,0,32.04,0.0,27.986666666666668,0.0,26.57,2411.2403
34.004005,18.133489,765.4,1,11588.156,0.15609282319886228,45,0.0,0,0,0,15.14,28.86,1023.3,0,32.4,0.0,27.026666666666667,0.0,26.06,2834.7809
32.30935,13.942157,835.71,1,13521.7878,0.14170670169011165,41,0.0,0,0,0,16.18,26.5,1023.6,0,29.52,0.0,24.963333333333335,0.0,23.98,2716.8042
35.807448,22.116527,852.62,1,14545.697199999999,0.13438544502256988,39,0.0,0,0,0,17.06,26.87,1023.5,0,31.32,0.0,25.266666666666666,0.0,24.27,1899.5985
43.252812,35.181773,808.12,1,14045.1256,0.13079544281141364,38,10.0,20,10,10,17.38,27.97,1022.7,0,32.76,0.0,26.14,0.0,25.19,2207.8757
52.942677,49.358078,687.08,0,11989.546,0.12732278045423265,37,10.0,20,10,10,17.45,29.3,1022.4,0,32.4,0.0,27.21666666666667,0.0,26.21,1833.8297
63.66581,63.795143,561.59,0,9794.129600000002,0.12044461268453836,35,10.0,20,10,10,17.44,28.79,1021.9,0,30.96,0.0,26.41,0.0,25.23,509.58389
74.975253,78.559075,405.84,0,6870.8712,0.12065637065637067,35,10.0,20,10,10,16.93,29.91,1022.3,0,30.96,0.0,26.826666666666668,0.0,25.31,265.89114
85.128604,91.871898,231.4,0,3612.154,0.13159717412383987,38,0.0,0,0,0,15.61,31.04,1022.1,0,28.08,0.0,26.56,0.0,25.13,101.28682
81.952609,87.846391,1.78,0,11.7302,0.20733538285550873,58,0.0,0,0,0,6.59,39.88,1026.6,0,44.64,0.0,28.80666666666667,0.0,23.99,82.4125
70.670084,73.168839,118.37,0,1222.7621000000001,0.16579652885565122,47,0.0,0,0,0,10.33,33.35,1026.4,0,38.16,0.0,26.47666666666667,0.0,23.04,510.08038
59.509312,58.55337,317.73,0,4209.922500000001,0.13268156424581007,38,27.0,27,0,27,13.25,32.35,1025.2,0,36.72,0.0,28.290000000000003,0.0,26.56,1281.1426
48.98807,44.146705,496.62,0,7548.624,0.11444425177735393,33,37.0,37,0,37,15.2,33.51,1024.8,0,36.72,0.0,30.043333333333333,0.0,28.45,1931.8267
39.904579,30.283825,640.8,1,10835.928,0.10342687719782113,30,26.0,26,0,26,16.91,34.39,1024.1,0,38.88,0.0,31.333333333333332,0.0,30.08,2459.8269
33.638888,18.359366,752.94,1,13552.920000000002,0.09960501459728663,29,3.0,3,0,3,18.0,35.14,1023.6,0,41.04,0.0,32.25333333333333,0.0,31.07,2618.7294
31.952743,14.294713,836.6,1,14632.133999999998,0.1169832094687586,34,0.0,0,0,0,17.49,42.57,1023.1,0,43.56,0.0,38.74666666666666,0.0,36.98,2822.9876
35.499211,22.38409,854.4,1,15661.151999999998,0.1132153149444216,33,0.0,0,0,0,18.33,43.57,1022.2,0,44.64,0.0,39.32,0.0,37.46,2824.6611
42.99953,35.370963,820.58,1,15049.4372,0.11321143092387391,33,0.0,0,0,0,18.34,44.74,1022.4,0,43.92,0.0,40.583333333333336,0.0,38.84,2560.4028
52.728647,49.505415,735.14,0,13306.034000000001,0.1167381974248927,34,0.0,0,0,0,18.1,42.91,1021.7,0,40.68,0.0,38.67333333333334,0.0,36.62,2090.5022
63.544365,64.009565,606.09,0,10885.376400000001,0.1270997217546632,37,0.0,0,0,0,17.96,42.06,1021.6,0,40.68,0.0,37.553333333333335,0.0,35.77,1385.971
74.790998,78.66212,436.99,0,7647.325,0.13418200584895923,39,0.0,0,0,0,17.5,42.84,1021.8,0,41.4,0.0,37.59,0.0,35.28,553.73389
85.133381,92.2177,247.42,0,4037.8943999999997,0.14854734514802917,43,0.0,0,0,0,16.32,42.66,1021.5,0,39.6,0.0,36.49333333333333,0.0,33.96,51.609477
81.676349,87.817721,2.67,0,22.8819,0.1419849495953429,40,100.0,121,0,100,8.57,45.33,1023.6,21,50.04,0.0,37.24666666666667,0.0,33.71,116.7187
70.334151,73.082078,114.81,0,1180.2468,0.1305436968563667,37,100.0,109,0,100,10.28,45.8,1023.3,9,55.8,0.0,38.453333333333326,0.0,35.29,396.93777
59.25298,58.604367,297.26,0,3626.5719999999997,0.11564745049938673,33,100.0,116,0,100,12.2,46.27,1022.7,16,53.28,0.0,39.86333333333334,0.0,37.0,552.3861
48.679598,44.188175,465.47,0,6549.1629,0.10444955086693128,30,100.0,124,0,100,14.07,46.57,1022.3,24,43.92,0.0,40.95333333333334,0.0,38.24,844.356
39.567453,30.385775,629.23,1,9809.6957,0.09697305534390803,28,100.0,191,0,100,15.59,48.46,1021.2,91,45.0,0.0,42.98666666666667,0.0,40.57,872.93688
33.276641,18.588562,720.9,1,12103.910999999998,0.10002069393667655,29,100.0,200,0,100,16.79,48.99,1020.0,100,45.36,0.0,43.60666666666666,0.0,41.23,508.06137
31.598734,14.645435,584.73,1,9794.2275,0.11728182131769577,34,100.0,200,0,100,16.75,44.28,1020.0,100,42.12,0.0,39.126666666666665,0.0,36.71,401.01774
35.193622,22.651561,503.74,1,9213.4046,0.10636837771067802,31,100.0,200,0,100,18.29,46.0,1018.4,100,42.84,0.0,40.339999999999996,0.0,37.73,418.90865
42.748644,35.560279,503.74,1,9717.1446,0.10600465052660375,31,100.0,200,0,100,19.29,49.44,1017.0,100,46.08,0.0,43.42666666666667,0.0,40.91,741.30156
52.516489,49.652368,485.94,0,9675.0654,0.10919265679383061,32,100.0,200,0,100,19.91,50.63,1016.2,100,43.56,0.0,44.403333333333336,0.0,41.79,992.71974
63.353433,64.130075,520.65,0,10366.1415,0.11601719784344502,34,40.0,140,0,40,19.91,50.61,1015.6,100,46.8,0.0,44.526666666666664,0.0,41.92,987.39323
74.607618,78.763779,414.74,0,8066.693,0.11961722488038279,35,30.0,100,0,0,19.45,50.24,1015.1,100,44.28,0.0,43.53333333333334,0.0,40.58,330.06728
85.206455,92.652938,249.2,0,4503.044,0.13391937366939086,39,30.0,100,0,0,18.07,49.34,1014.8,100,45.72,0.0,41.949999999999996,0.0,38.96,101.43341
81.402687,87.790216,0.89,0,5.9541,0.2680102915951973,75,100.0,108,6,100,6.69,11.79,1017.2,2,10.08,0.0,10.766666666666666,0.0,10.48,5.8469444
70.113297,73.142127,83.66,0,839.1098,0.2330673070132072,66,100.0,200,0,100,10.03,21.99,1016.8,100,23.76,0.0,18.05333333333333,0.0,16.62,107.88273
58.934417,58.571531,186.01,0,1882.4211999999998,0.16238923994775303,46,100.0,289,89,100,10.12,23.02,1015.8,100,26.28,0.0,20.33666666666667,0.0,18.51,291.55472
48.374674,44.232816,345.32,0,3812.3327999999997,0.13723213343185897,39,80.0,182,2,80,11.04,38.96,1016.6,100,31.32,0.0,34.72,0.0,32.52,208.4094
39.233763,30.491682,403.17,1,4789.659600000001,0.13682770234712135,39,100.0,200,0,100,11.88,31.37,1016.2,100,25.92,0.0,28.53333333333333,0.0,27.17,260.75373
32.917377,18.820769,348.88,1,3548.1096,0.1905972045743329,54,100.0,300,100,100,10.17,33.97,1015.2,100,25.92,0.0,30.536666666666665,0.0,28.98,671.30361
31.247413,14.994155,841.05,1,13364.2845,0.11763077774702464,34,0.0,0,0,0,15.89,15.31,1014.9,0,11.88,0.0,14.816666666666668,0.0,14.34,1111.4178
92.109203,102.36899,0.0,0,0.0,0.3318584070796461,93,100.0,209,100,100,7.09,7.1,1013.4,9,5.04,0.0,3.736666666666667,0.0,1.8,135.24753
81.13177,87.763948,0.89,0,6.408,0.335295166755841,94,100.0,300,100,100,7.2,11.3,1013.6,100,9.36,0.0,8.33,0.0,7.07,362.05992
69.839756,73.131664,36.49,0,282.43260000000004,0.32397023745950376,91,100.0,142,100,32,7.74,7.79,1014.3,10,9.72,0.3,6.6000000000000005,0.3,5.9,683.3875
58.652181,58.584332,145.96,0,1363.2664,0.2902757619738752,82,53.0,53,53,0,9.34,9.42,1013.8,0,12.6,0.7,8.573333333333332,0.7,7.99,559.78722
48.07341,44.280582,204.7,0,2067.47,0.25419240953221534,72,65.0,121,56,65,10.1,17.65,1014.2,0,19.08,0.6,16.09,0.6,15.14,436.62698
38.903628,30.601412,229.62,1,2234.2026,0.2686651583710407,76,100.0,100,100,0,9.73,18.42,1014.4,0,19.8,0.5,17.106666666666666,0.5,15.88,397.92333
32.561209,19.055684,342.65,1,3974.74,0.23529411764705882,67,100.0,110,100,10,11.6,20.61,1013.9,0,21.96,0.0,18.976666666666667,0.0,17.65,254.48179
30.898867,15.34071,301.71,1,3487.7676,0.24586421270766748,70,100.0,100,100,0,11.56,12.25,1015.3,0,11.52,0.1,11.703333333333333,0.1,11.11,333.55261
34.590618,23.185327,318.62,1,3724.6677999999997,0.24224125825024578,69,100.0,110,100,10,11.69,14.15,1015.5,0,14.4,0.0,13.453333333333333,0.0,12.66,2011.6776
42.254172,35.938618,314.17,1,4169.0359,0.2164653306333357,62,10.0,20,10,10,13.27,15.28,1015.5,0,16.2,0.2,14.589999999999998,0.2,13.8,643.33075
52.097842,49.944621,300.82,0,3766.2664,0.21703364021423324,62,100.0,110,100,10,12.52,17.31,1014.7,0,18.72,0.3,16.016666666666666,0.3,15.14,270.26056
62.975614,64.36801,199.36,0,2456.1152,0.21718569376817182,62,23.0,33,23,10,12.32,18.58,1015.2,0,20.16,0.1,17.113333333333333,0.1,15.98,54.054428
70.75336,74.449637,142.4,0,1758.64,0.2171628721541156,62,15.0,25,15,10,12.35,18.2,1015.5,0,20.16,0.0,16.693333333333335,0.0,15.46,0.85942029
91.82282,102.32057,0.0,0,0.0,0.3403188250044779,95,100.0,111,100,11,6.0,3.83,1018.5,0,4.68,0.0,4.766666666666667,0.0,5.86,24.036111
80.863737,87.738979,5.34,0,27.768,0.35207472606430756,98,0.0,0,0,0,5.2,5.82,1019.1,0,6.12,0.0,4.573333333333333,0.0,3.83,372.01633
69.569586,73.123154,124.6,0,929.516,0.32429350343893665,91,100.0,100,100,0,7.46,2.97,1018.6,0,0.72,0.0,2.5966666666666662,0.0,1.94,673.71194
58.373557,58.599601,308.83,0,3140.8010999999997,0.2823662289990117,80,10.0,10,10,0,10.17,4.84,1017.9,0,2.88,0.0,4.593333333333334,0.0,4.61,424.6357
47.775915,44.331419,485.05,0,5854.5535,0.24542458453123908,70,10.0,10,10,0,12.07,5.9,1018.0,0,6.12,0.0,5.703333333333333,0.0,5.86,2034.7373
38.577165,30.714819,591.85,1,7853.8495,0.21995670693387337,63,23.0,23,23,0,13.27,6.48,1016.6,0,9.36,0.0,6.126666666666666,0.0,6.13,1796.2694
32.208247,19.293009,654.15,1,10034.661,0.18718153142223304,54,100.0,100,100,0,15.34,6.88,1015.8,0,11.16,0.0,6.46,0.0,6.37,1966.31
30.553182,15.684947,563.37,1,8371.6782,0.18054928648310822,52,100.0,181,100,13,14.86,4.68,1016.4,68,12.96,0.0,4.579999999999999,0.0,4.68,498.52909
34.293318,23.451198,582.06,1,9097.5978,0.16967934067456197,49,100.0,223,100,23,15.63,4.68,1015.6,100,9.36,0.0,4.416666666666667,0.0,4.55,772.99624
42.010613,36.127262,536.67,1,8452.5525,0.16960886119764626,49,100.0,200,100,26,15.75,3.4,1015.3,74,10.8,0.0,2.83,0.0,2.9,933.39628
51.891405,50.089699,451.23,0,7170.0447,0.16260725159147524,47,100.0,163,100,29,15.89,1.48,1014.4,34,9.0,0.0,1.12,0.0,1.08,177.06391
62.788763,64.485262,248.31,0,3769.3458,0.1734124093920161,50,100.0,183,100,27,15.18,2.9,1013.9,56,11.88,0.0,3.3000000000000003,0.0,2.9,81.685446
91.539946,102.27352,0.0,0,0.0,0.2871809599023585,80,100.0,100,100,0,5.42,5.94,1013.9,0,6.48,0.0,4.906666666666666,0.0,4.39,56.527778
80.598714,87.715363,5.34,0,29.7972,0.2834284074193664,79,100.0,105,5,100,5.58,4.83,1013.4,0,5.76,0.0,5.22,0.0,5.35,460.13803
69.302881,73.116608,142.4,0,1124.96,0.2561821739903932,72,0.0,0,0,0,7.9,8.05,1012.9,0,21.6,0.0,6.766666666666667,0.0,6.12,1218.4761
58.098643,58.617321,334.64,0,3594.0335999999998,0.21487195744830745,61,0.0,0,0,0,10.74,17.31,1011.2,0,31.32,0.0,16.036666666666665,0.0,15.53,2019.5456
47.482296,44.385268,492.17,0,5891.2749,0.17536475869809204,50,10.0,10,10,0,11.97,17.24,1010.9,0,39.6,0.0,16.27,0.0,15.95,2026.7763
38.254492,30.831759,334.64,1,3687.7327999999998,0.19002709645634658,54,100.0,162,100,62,11.02,14.92,1011.1,0,39.96,0.0,14.413333333333332,0.0,14.12,1455.0139
31.85861,19.532471,324.85,1,3612.332,0.17237133710908645,49,100.0,110,100,10,11.12,9.5,1011.0,0,36.0,0.0,9.086666666666666,0.0,8.37,1584.8421
30.210459,16.026745,338.2,1,3754.0199999999995,0.19349164467897978,55,31.0,31,31,0,11.1,12.48,1013.2,0,32.4,0.0,12.14,0.0,11.97,1259.9978
33.998905,23.716137,351.55,1,4070.949,0.17560495908404455,50,45.0,55,45,10,11.58,10.64,1013.1,0,28.44,0.0,10.26,0.0,9.83,1840.981
41.769634,36.315511,509.97,1,6593.9121000000005,0.15729865771812082,45,10.0,20,10,10,12.93,11.89,1013.0,0,11.16,0.0,11.406666666666666,0.0,11.17,1291.5045
51.686857,50.233904,525.1,0,6779.041,0.1503181150807523,43,10.0,20,10,10,12.91,11.3,1012.4,0,12.6,0.0,10.953333333333333,0.0,10.66,671.48744
62.603285,64.601247,251.87,0,3009.8464999999997,0.14731673097158893,42,56.0,66,56,10,11.95,10.81,1012.4,0,28.8,0.0,10.58,0.0,9.72,301.05447
73.745697,78.978515,158.42,0,1715.6886,0.17606873723501656,50,100.0,163,100,63,10.83,25.99,1012.7,0,37.08,0.2,23.289999999999996,0.2,21.99,0.014465409
91.164884,102.1013,0.0,0,0.0,0.30803797927085597,85,100.0,100,100,0,2.79,17.43,1018.7,0,16.92,0.0,14.530000000000001,0.0,13.48,27.524294
80.336824,87.693146,7.12,0,18.369600000000002,0.30827258550030834,85,100.0,131,100,31,2.58,14.26,1018.7,0,16.2,0.0,11.976666666666667,0.0,10.97,219.09665
69.039734,73.112032,111.25,0,379.3625,0.2964998553659242,82,100.0,100,100,0,3.41,13.25,1019.2,0,14.4,0.0,11.483333333333334,0.0,10.23,453.2504
57.827528,58.63747,258.1,0,1135.64,0.2846333993874978,79,100.0,100,100,0,4.4,12.18,1018.8,0,14.04,0.0,11.43,0.0,10.5,774.27258
47.192647,44.442059,411.18,0,2368.3968,0.26531856154315014,74,100.0,100,100,0,5.76,10.97,1018.9,0,13.32,0.0,10.719999999999999,0.0,9.69,1534.3463
37.935707,30.952068,633.68,1,4790.6208,0.23868048876064268,67,100.0,100,100,0,7.56,10.24,1017.5,0,13.68,0.0,10.219999999999999,0.0,9.47,2567.4989
31.512384,19.773747,788.54,1,7625.181799999999,0.20861325224524432,59,2.0,2,2,0,9.67,12.07,1016.3,0,15.84,0.0,12.133333333333333,0.0,11.25,2920.693
29.870756,16.365904,827.7,1,10337.973,0.17154460159641507,49,100.0,200,0,100,12.49,10.08,1015.1,100,15.84,0.0,10.08,0.0,9.72,2921.894
33.707416,23.979932,782.31,1,10615.946699999999,0.16043526785714288,46,100.0,200,0,100,13.57,10.45,1014.7,100,17.64,0.0,10.446666666666665,0.0,10.08,2650.575
41.531161,36.503035,698.65,1,9934.803,0.1461530431151477,42,100.0,200,0,100,14.22,11.57,1015.3,100,18.72,0.0,11.57,0.0,11.17,2108.7831
51.484279,50.377157,599.86,0,8566.0008,0.1391643182687959,40,100.0,200,0,100,14.28,11.87,1014.3,100,18.0,0.0,11.700000000000001,0.0,11.01,1498.6501
62.419221,64.715898,511.75,0,7358.965,0.13216012242200814,38,100.0,200,0,100,14.38,12.41,1014.0,100,20.88,0.0,12.116666666666667,0.0,11.53,662.05833
73.610374,79.127175,405.84,0,5746.694399999999,0.14270300372420033,41,100.0,200,0,100,14.16,12.31,1014.7,100,18.72,0.0,12.053333333333333,0.0,11.44,33.6341
35.744468,29.423067,652.37,1,8930.9453,0.1673406777297448,48,10.0,10,10,0,13.69,26.29,1019.0,0,19.44,0.0,24.616666666666664,0.0,23.78,2581.0272
30.495441,20.506021,776.08,1,11982.6752,0.16286080598773348,47,10.0,10,10,0,15.44,22.1,1018.2,0,18.36,0.0,21.110000000000003,0.0,20.6,2782.8494
28.870849,17.366632,316.84,1,4578.338,0.19123783031988875,55,100.0,110,100,10,14.45,8.76,1019.8,0,13.68,0.0,8.526666666666666,0.0,8.47,2626.1294
32.8512,24.762787,194.91,1,2695.6053,0.20210467628406165,58,100.0,110,100,10,13.83,8.65,1019.9,0,11.52,0.0,8.453333333333333,0.0,8.31,1800.1336
40.831326,37.0602,199.36,1,2727.2448,0.2022103685109647,58,100.0,100,100,0,13.68,4.38,1020.0,0,6.12,0.0,4.4799999999999995,0.0,4.38,706.18708
50.888439,50.800104,289.25,0,4040.8225,0.19504040122596825,56,100.0,100,100,0,13.97,4.69,1020.0,0,15.84,0.0,4.703333333333334,0.0,4.33,844.50941
61.875664,65.051047,260.77,0,3614.2721999999994,0.19163095362530924,55,100.0,100,100,0,13.86,6.12,1019.8,0,14.4,0.0,6.243333333333332,0.0,5.76,407.97437
73.174558,79.518901,195.8,0,2662.88,0.1918047079337402,55,77.0,77,77,0,13.6,9.36,1020.3,0,21.6,0.0,9.363333333333332,0.0,9.01,33.350815
90.179612,102.05882,0.0,0,0.0,0.3355462548708328,93,45.0,140,0,45,4.01,7.2,1022.8,95,5.4,0.0,8.193333333333333,0.0,9.26,79.005278
79.322816,87.619049,16.02,0,73.692,0.3384338433843384,94,51.0,114,0,51,4.6,7.93,1022.2,63,7.2,0.0,8.816666666666666,0.0,9.61,573.94442
68.024499,73.113452,169.1,0,1461.0240000000001,0.2697043897938181,76,100.0,200,0,100,8.64,9.35,1021.2,100,8.28,0.0,7.823333333333333,0.0,7.17,1291.7967
56.782885,58.741794,332.86,0,3967.6912,0.22099835128214124,63,100.0,200,0,100,11.92,5.99,1020.4,100,6.12,0.0,5.86,0.0,5.69,1697.3794
46.075742,44.697202,484.16,0,6816.9728000000005,0.16711346307836927,48,100.0,200,0,100,14.08,3.96,1019.5,100,9.0,0.0,3.9666666666666663,0.0,3.96,2295.5119
36.701697,31.463831,600.75,1,9485.842499999999,0.13151519346577145,38,100.0,200,0,100,15.79,3.71,1018.8,100,8.64,0.0,3.7366666666666664,0.0,3.4,2689.6781
30.163858,20.751739,705.77,1,12118.0709,0.11711215210801874,34,100.0,200,0,100,17.17,2.31,1018.1,100,6.84,0.0,2.3366666666666664,0.0,2.1,2518.3639
28.543986,17.693692,720.01,1,13219.3836,0.12692531988611025,37,100.0,200,0,100,18.36,1.48,1016.7,100,13.32,0.0,1.6333333333333335,0.0,1.48,2813.4818
32.571886,25.020113,708.44,1,13658.723200000002,0.11968676264405159,35,100.0,167,0,100,19.28,3.55,1016.5,67,14.4,0.0,3.7733333333333334,0.0,3.42,2406.676
40.603242,37.243583,804.56,1,16219.9296,0.11250894957553442,33,36.0,56,0,36,20.16,5.15,1016.2,20,15.48,0.0,5.263333333333334,0.0,5.01,1982.0331
50.693802,50.938442,742.26,0,15134.6814,0.10901410369966616,32,35.0,40,0,35,20.39,6.44,1014.9,5,16.2,0.0,6.656666666666666,0.0,6.29,1384.8917
61.697399,65.159557,623.0,0,12646.9,0.1090475379110581,32,0.3,1,0,0,20.3,8.09,1014.8,1,17.64,0.0,8.143333333333333,0.0,7.97,595.7528
73.000359,79.605528,461.02,0,9082.094,0.1161003926925047,34,0.0,0,0,0,19.7,8.83,1014.8,0,17.28,0.0,8.81,0.0,8.83,36.930556
98.079817,112.99639,0.0,0,0.0,0.16531251099152333,47,100.0,200,0,100,11.16,3.08,1015.0,100,1.8,0.0,5.23,0.0,6.48,10.2
89.918907,102.02025,0.0,0,0.0,0.16891891891891894,48,100.0,200,0,100,11.01,2.52,1015.1,100,2.52,0.0,5.416666666666667,0.0,7.21,112.79444
79.078225,87.604392,10.68,0,120.0432,0.18636379619536553,53,100.0,200,0,100,11.24,6.49,1014.6,100,5.4,0.0,7.9433333333333325,0.0,9.75,489.34417
67.780468,73.118744,100.57,0,1301.3757999999998,0.17477017721695973,50,100.0,200,0,100,12.94,10.37,1014.6,100,6.48,0.0,7.596666666666667,0.0,6.21,924.04183
56.532131,58.773664,205.59,0,3069.4587,0.14579283532352125,42,100.0,200,0,100,14.93,7.73,1014.1,100,11.16,0.0,7.403333333333333,0.0,7.24,794.80667
45.807443,44.767618,287.47,0,4697.259800000001,0.1450827317005769,42,100.0,200,0,100,16.34,11.21,1014.3,100,14.4,0.0,10.616666666666665,0.0,10.2,890.54361
36.40407,31.598637,308.83,1,5166.7258999999995,0.16558575962467229,48,100.0,200,0,100,16.73,16.28,1013.7,100,17.28,0.0,15.113333333333335,0.0,14.78,828.69566
29.836459,20.998307,321.29,1,5436.226800000001,0.15513496742165683,45,100.0,300,100,100,16.92,23.19,1013.6,100,21.96,0.0,21.343333333333334,0.0,20.67,1319.9406
28.220843,18.018005,251.87,1,4158.3737,0.1311882897189809,38,100.0,300,100,100,16.51,23.03,1013.8,100,24.84,0.0,20.900000000000002,0.0,19.67,672.48232
32.295946,25.27562,314.17,1,5334.6066,0.1378692310343639,40,100.0,300,100,100,16.98,30.02,1013.2,100,36.72,0.0,27.296666666666667,0.0,26.0,478.04333
40.377913,37.425636,329.3,1,5466.380000000001,0.14150129421915444,41,100.0,300,100,100,16.6,29.31,1013.2,100,33.84,0.0,26.459999999999997,0.0,24.95,438.2545
50.501225,51.075308,231.4,0,3711.656,0.14177530343372868,41,100.0,300,100,100,16.04,26.18,1012.4,100,40.32,0.0,23.626666666666665,0.0,22.6,415.7237
61.520635,65.266343,237.63,0,3828.2192999999997,0.14174099426121828,41,100.0,300,100,100,16.11,25.2,1012.6,100,30.24,0.0,22.73,0.0,21.6,183.96861
71.979897,78.602703,235.85,0,3794.8264999999997,0.13483612225141753,39,100.0,277,100,100,16.09,27.89,1012.6,77,39.24,0.0,24.94666666666667,0.0,23.84,30.434967
98.073329,113.31452,0.0,0,0.0,0.30020254629629634,83,1.5,5,0,0,3.33,11.16,1016.0,5,8.64,0.0,10.276666666666666,0.0,10.88,1.5306452
89.662183,101.98323,0.0,0,0.0,0.2967681227606674,82,0.6,2,0,0,3.16,12.25,1016.4,2,10.08,0.0,11.64,0.0,12.48,168.05958
78.837414,87.591353,19.58,0,77.341,0.29231324431613137,81,9.6,32,0,0,3.95,12.6,1016.5,32,9.72,0.0,11.229999999999999,0.0,10.46,450.14311
67.540522,73.12601,179.78,0,1382.5082,0.24925224327018947,70,11.1,37,0,0,7.69,9.69,1015.4,37,14.76,0.0,8.393333333333333,0.0,7.59,1244.7293
56.285707,58.807786,346.21,0,3898.3246,0.21096304630638868,60,100.0,200,0,100,11.26,7.75,1014.2,100,12.96,0.0,7.1066666666666665,0.0,6.95,1404.8224
45.543686,44.840521,478.82,0,6444.9172,0.1884093367293535,54,100.0,200,0,100,13.46,8.4,1013.9,100,15.48,0.0,7.933333333333334,0.0,7.7,1145.4596
36.110963,31.735837,535.78,1,7854.534799999999,0.18067475070358918,52,100.0,238,38,100,14.66,9.69,1012.9,100,15.12,0.0,9.200000000000001,0.0,8.89,1352.8692
29.513084,21.245101,498.4,1,7386.288,0.1805743653852832,52,100.0,259,100,100,14.82,9.69,1011.8,59,17.28,0.0,9.579999999999998,0.0,9.26,1398.5836
27.90118,18.338804,225.17,1,3134.3664,0.20552478489567005,59,100.0,300,100,100,13.92,7.63,1013.8,100,18.72,0.0,7.07,0.0,7.29,413.93294
32.0232,25.528883,243.86,1,3387.2154000000005,0.2020624303232999,58,100.0,210,10,100,13.89,4.1,1013.2,100,5.76,0.0,3.84,0.0,4.1,390.68611
40.155243,37.606141,335.53,1,4824.9214,0.19128438771606443,55,100.0,192,64,100,14.38,5.5,1012.8,28,13.32,0.0,5.23,0.0,5.19,433.4925
50.310665,51.210566,245.64,0,3458.6112,0.20192876788636288,58,100.0,300,100,100,14.08,12.03,1012.3,100,13.68,0.5,11.449999999999998,0.5,11.3,586.81734
61.345363,65.371311,265.22,0,3633.514,0.20568241241066762,59,100.0,200,100,100,13.7,17.83,1012.0,0,16.92,0.5,16.73,0.5,16.3,227.31436
72.184701,79.169131,189.57,0,2511.8025,0.223463687150838,64,100.0,154,54,100,13.25,14.53,1011.9,0,15.48,0.5,13.85,0.5,13.51,17.189091
89.409195,101.94754,0.0,0,0.0,0.33027913914340506,93,100.0,100,100,0,8.43,18.25,1008.0,0,20.52,0.8,13.056666666666667,0.8,10.81,130.9478
78.600481,87.579966,11.57,0,106.2126,0.3258598094428506,92,100.0,111,100,11,9.18,13.36,1007.5,0,24.48,0.3,9.856666666666667,0.3,7.92,197.91444
67.304746,73.135254,129.05,0,1376.9635,0.28891550983017406,82,10.0,10,10,0,10.67,1.3,1007.7,0,21.6,0.0,1.4666666666666668,0.0,1.3,254.97361
56.043699,58.844129,158.42,0,1685.5888,0.2748511223087495,78,100.0,106,100,6,10.64,6.48,1007.8,0,16.2,0.3,6.533333333333334,0.3,6.48,52.402778
45.284561,44.915833,208.26,1,2211.7212,0.25725059026676533,73,100.0,200,100,100,10.62,5.12,1008.3,0,19.8,0.6,5.4433333333333325,0.6,4.84,109.5682
35.82248,31.875268,276.79,1,3061.2974000000004,0.23222265226417088,66,100.0,300,100,100,11.06,7.56,1008.1,100,22.68,0.3,7.246666666666666,0.3,6.84,414.85
29.193838,21.491882,259.88,1,2869.0751999999998,0.22168267708223371,63,100.0,300,100,100,11.04,8.31,1007.9,100,13.32,0.0,7.88,0.0,7.63,1407.1082
27.585076,18.65599,254.54,1,2840.6664,0.23917554781752312,68,94.0,107,10,94,11.16,19.24,1006.4,3,27.0,1.1,17.626666666666665,1.1,16.39,2222.263
31.753694,25.779749,302.6,1,3186.378,0.23618161308516641,67,63.0,126,63,63,10.53,24.7,1006.2,0,27.36,0.0,22.546666666666667,0.0,21.07,566.89694
39.935245,37.784958,347.99,1,3535.5784000000003,0.23649006388761426,67,100.0,169,69,100,10.16,23.01,1006.9,0,27.0,0.5,21.22666666666667,0.5,20.06,705.33226
50.122125,51.344107,268.78,0,2730.8048,0.23649006388761426,67,100.0,172,72,100,10.16,22.08,1006.9,0,24.12,0.8,20.63,0.8,19.34,356.45222
61.171592,65.474379,224.28,0,1969.1783999999998,0.2624765012591779,74,100.0,200,100,100,8.78,28.67,1007.6,0,26.64,0.5,25.573333333333334,0.5,23.71,169.67472
72.107715,79.370364,123.71,0,909.2684999999999,0.2816399286987522,79,100.0,200,100,100,7.35,26.46,1008.9,0,27.0,0.2,22.849999999999998,0.2,20.87,13.929464
97.64129,113.34198,0.0,0,0.0,0.3411854379151392,94,2.0,2,2,0,2.36,24.91,1013.6,0,25.56,0.0,19.966666666666665,0.0,18.5,2.7432292
89.160805,101.91381,0.0,0,0.0,0.3382433169667212,93,3.0,3,3,0,1.8,23.48,1014.1,0,18.72,0.0,19.176666666666666,0.0,18.47,80.946667
78.367527,87.570263,20.47,0,51.78909999999999,0.33734764944863616,93,36.0,36,36,0,2.53,20.97,1014.6,0,20.16,0.0,17.65,0.0,16.79,413.49556
67.073225,73.146474,174.44,0,849.5228,0.30573340047478603,85,100.0,100,100,0,4.87,19.01,1014.8,0,21.24,0.0,17.26,0.0,16.49,814.73167
55.806188,58.882659,355.11,0,2244.2952,0.28625612767023295,80,100.0,100,100,0,6.32,21.9,1014.6,0,22.68,0.0,19.94333333333333,0.0,18.84,795.97556
45.030151,44.99347,525.99,1,3792.3879,0.2675131973177344,75,100.0,100,100,0,7.21,23.68,1015.3,0,24.12,0.0,21.560000000000002,0.0,20.37,459.74
35.538701,32.016751,598.97,1,4779.7806,0.252552200049799,71,100.0,100,100,0,7.98,24.46,1015.6,0,25.56,0.0,22.596666666666668,0.0,21.41,463.59084
28.878774,21.738364,751.16,1,6520.068799999999,0.24482844267821027,69,91.0,91,91,0,8.68,22.66,1015.1,0,24.84,0.0,21.55666666666667,0.0,20.62,679.83611
27.272545,18.969337,590.96,1,5844.594400000001,0.2331825890333522,66,24.0,24,24,0,9.89,21.82,1014.7,0,20.88,0.0,20.86,0.0,19.51,984.68917
31.487418,26.028005,834.82,1,9734.0012,0.20715564762473226,59,7.0,7,7,0,11.66,23.05,1014.3,0,21.96,0.0,22.02,0.0,20.97,1169.5914
39.717908,37.961927,851.73,1,10391.106,0.19975468722621345,57,4.0,4,4,0,12.2,23.74,1014.7,0,20.52,0.0,22.633333333333336,0.0,21.71,1817.055
49.935597,51.475816,767.18,0,9543.7192,0.19608529710424036,56,1.0,1,1,0,12.44,23.93,1014.2,0,20.88,0.0,22.743333333333336,0.0,21.64,1210.2673
60.999322,65.575461,492.17,0,5930.6485,0.20336605890603085,58,10.0,10,10,0,12.05,25.71,1014.4,0,21.24,0.0,23.930000000000003,0.0,22.66,661.67028
72.313397,79.929502,445.89,0,5145.570599999999,0.20724296603322911,59,10.0,10,10,0,11.54,25.98,1014.7,0,21.6,0.0,24.116666666666664,0.0,22.93,60.689444
98.010606,114.19494,0.0,0,0.0,0.3089413370693681,86,45.0,47,45,0,5.22,14.17,1019.1,2,9.0,0.0,10.053333333333333,0.0,7.9,5.7468468
88.917224,101.88218,0.0,0,0.0,0.33816598913551826,94,37.0,65,37,0,4.82,11.97,1019.5,28,11.16,0.0,8.450000000000001,0.0,6.62,172.78694
78.138632,87.562276,24.92,0,138.0568,0.330115899386415,92,100.0,277,100,77,5.54,6.95,1019.7,100,7.92,0.0,4.253333333333334,0.0,2.55,522.29
66.846043,73.159677,169.1,0,1275.014,0.2992625316185115,84,100.0,300,100,100,7.54,3.62,1019.5,100,6.84,0.0,3.4933333333333336,0.0,3.62,1183.0022
55.573271,58.923357,323.07,0,3017.4737999999998,0.2619561754398386,74,100.0,255,55,100,9.34,6.11,1018.9,100,8.64,0.0,5.7700000000000005,0.0,5.6,1596.0814
44.780583,45.073379,440.55,1,4572.909000000001,0.2327796000423236,66,100.0,300,100,100,10.38,15.04,1019.1,100,15.12,0.0,14.36,0.0,14.33,1740.236
35.259818,32.160209,445.89,1,4833.4475999999995,0.22183879714074442,63,73.0,183,10,73,10.84,14.62,1018.6,100,14.4,0.0,14.146666666666667,0.0,13.91,1976.1534
28.568171,21.984587,664.83,1,8516.472300000001,0.18883759966428873,54,100.0,270,70,100,12.81,14.4,1017.6,100,14.4,0.0,13.68,0.0,13.32,1554.0867
26.963868,19.279112,709.33,1,10377.4979,0.16679407881020225,48,100.0,226,26,100,14.63,11.89,1017.4,100,13.68,0.0,11.526666666666666,0.0,11.17,1770.1286
31.224546,26.273654,639.91,1,9624.246399999998,0.16655678545404073,48,100.0,300,100,100,15.04,11.9,1017.0,100,14.4,0.0,11.659999999999998,0.0,11.54,906.894
39.503303,38.136958,305.27,1,4221.8841,0.1881664227472298,54,100.0,300,100,100,13.83,14.29,1017.3,100,13.68,0.0,13.37,0.0,13.28,442.64339
49.751107,51.605604,330.19,0,4642.4714,0.1845339646948226,53,100.0,111,11,100,14.06,9.66,1016.5,0,12.24,0.0,9.343333333333332,0.0,9.34,131.53167
60.828567,65.674485,340.87,0,5061.9195,0.1701388888888889,49,100.0,110,10,100,14.85,7.2,1016.1,0,12.6,0.1,6.963333333333334,0.1,6.84,147.91361
97.136229,113.25051,0.0,0,0.0,0.31889354688451754,89,100.0,200,100,100,5.94,14.4,1018.7,0,12.96,0.0,13.01,0.0,12.6,0.23489583
88.678815,101.85289,0.0,0,0.0,0.31684309066032984,88,67.0,70,3,67,4.59,14.51,1019.0,0,10.8,0.0,10.946666666666667,0.0,9.93,87.866667
77.913892,87.556035,24.92,0,121.8588,0.3057114084304417,85,0.0,0,0,0,4.89,15.02,1019.9,0,16.56,0.0,10.9,0.0,8.5,374.96
66.62328,73.174862,186.9,0,1326.99,0.23907225691347012,67,0.0,0,0,0,7.1,14.51,1019.3,0,15.84,0.0,13.576666666666668,0.0,12.98,674.08814
55.345026,58.966188,378.25,0,3389.1200000000003,0.1878699797951154,53,0.0,0,0,0,8.96,18.84,1018.9,0,19.08,0.0,17.486666666666665,0.0,16.55,1615.2597
44.535938,45.155477,557.14,1,5833.2558,0.16924053310767928,48,0.0,0,0,0,10.47,18.08,1019.2,0,20.52,0.0,17.150000000000002,0.0,16.3,2560.7287
34.985913,32.305471,707.55,1,8490.599999999999,0.15430475188497284,44,0.0,0,0,0,12.0,18.84,1018.3,0,22.32,0.0,18.16,0.0,17.31,2808.3628
28.262096,22.230292,823.25,1,10875.132500000002,0.13270009777901945,38,0.0,0,0,0,13.21,18.84,1017.9,0,21.6,0.0,18.16,0.0,17.31,2879.6863
26.659074,19.585115,886.44,1,12968.6172,0.13899506567516853,40,0.0,0,0,0,14.63,20.39,1018.7,0,23.04,0.0,19.61,0.0,18.84,2799.6825
30.965077,26.516503,900.68,1,13807.4244,0.13865779256794233,40,0.0,0,0,0,15.33,19.91,1018.7,0,27.72,0.0,19.126666666666665,0.0,18.36,2564.0957
39.291417,38.3099,861.52,1,13620.6312,0.13496677740863788,39,0.0,0,0,0,15.81,19.23,1018.4,0,26.64,0.0,18.613333333333333,0.0,17.94,2105.4054
49.568647,51.733359,769.85,0,12402.2835,0.13828389684021297,40,0.0,0,0,0,16.11,18.72,1018.1,0,20.88,0.0,18.009999999999998,0.0,17.15,1318.5103
60.659326,65.771367,644.36,0,10354.8652,0.1417605974690547,41,0.0,0,0,0,16.07,19.01,1018.2,0,19.44,0.0,18.12666666666667,0.0,17.43,579.3769
71.976913,80.078258,479.71,0,7449.896299999999,0.14548981571290012,42,1.2,4,0,0,15.53,18.0,1018.1,4,19.8,0.0,17.113333333333333,0.0,16.42,27.965278
88.445763,101.82606,0.0,0,0.0,0.30891595355608426,87,100.0,263,63,100,8.48,5.8,1020.3,100,10.44,0.0,3.0733333333333337,0.0,1.48,69.524911
77.693408,87.55157,25.81,0,233.8386,0.301194146203182,85,100.0,219,19,100,9.06,3.32,1020.1,100,12.6,0.0,2.6666666666666665,0.0,2.16,572.78167
66.405016,73.192024,181.56,0,2057.0748,0.2601237345331834,74,100.0,123,100,23,11.33,3.26,1020.4,0,12.24,0.0,3.283333333333333,0.0,2.97,1294.7433
55.121519,59.011109,290.14,0,4064.8614,0.1915308538793704,55,100.0,100,100,0,14.01,11.59,1019.7,0,17.28,0.0,11.003333333333336,0.0,9.98,1886.5753
44.296268,45.239659,521.54,1,8417.6556,0.15900998997545718,46,12.0,12,12,0,16.14,17.65,1019.5,0,21.6,0.0,16.713333333333335,0.0,15.84,2194.0856
34.717014,32.452319,682.63,1,11795.8464,0.16527218262576182,48,39.0,39,39,0,17.28,18.22,1019.1,0,20.88,0.0,17.566666666666666,0.0,16.61,2469.2536
27.960515,22.475088,642.58,1,11187.3178,0.17552312775330398,51,100.0,100,100,0,17.41,20.87,1018.6,0,21.96,0.0,19.87,0.0,18.97,2282.4732
26.358074,19.886971,849.95,1,15613.581500000002,0.16465422612513722,48,5.1,17,0,0,18.37,13.76,1018.8,17,15.12,0.0,13.416666666666666,0.0,12.73,1932.9677
30.708936,26.756291,842.83,1,16148.622800000001,0.16420922992713216,48,7.2,24,0,0,19.16,14.53,1018.4,24,17.64,0.0,14.263333333333334,0.0,13.49,2224.6013
39.082204,38.480582,752.94,1,14494.095000000001,0.16757865937072505,49,100.0,110,100,0,19.25,14.06,1018.7,10,16.92,0.0,13.536666666666667,0.0,13.0,1975.2604
49.388191,51.858962,577.61,0,11303.8277,0.1673954632413228,49,100.0,100,100,0,19.57,14.88,1017.5,0,16.2,0.0,14.313333333333333,0.0,13.78,1128.8408
60.491597,65.866022,398.72,0,7810.924800000001,0.16738402678144432,49,100.0,109,100,0,19.59,16.1,1017.4,9,18.0,0.0,15.673333333333332,0.0,14.97,536.80778
71.810522,80.149191,252.76,0,4840.353999999999,0.17447827574409855,51,10.0,15,10,0,19.15,16.6,1017.7,5,18.0,0.0,15.843333333333334,0.0,14.99,59.42
96.470926,112.91853,0.0,0,0.0,0.3410665435037482,96,100.0,202,97,100,8.32,8.71,1018.6,5,7.92,0.0,6.046666666666667,0.0,5.41,11.070847
88.218357,101.80189,0.0,0,0.0,0.3373220182508966,95,100.0,128,21,100,8.48,7.28,1018.8,7,6.48,0.0,5.79,0.0,6.13,95.635
77.477252,87.548907,13.35,0,125.49,0.31498849761104236,89,100.0,114,9,100,9.4,7.57,1018.2,5,16.92,0.0,5.68,0.0,5.51,439.5425
66.191326,73.211163,105.02,0,1289.6455999999998,0.26976841957747966,77,100.0,213,13,100,12.28,4.33,1017.2,100,15.84,0.0,2.143333333333333,0.0,0.8,470.80917
54.90284,59.058094,303.49,0,4816.3863,0.16953844024634973,49,53.0,152,4,53,15.87,10.59,1016.9,95,15.48,0.0,10.056666666666667,0.0,9.69,869.50861
44.061692,45.325869,499.29,1,8642.7099,0.14459822350753979,42,100.0,200,0,100,17.31,11.02,1017.2,100,19.8,0.0,10.636666666666668,0.0,10.38,455.37185
34.453298,32.600673,574.94,1,10452.4092,0.13730134212061923,40,100.0,200,0,100,18.18,9.29,1016.4,100,21.6,0.0,9.076666666666666,0.0,8.44,502.03692
27.663685,22.719003,445.89,1,8347.0608,0.13704731558570596,40,100.0,202,2,100,18.72,10.83,1016.1,100,23.76,0.0,10.426666666666668,0.0,9.5,897.73583
26.061122,20.184883,579.39,1,11048.9673,0.1813702005338444,53,100.0,207,100,79,19.07,18.79,1016.2,28,24.48,0.0,17.84,0.0,16.86,700.1728
30.456268,26.993005,597.19,1,11621.317400000002,0.18454598270735795,54,100.0,222,100,100,19.46,23.4,1015.7,22,29.88,0.0,21.89333333333333,0.0,20.52,661.93226
38.875718,38.648913,396.05,1,7517.029,0.19169547804059836,56,100.0,221,100,100,18.98,25.77,1015.8,21,29.88,0.0,23.78,0.0,22.38,250.05851
49.209757,51.982327,361.34,0,6738.990999999999,0.20219328307059634,59,100.0,106,100,0,18.65,25.99,1015.9,6,28.44,0.0,24.14333333333333,0.0,23.11,124.09974
60.325387,65.958381,411.18,0,7072.296,0.22386774582400554,65,100.0,109,100,0,17.2,22.83,1016.7,9,26.64,0.0,21.226666666666663,0.0,20.19,249.33499
71.645348,80.217711,315.95,0,5573.358,0.22352900718731733,65,100.0,151,100,0,17.64,17.67,1016.6,51,24.48,0.0,16.716666666666665,0.0,15.99,66.485683
97.072392,114.08322,0.0,0,0.0,0.3042702759416641,87,100.0,200,0,100,12.78,12.78,1015.0,100,8.64,0.0,12.06,0.0,13.32,6.7970833
87.996838,101.78056,0.0,0,0.0,0.304408677396781,87,100.0,200,0,100,12.65,10.19,1014.4,100,5.76,0.0,11.316666666666668,0.0,13.32,125.00493
77.265511,87.54807,27.59,0,378.5348,0.29281556105553036,84,100.0,107,0,100,13.72,9.18,1014.6,7,4.32,0.0,9.313333333333333,0.0,9.39,555.27081
65.982286,73.232274,179.78,0,2959.1788,0.2486101999240358,72,100.0,101,0,100,16.46,4.21,1014.3,1,8.28,0.0,4.59,0.0,4.55,1196.9183
54.689059,59.107106,364.01,0,6712.3444,0.2194862649610755,64,81.0,90,0,81,18.44,4.74,1013.8,9,12.6,0.0,4.5,0.0,4.38,1807.6767
43.832283,45.414021,538.45,1,10882.0745,0.20111808017452962,59,3.6,12,0,0,20.21,7.86,1013.6,12,13.68,0.0,7.400000000000001,0.0,7.17,1628.6581
34.19485,32.750373,517.98,1,10810.242600000001,0.19726549214339162,58,48.0,101,48,48,20.87,8.16,1013.0,5,14.76,0.1,7.733333333333334,0.1,7.65,2018.105
27.37169,22.961827,454.79,1,10019.023700000002,0.17955146012602483,53,10.0,34,10,0,22.03,7.57,1012.1,24,15.84,0.2,7.41,0.2,7.09,2047.0364
25.768269,20.478715,621.22,1,14530.3358,0.16186686450394552,48,61.0,98,61,0,23.39,14.4,1012.4,37,19.8,0.0,13.756666666666668,0.0,13.39,2033.9836
30.207083,27.226491,836.6,1,20136.962,0.15476751228046567,46,100.0,110,100,0,24.07,14.46,1011.4,10,29.16,0.0,14.12,0.0,13.78,1395.2551
38.671952,38.81476,727.13,1,17807.413699999997,0.12431124848810644,37,13.5,51,6,0,24.49,20.88,1010.8,45,32.76,0.0,19.696666666666665,0.0,19.35,989.79611
49.033337,52.10335,743.15,0,18400.394,0.09734483568863081,29,9.3,31,0,0,24.76,22.38,1010.1,31,32.4,0.0,21.053333333333335,0.0,20.32,968.62417
60.160697,66.048366,610.54,0,14860.543599999999,0.0873978957275875,26,30.0,100,0,0,24.34,22.45,1010.1,100,31.68,0.0,21.05333333333333,0.0,20.28,353.79167
71.481404,80.283765,455.68,0,10626.4576,0.1011906769656289,30,30.0,100,0,0,23.32,23.23,1010.6,100,32.04,0.0,21.206666666666667,0.0,20.27,59.907764
87.781368,101.76215,0.0,0,0.0,0.11928568922569555,34,100.0,176,0,100,11.88,25.28,1012.3,76,27.36,0.0,15.423333333333332,0.0,11.3,47.742359
77.058274,87.549084,14.24,0,179.2816,0.11898929096381328,34,100.0,154,0,100,12.59,24.41,1011.6,54,27.36,0.0,16.286666666666665,0.0,12.86,89.971022
65.777967,73.255348,85.44,0,1293.5616,0.13181171736792816,38,100.0,143,0,100,15.14,20.38,1011.4,43,28.44,0.0,14.213333333333333,0.0,10.8,225.41778
54.48024,59.158097,169.1,0,2959.25,0.16170651986925857,47,100.0,154,3,100,17.5,17.87,1011.3,51,28.8,0.0,15.39,0.0,13.61,582.30111
43.608096,45.504013,166.43,1,2919.1822,0.1685644501014827,49,100.0,227,100,100,17.54,12.76,1011.7,27,27.36,0.0,11.983333333333334,0.0,11.66,594.4933
33.941712,32.90122,228.73,1,4368.743,0.1847733105218135,54,100.0,131,3,100,19.1,9.83,1011.1,28,29.88,0.0,9.353333333333333,0.0,8.5,276.84867
27.084528,23.20324,249.2,1,4762.2119999999995,0.20187504277013618,59,100.0,234,70,100,19.11,26.83,1011.6,64,37.8,0.2,22.956666666666667,0.2,22.03,345.75664
25.479463,20.768177,273.23,1,4989.179800000001,0.2127586561888748,62,100.0,200,0,100,18.26,21.46,1011.6,100,38.88,0.0,18.546666666666667,0.0,17.73,278.36111
29.961329,27.456526,273.23,1,5128.5271,0.19525897506166076,57,100.0,257,57,100,18.77,22.33,1011.1,100,28.08,0.0,19.55,0.0,18.79,379.92972
38.470867,38.977965,211.82,1,3952.5612,0.20561324149275212,60,100.0,272,72,100,18.66,24.54,1011.3,100,25.92,0.4,21.393333333333334,0.4,20.43,133.86937
48.858909,52.22192,196.69,0,3418.4721999999997,0.2306130175885451,67,100.0,238,38,100,17.38,27.73,1011.4,100,27.0,0.5,24.036666666666672,0.5,22.71,145.63981
59.997524,66.135897,270.56,0,4699.6272,0.2237367479003167,65,100.0,201,1,100,17.37,24.48,1011.3,100,55.8,0.0,21.849999999999998,0.0,20.88,15.179863
70.286424,79.036087,221.61,0,3758.5056000000004,0.2240529454344904,65,100.0,211,11,100,16.96,22.32,1011.1,100,21.6,0.0,19.45,0.0,18.36,1.2578231
87.572147,101.74681,0.0,0,0.0,0.20901232818478108,59,0.0,0,0,0,9.13,37.29,1009.6,0,30.96,0.0,26.39,0.0,22.03,50.925278
76.85561,87.55197,37.38,0,394.35900000000004,0.19386676066267183,55,100.0,128,0,100,10.55,34.65,1008.5,28,33.84,0.0,25.709999999999997,0.0,21.6,354.58506
65.578438,73.280381,187.79,0,2694.7864999999997,0.16695652173913045,48,100.0,200,0,100,14.35,36.86,1008.0,100,38.52,0.0,31.53333333333333,0.0,29.24,397.51503
54.276459,59.211036,214.49,0,3320.3052000000002,0.16976752243356547,49,100.0,165,0,100,15.48,40.78,1007.3,65,40.32,0.0,35.34666666666667,0.0,32.81,468.02361
43.389229,45.595779,349.77,1,5939.094599999999,0.17233653879295488,50,100.0,200,0,100,16.98,43.54,1007.0,100,45.72,0.0,38.526666666666664,0.0,36.22,713.43944
33.694026,33.053116,518.87,1,9593.906299999999,0.174873131257715,51,65.0,141,0,65,18.49,44.01,1006.5,76,53.64,0.0,39.45333333333334,0.0,37.21,1311.1116
26.802409,23.443221,746.71,1,14351.7662,0.17101617813045114,50,30.0,100,0,0,19.22,43.38,1005.6,100,52.92,0.0,39.660000000000004,0.0,37.8,796.75314
25.194906,21.053385,784.98,1,16319.734199999999,0.11907191943934137,35,30.0,100,0,0,20.79,46.75,1004.5,100,60.84,0.0,42.04,0.0,39.85,799.65878
29.719112,27.683077,813.46,1,17196.544400000002,0.11553229807332904,34,30.0,124,0,24,21.14,48.85,1004.0,100,60.12,0.0,43.78,0.0,41.4,932.53715
38.272496,39.138437,779.64,1,16395.8292,0.10197838058331636,30,30.0,125,0,25,21.03,51.75,1003.6,100,62.28,0.0,45.873333333333335,0.0,43.18,1469.5648
48.686481,52.337953,709.33,0,14690.224300000002,0.10208943034097871,30,30.0,109,0,9,20.71,56.09,1002.4,100,69.12,0.0,49.24666666666667,0.0,46.23,1253.2856
59.835872,66.220909,627.45,0,12743.5095,0.10563620254889934,31,13.5,45,0,0,20.31,62.74,1001.8,45,74.52,0.0,54.6,0.0,51.09,512.43434
71.157269,80.408265,484.16,0,9150.624,0.140386920047937,41,24.0,68,0,24,18.9,63.7,1002.2,44,70.92,0.0,55.02,0.0,51.33,42.029148
87.369082,101.73445,0.0,0,0.0,0.3098511289977919,87,100.0,100,100,0,7.63,21.41,1012.3,0,20.88,0.0,18.513333333333335,0.0,17.06,63.6375
76.657616,87.556746,24.03,0,165.80700000000002,0.29637564720585613,83,16.0,16,16,0,6.9,16.8,1013.2,0,20.88,0.0,14.36,0.0,12.77,495.92664
65.383768,73.307354,169.99,0,1237.5272000000002,0.28527618300467145,80,10.0,10,10,0,7.28,15.79,1014.0,0,18.72,0.0,14.520000000000001,0.0,13.24,1094.0866
54.077763,59.265862,315.06,0,2526.7812,0.2702991073016325,76,100.0,100,100,0,8.02,15.48,1014.4,0,20.52,0.0,14.76,0.0,13.9,1940.65
43.175704,45.689189,408.51,1,3697.0155000000004,0.2445074415308292,69,65.0,65,65,0,9.05,13.78,1014.8,0,21.96,0.0,13.413333333333332,0.0,12.48,2182.0626
33.451764,33.205798,525.1,1,5581.813000000001,0.20790753400521533,59,32.0,32,32,0,10.63,12.25,1014.1,0,21.96,0.0,11.76,0.0,11.11,2754.425
26.525189,23.681281,813.46,1,10444.8264,0.17832791356341135,51,5.0,5,5,0,12.84,9.5,1013.5,0,19.44,0.0,9.346666666666666,0.0,8.85,2614.952
24.914366,21.333797,894.45,1,12933.747000000001,0.15298494489065056,44,42.0,42,42,0,14.46,6.44,1013.6,0,17.28,0.0,6.513333333333333,0.0,6.15,2256.499
29.480263,27.905797,728.91,1,10868.0481,0.14233145872387698,41,10.0,10,10,0,14.91,5.32,1013.3,0,17.64,0.0,5.37,0.0,4.83,1259.8394
38.07675,39.29598,479.71,1,7421.1137,0.1385905342665096,40,10.0,10,10,0,15.47,5.6,1013.5,0,19.44,0.0,5.523333333333333,0.0,4.84,852.74667
48.516013,52.451323,370.24,0,5657.2672,0.1456159206739937,42,92.0,102,92,10,15.28,8.67,1012.5,0,19.08,0.0,8.663333333333332,0.0,8.16,423.58195
59.675734,66.303316,289.25,0,4344.535,0.14921747579553737,43,100.0,100,100,0,15.02,9.39,1012.6,0,19.08,0.0,9.256666666666666,0.0,8.59,112.32333
70.99711,80.46661,225.17,0,3337.0193999999997,0.14584852588811337,42,24.0,24,24,0,14.82,9.39,1013.2,0,21.24,0.0,9.426666666666668,0.0,8.59,52.957773
78.095786,89.509425,181.56,0,2634.4356,0.14600570117499828,42,46.0,46,46,0,14.51,14.57,1012.9,0,25.92,0.0,13.799999999999999,0.0,13.0,0.026041667
96.459356,114.3895,0.0,0,0.0,0.3264456880470656,91,100.0,102,100,0,5.61,12.92,1019.7,2,9.0,0.0,11.556666666666667,0.0,10.74,15.741288
87.172409,101.72526,0.0,0,0.0,0.33419577404053474,93,100.0,100,100,0,5.13,11.97,1020.0,0,9.0,0.0,10.596666666666666,0.0,9.57,209.16194
76.464326,87.563432,16.91,0,87.0865,0.3269852676967302,91,100.0,100,100,0,5.15,9.39,1020.2,0,9.36,0.0,8.833333333333334,0.0,8.09,633.5775
65.194019,73.336275,122.82,0,772.5378,0.2970226166618952,83,100.0,100,100,0,6.29,6.88,1020.5,0,7.92,0.0,6.883333333333334,0.0,6.62,1365.0264
53.88425,59.32257,350.66,0,2847.3592,0.2453158886479184,69,100.0,100,100,0,8.12,6.16,1020.0,0,7.56,0.0,5.8500000000000005,0.0,5.8,1997.4542
42.967684,45.784241,560.7,1,5719.14,0.2152814540321158,61,4.0,4,4,0,10.2,6.03,1019.7,0,11.52,0.0,5.69,0.0,5.59,2469.7558
33.215242,33.359349,736.03,1,9399.103099999998,0.1783715724678232,51,0.0,0,0,0,12.77,4.69,1018.6,0,6.48,0.0,4.303333333333334,0.0,4.2,2703.4781
26.253441,23.917891,849.95,1,12851.244,0.14916571269989942,43,0.0,0,0,0,15.12,5.4,1017.8,0,14.4,0.0,4.863333333333333,0.0,4.61,2766.9354
24.638492,21.610193,914.03,1,15218.599499999998,0.11387163561076606,33,0.0,0,0,0,16.65,3.26,1018.0,0,11.88,0.0,3.1500000000000004,0.0,2.97,2553.4117
29.245163,28.124982,924.71,1,16459.838,0.10654751675545626,31,0.0,0,0,0,17.8,4.21,1017.6,0,15.84,0.0,4.28,0.0,4.02,2401.0383
37.883783,39.45062,881.99,1,16316.815,0.10286302074404252,30,0.0,0,0,0,18.5,5.12,1017.2,0,17.64,0.0,5.203333333333333,0.0,4.69,1926.1174
48.347559,52.561996,790.32,0,14881.7256,0.10274676347695048,30,0.0,0,0,0,18.83,6.83,1016.9,0,24.48,0.0,6.95,0.0,6.73,1331.0583
59.517127,66.383076,661.27,0,12392.199799999999,0.10277844393435884,30,0.0,0,0,0,18.74,6.13,1016.6,0,22.32,0.0,6.390000000000001,0.0,6.12,500.15444
70.838228,80.522298,498.4,0,9130.688,0.10635742958108897,31,0.0,0,0,0,18.32,4.69,1016.4,0,21.6,0.0,4.823333333333333,0.0,4.74,7.5130556
96.225722,114.34066,0.0,0,0.0,0.1602963701777509,45,100.0,200,0,100,7.58,31.97,1018.8,100,26.64,0.0,21.849999999999998,0.0,17.7,10.869697
86.981664,101.71885,0.0,0,0.0,0.16398702363552103,46,100.0,200,0,100,7.36,32.92,1018.4,100,31.32,0.0,22.396666666666665,0.0,18.03,174.86523
76.27585,87.57204,44.5,0,413.405,0.16640702450077893,47,10.8,46,0,10,9.29,32.76,1018.0,36,31.68,0.0,22.8,0.0,18.0,543.31698
65.009255,73.367109,224.28,0,3059.1792,0.12552738937898814,36,29.0,55,0,29,13.64,27.76,1018.1,26,29.16,0.0,23.900000000000002,0.0,22.33,910.83212
53.695943,59.381072,408.51,0,6577.011,0.10025929127052723,29,0.0,0,0,0,16.1,27.0,1017.0,0,25.2,0.0,24.599999999999998,0.0,23.4,2005.7647
42.765134,45.880754,577.61,1,10402.7561,0.09273251820304988,27,0.0,0,0,0,18.01,26.32,1016.9,0,23.04,0.0,24.626666666666665,0.0,23.78,2477.9514
32.984299,33.513379,722.68,1,14092.259999999998,0.08884332820775671,26,0.0,0,0,0,19.5,25.98,1016.0,0,24.12,0.0,24.526666666666667,0.0,23.8,2727.1328
25.98676,24.15223,830.37,1,17363.0367,0.08161599673536013,24,0.0,0,0,0,20.91,26.17,1014.7,0,26.28,0.0,24.830000000000002,0.0,23.98,2781.5295
24.366743,21.881586,897.12,1,19512.36,0.07460155985079689,22,0.0,0,0,0,21.75,28.04,1014.3,0,30.6,0.0,26.49,0.0,25.62,2526.3101
29.013454,28.34008,909.58,1,20547.412200000002,0.07438966659903971,22,0.0,0,0,0,22.59,28.04,1013.6,0,32.04,0.0,26.423333333333336,0.0,25.46,2177.2035
37.693425,39.602091,869.53,1,19851.369899999998,0.07432934657747146,22,0.0,0,0,0,22.83,30.32,1013.4,0,32.4,0.0,28.37,0.0,27.24,2029.0572
48.181048,52.669819,780.53,0,17757.0575,0.08110848259547145,24,0.0,0,0,0,22.75,30.14,1012.6,0,35.28,0.0,28.146666666666665,0.0,27.06,1384.3792
59.360039,66.460096,628.34,0,14106.233,0.08795669824086605,26,0.0,0,0,0,22.45,28.06,1012.6,0,34.2,0.0,26.093333333333334,0.0,25.26,570.92957
70.68066,80.575276,493.06,0,10714.193800000001,0.09495387954422138,28,0.0,0,0,0,21.73,27.0,1012.4,0,33.84,0.0,24.69666666666667,0.0,23.69,21.3225
96.418809,114.90111,0.0,0,0.0,0.322061191626409,90,100.0,100,100,0,6.3,20.33,1018.8,0,18.72,0.0,14.446666666666667,0.0,12.98,12.464966
86.796758,101.71517,0.0,0,0.0,0.3115816308465815,88,100.0,100,100,0,9.28,18.36,1019.2,0,21.6,0.0,15.659999999999998,0.0,15.72,117.29835
76.092234,87.582582,34.71,0,329.745,0.3042632230673979,86,100.0,100,100,0,9.5,15.62,1019.3,0,21.24,0.0,14.51,0.0,14.71,590.45735
64.829533,73.39985,210.93,0,2189.4534000000003,0.2715762000493775,77,11.0,11,11,0,10.38,18.68,1020.0,0,24.12,0.0,17.33666666666667,0.0,17.23,766.3968
53.512916,59.44134,308.83,0,3773.9026,0.23478291341065985,67,10.0,10,10,0,12.22,22.86,1020.7,0,25.2,0.0,20.983333333333334,0.0,19.8,1454.5389
42.568167,45.978684,562.48,1,7840.9712,0.19854401058901391,57,0.0,0,0,0,13.94,23.22,1021.0,0,29.52,0.0,21.939999999999998,0.0,20.81,1513.743
32.759138,33.667866,695.98,1,10606.735200000001,0.1768438572766046,51,5.0,5,5,0,15.24,22.17,1020.8,0,27.0,0.0,20.936666666666667,0.0,19.77,1580.4333
25.725502,24.384483,833.93,1,13768.1843,0.1657115238555548,48,0.0,0,0,0,16.51,20.88,1020.0,0,26.28,0.0,20.16,0.0,19.3,2692.6499
24.099501,22.148353,898.9,1,16270.09,0.1407725321888412,41,0.0,0,0,0,18.1,23.19,1020.8,0,26.64,0.0,22.13,0.0,21.31,2624.6956
28.785351,28.551197,914.03,1,17055.7998,0.14050238168671395,41,0.0,0,0,0,18.66,21.1,1020.9,0,23.4,0.0,20.11666666666667,0.0,19.23,2420.1239
37.505755,39.750361,876.65,1,16735.248499999998,0.1368738023542294,40,0.0,0,0,0,19.09,19.23,1020.9,0,24.48,0.0,18.44,0.0,17.65,1995.3142
48.01651,52.77474,789.43,0,15220.2104,0.13678487159320182,40,0.0,0,0,0,19.28,17.94,1020.6,0,22.68,0.0,17.226666666666667,0.0,16.36,1292.5064
59.204482,66.534329,662.16,0,12647.256000000001,0.14029084687767324,41,0.0,0,0,0,19.1,17.88,1020.7,0,20.52,0.0,17.1,0.0,16.32,380.9475
70.524413,80.625509,499.29,0,9226.879200000001,0.15773411514590405,46,0.0,0,0,0,18.48,17.38,1020.9,0,17.28,0.0,16.69,0.0,16.09,49.129722
96.281857,114.98163,0.0,0,0.0,0.34258796659767327,96,0.0,0,0,0,7.07,2.97,1025.7,0,6.48,0.0,5.326666666666667,0.0,6.52,3.9043333
86.617377,101.71394,0.0,0,0.0,0.33927359737152246,95,100.0,100,100,0,6.86,6.12,1026.1,0,5.04,0.0,6.723333333333334,0.0,6.84,102.60722
75.897761,87.57589,34.71,0,281.8452,0.3306431542645856,93,100.0,100,100,0,8.12,7.17,1025.5,0,5.76,0.0,6.673333333333333,0.0,6.21,589.25689
64.636924,73.41274,208.26,0,2276.2817999999997,0.29569135454801465,84,0.0,0,0,0,10.93,5.59,1025.1,0,5.4,0.0,5.836666666666667,0.0,5.8,1311.2027
53.318733,59.483266,406.73,0,6015.5367,0.23963325692852677,69,0.0,0,0,0,14.79,5.04,1024.4,0,3.6,0.0,4.6866666666666665,0.0,4.33,1930.4323
42.361997,46.059253,582.06,1,10296.6414,0.18223077981020494,53,0.0,0,0,0,17.69,6.64,1024.5,0,4.68,0.0,6.353333333333333,0.0,6.21,2366.7556
32.530742,33.810102,728.91,1,14191.8777,0.15036566195065273,44,0.0,0,0,0,19.47,7.17,1023.7,0,6.12,0.0,6.830000000000001,0.0,6.83,2612.2005
25.47344,24.618757,835.71,1,17424.5535,0.1292517006802721,38,1.5,5,0,0,20.85,6.83,1022.7,5,6.84,0.0,6.453333333333333,0.0,6.38,2698.9019
23.852433,22.431833,901.57,1,20222.2151,0.12517761688882875,37,0.0,0,0,0,22.43,4.58,1023.1,0,3.6,0.0,4.6866666666666665,0.0,4.58,2537.5612
28.579918,28.781946,913.14,1,21239.6364,0.12145339226071997,36,0.0,0,0,0,23.26,7.7,1022.6,0,4.68,0.0,7.863333333333334,0.0,7.99,2214.1185
37.339596,39.918019,873.09,1,20727.1566,0.11452052948903635,34,0.0,0,0,0,23.74,9.42,1022.2,0,7.92,0.0,9.353333333333333,0.0,9.42,1883.0614
47.87214,52.898855,784.98,0,18761.022,0.11445884531223702,34,0.0,0,0,0,23.9,9.22,1021.5,0,8.64,0.0,9.186666666666667,0.0,9.18,1363.6277
59.068458,66.628239,656.82,0,15757.1118,0.1177895941307128,35,0.0,0,0,0,23.99,8.37,1021.0,0,7.92,0.0,8.213333333333333,0.0,8.37,550.26976
70.386762,80.695512,498.4,0,11911.759999999998,0.12119171856589801,36,0.9,3,0,0,23.9,7.93,1021.3,3,9.72,0.0,7.563333333333333,0.0,7.56,27.991667
95.896852,114.69992,0.0,0,0.0,0.2230353720160307,64,100.0,200,0,100,13.8,38.02,1022.7,100,38.88,0.0,29.42,0.0,25.86,1.4114583
86.443207,101.71493,0.0,0,0.0,0.2304871660555265,66,100.0,200,0,100,13.2,38.83,1022.6,100,41.4,0.0,30.23,0.0,26.63,82.30056
75.73985,87.609488,50.73,0,706.6688999999999,0.21248432492684968,61,65.0,141,0,65,13.93,39.52,1022.5,76,37.08,0.0,31.973333333333333,0.0,28.55,552.97472
64.485433,73.470953,228.73,0,3556.7515,0.1939729823346034,56,32.0,62,0,32,15.55,38.77,1023.4,30,34.56,0.0,33.03666666666667,0.0,30.3,1305.432
53.154071,59.556129,412.96,0,7301.132799999999,0.17192174122339512,50,18.0,38,0,18,17.68,36.16,1022.8,20,29.16,0.0,32.06,0.0,30.15,1811.2225
42.191169,46.17837,578.5,1,11442.730000000001,0.15020653398422834,44,23.0,51,0,23,19.78,34.6,1022.8,28,29.16,0.0,31.253333333333334,0.0,29.72,2217.4653
32.326374,33.977531,716.45,1,15439.497500000001,0.1323379708177808,39,4.2,14,0,0,21.55,32.27,1022.5,14,27.36,0.0,29.840000000000003,0.0,28.59,2560.193
25.219441,24.84189,821.47,1,18893.81,0.11818335303055885,35,2.7,9,0,0,23.0,29.95,1021.5,9,25.56,0.0,28.016666666666666,0.0,27.05,2553.3159
23.578585,22.667339,871.31,1,21564.922499999997,0.11077542799597181,33,30.0,72,0,30,24.75,25.62,1020.6,42,24.12,0.0,24.19666666666667,0.0,23.47,2503.9511
28.339902,28.960883,891.78,1,22945.4994,0.0970289079229122,29,5.4,18,0,0,25.73,24.85,1020.2,18,27.0,0.0,23.52333333333333,0.0,22.68,2153.6072
37.138416,40.036816,859.74,1,22826.097,0.08341675008341676,25,6.9,23,0,0,26.55,23.54,1019.7,23,26.28,0.0,22.2,0.0,21.35,1804.2872
47.693327,52.975525,777.86,0,20823.3122,0.08002133902373967,24,8.1,27,0,0,26.77,20.72,1019.1,27,23.4,0.0,19.813333333333333,0.0,19.24,1218.5891
58.898,66.674197,657.71,0,17541.1257,0.07671269428323661,23,11.7,39,0,0,26.67,19.26,1018.6,39,23.4,0.0,18.343333333333334,0.0,17.78,499.41111
70.215989,80.717608,483.27,0,12676.1721,0.08016567572984168,24,60.0,160,0,60,26.23,18.39,1018.6,100,22.32,0.0,17.16333333333333,0.0,16.45,64.070626
95.686203,114.66372,0.0,0,0.0,0.17162872154115585,49,23.1,77,0,0,12.35,38.43,1021.9,77,34.2,0.0,28.34,0.0,24.39,11.303125
86.274034,101.71795,0.0,0,0.0,0.18623937030009138,53,9.9,33,0,0,11.43,39.91,1022.0,33,25.92,0.0,29.30666666666666,0.0,25.1,164.66722
75.571196,87.625848,55.18,0,743.8264,0.17444091686145902,50,5.1,17,0,0,13.48,38.16,1021.7,17,28.08,0.0,29.69333333333333,0.0,26.53,556.34486
64.321149,73.509253,235.85,0,3875.0155,0.14849091788106913,43,2.7,9,0,0,16.43,33.54,1021.9,9,22.68,0.0,29.02,0.0,27.11,1195.6875
52.995988,59.632145,418.3,0,7830.576,0.12676876691677802,37,0.9,3,0,0,18.72,31.0,1021.3,3,20.88,0.0,27.606666666666666,0.0,26.05,1923.5064
42.011231,46.279915,586.51,1,12375.361,0.10535259133389975,31,4.8,16,0,0,21.1,28.66,1021.3,16,21.96,0.0,26.24,0.0,24.99,2273.3067
32.118897,34.132394,724.46,1,16756.7598,0.09450519778587824,28,6.6,22,0,0,23.13,27.4,1020.5,22,26.64,0.0,25.566666666666666,0.0,24.8,2555.1069
24.974799,25.066714,827.7,1,20377.974000000002,0.08731571347012795,26,6.9,23,0,0,24.62,26.8,1019.4,23,25.92,0.0,25.113333333333333,0.0,24.25,2557.7281
23.325022,22.919356,885.55,1,23493.6415,0.08675920982381208,26,1.5,5,0,0,26.53,22.31,1019.5,5,21.24,0.0,21.186666666666667,0.0,20.48,2551.011
28.122587,29.159224,898.9,1,24486.035999999996,0.08322514065048771,25,4.5,15,0,0,27.24,22.03,1019.1,15,21.96,0.0,21.136666666666667,0.0,20.48,2291.1858
36.958746,40.174799,858.85,1,23876.030000000002,0.0731018441601595,22,23.4,78,0,0,27.8,23.57,1018.7,78,23.4,0.0,22.353333333333335,0.0,21.63,1922.0092
47.53469,53.07124,759.17,0,21036.6007,0.07312371202552684,22,30.0,100,0,0,27.71,22.38,1018.1,100,20.88,0.0,21.253333333333334,0.0,20.61,1205.6225
58.747106,66.739735,654.15,0,18047.998499999998,0.0731528895391368,22,0.0,0,0,0,27.59,21.49,1017.9,0,19.08,0.0,20.396666666666665,0.0,19.69,508.30167
70.063873,80.759423,506.41,0,13657.877700000001,0.07663601226176196,23,0.0,0,0,0,26.97,21.61,1018.0,0,18.36,0.0,20.210000000000004,0.0,19.51,35.650556
95.983711,115.35318,0.0,0,0.0,0.17832791356341135,51,6.9,23,0,0,12.84,21.32,1021.7,23,14.4,0.0,17.19333333333333,0.0,17.28,5.3657407
86.109672,101.72282,0.0,0,0.0,0.18910211514217679,54,7.5,25,0,0,12.41,14.98,1021.7,25,11.16,0.0,14.530000000000001,0.0,15.88,121.5975
75.407634,87.644129,57.85,0,795.4375,0.20216103171836877,58,8.7,29,0,0,13.75,11.99,1022.1,29,9.36,0.0,11.716666666666667,0.0,12.26,561.84361
64.162097,73.549331,239.41,0,4218.4042,0.17883550572617535,52,6.9,23,0,0,17.62,7.1,1022.6,23,2.16,0.0,6.81,0.0,6.49,1260.2181
52.834528,59.698856,421.86,0,9120.613200000002,0.13569901957458358,40,0.6,2,0,0,21.62,3.4,1021.7,2,3.6,0.0,3.2733333333333334,0.0,3.32,1859.9357
41.837048,46.38244,590.07,1,14202.984900000001,0.11102886750555145,33,0.0,0,0,0,24.07,6.38,1021.6,0,14.76,0.0,6.263333333333333,0.0,6.38,2259.7003
31.917421,34.287051,735.14,1,19135.6942,0.09024667424293069,27,0.0,0,0,0,26.03,8.44,1021.1,0,22.68,0.0,8.176666666666668,0.0,7.93,2469.4202
24.735829,25.288708,843.72,1,23160.114,0.08316699933466401,25,0.0,0,0,0,27.45,13.04,1020.4,0,25.2,0.0,12.443333333333333,0.0,12.32,2510.7372
23.076102,23.16622,903.35,1,25808.7095,0.07622961686331699,23,0.0,0,0,0,28.57,11.9,1020.5,0,21.6,0.0,11.773333333333333,0.0,11.53,2399.9681
27.908887,29.353068,914.03,1,26973.0253,0.06938478821119409,21,0.0,0,0,0,29.51,9.83,1020.2,0,20.16,0.0,9.666666666666666,0.0,9.39,2154.3533
36.781743,40.309153,873.09,1,26341.125300000003,0.06593696426216537,20,0.0,0,0,0,30.17,7.07,1020.1,0,27.36,0.0,6.993333333333333,0.0,6.92,1736.0057
47.378035,53.163747,784.09,0,23883.381400000002,0.06587398307038636,20,0.0,0,0,0,30.46,3.32,1019.4,0,24.84,0.0,3.09,0.0,2.9,1065.6464
58.597808,66.802286,658.6,0,20074.128,0.06586964397457432,20,0.0,0,0,0,30.48,5.9,1019.3,0,25.56,0.0,5.803333333333335,0.0,5.4,466.05391
69.913206,80.798392,500.18,0,14855.346,0.07264322271751693,22,0.0,0,0,0,29.7,10.83,1019.6,0,26.28,0.0,10.616666666666665,0.0,10.7,81.069167
95.109918,114.35375,0.0,0,0.0,0.09239930187194142,27,100.0,117,0,100,19.06,24.48,1022.2,17,23.76,0.0,18.83666666666667,0.0,18.23,5.0130435
85.950009,101.72944,0.0,0,0.0,0.09943425338590778,29,100.0,122,0,100,18.5,20.47,1022.1,22,24.48,0.0,17.873333333333335,0.0,18.73,161.31064
75.249201,87.664311,37.38,0,712.089,0.12320328542094457,36,78.0,92,0,78,19.05,24.64,1021.7,14,24.12,0.0,19.013333333333332,0.0,17.28,436.6561
64.008306,73.591141,232.29,0,5338.0242,0.11819133488670516,35,22.0,32,0,22,22.98,24.48,1021.7,10,25.92,0.0,20.303333333333335,0.0,18.43,744.5926
52.678547,59.767,417.41,0,11274.244100000002,0.07995735607675906,24,21.0,30,0,21,27.01,28.02,1020.9,9,30.24,0.0,24.863333333333333,0.0,23.69,1248.6502
41.668663,46.485842,544.68,1,15534.273599999999,0.06629760997116055,20,100.0,128,0,100,28.52,33.01,1021.3,28,41.4,0.0,29.94666666666667,0.0,29.14,1445.6464
31.722031,34.441377,614.99,1,18394.3509,0.05279482610704151,16,100.0,135,0,100,29.91,35.76,1020.2,35,43.92,0.0,32.60333333333333,0.0,31.37,1625.2283
24.502682,25.507808,704.88,1,21738.4992,0.042764564623836314,13,100.0,200,0,100,30.84,35.15,1019.7,100,36.0,0.0,32.086666666666666,0.0,30.85,1495.2006
22.831981,23.407965,871.31,1,27420.125699999997,0.036110563981353816,11,28.0,42,0,28,31.47,27.0,1021.3,14,42.84,0.0,25.30666666666667,0.0,24.7,1802.4222
27.698883,29.542384,902.46,1,28824.5724,0.03277721328132682,10,11.7,41,0,2,31.94,28.08,1020.1,39,27.36,0.0,26.293333333333333,0.0,25.54,1904.6986
36.607443,40.439821,863.3,1,27530.637,0.03606084447941254,11,37.0,62,0,37,31.89,29.3,1020.1,25,43.2,0.0,27.143333333333334,0.0,26.43,1357.6467
47.223388,53.252999,711.11,0,22762.6311,0.02949272512780181,9,58.0,74,0,58,32.01,25.54,1019.3,16,37.08,0.0,23.310000000000002,0.0,22.26,820.52917
58.450137,66.861825,658.6,0,20844.69,0.029527559055118113,9,66.0,112,0,66,31.65,28.12,1018.7,46,38.88,0.0,25.713333333333335,0.0,24.8,327.36361
69.764029,80.834511,493.06,0,15028.4688,0.039521786384744594,12,94.0,192,0,94,30.48,28.08,1019.4,98,38.52,0.0,25.560000000000002,0.0,24.48,91.668978
77.745292,90.949316,325.74,0,9221.6994,0.06302660386120879,19,30.0,126,0,26,28.31,27.0,1019.6,100,24.12,0.0,22.923333333333336,0.0,21.6,0.003846154
95.256111,114.80964,0.0,0,0.0,0.12125411397886715,35,100.0,200,0,100,15.5,16.22,1018.8,100,28.44,0.0,11.943333333333333,0.0,11.46,27.778667
85.794994,101.73772,0.0,0,0.0,0.11783461565120955,34,100.0,200,0,100,15.39,14.62,1018.5,100,19.08,0.0,7.23,0.0,4.55,235.90556
75.095935,87.686365,60.52,0,899.9324,0.14582320672175544,42,49.0,49,0,49,14.87,12.1,1019.1,0,16.56,0.0,8.446666666666667,0.0,7.34,664.31
63.859801,73.634625,237.63,0,4203.6747000000005,0.13753266400770184,40,81.0,81,0,81,17.69,9.26,1019.0,0,19.8,0.0,8.74,0.0,8.56,1255.5621
52.52806,59.836482,411.18,0,8190.705600000001,0.11942539325075921,35,98.0,102,0,98,19.92,12.77,1018.5,4,25.92,0.0,12.04,0.0,11.62,1613.4406
41.506085,46.589979,582.95,1,13174.670000000002,0.08453085376162299,25,4.8,16,0,0,22.6,15.99,1018.3,16,30.6,0.0,15.416666666666666,0.0,14.88,2293.4428
31.532731,34.595168,728.02,1,16431.4114,0.0777762748545922,23,4.5,15,0,0,22.57,20.38,1017.7,15,39.6,0.0,19.706666666666667,0.0,18.97,2520.9164
24.27535,25.723764,831.26,1,19027.541400000002,0.087825969463586,26,0.0,0,0,0,22.89,23.28,1017.1,0,40.32,0.0,22.16,0.0,21.31,2580.5132
22.592624,23.644377,910.47,1,21523.5108,0.08423464402439436,25,3.9,13,0,0,23.64,25.49,1017.2,13,42.12,0.0,24.2,0.0,23.33,1932.2233
27.492548,29.727015,897.12,1,21378.369599999998,0.08418075291265406,25,30.0,100,0,0,23.83,27.5,1016.4,100,39.6,0.0,26.24,0.0,25.36,1442.9844
36.435838,40.566703,800.11,1,18490.5421,0.09788699115641666,29,100.0,200,0,100,23.11,30.31,1016.4,100,36.72,0.0,28.47,0.0,27.44,773.83598
47.070764,53.338937,590.96,0,12741.0976,0.11876081571714568,35,100.0,200,0,100,21.56,30.93,1015.8,100,36.0,0.0,28.58666666666667,0.0,27.3,1452.4154
58.304127,66.918325,417.41,0,8406.637400000001,0.1295645947696819,38,100.0,200,0,100,20.14,31.57,1016.3,100,36.72,0.0,28.953333333333333,0.0,27.76,521.22583
69.616394,80.86778,420.97,0,8011.059100000001,0.1369019097816415,40,0.0,0,0,0,19.03,32.62,1017.0,0,34.56,0.0,29.97666666666667,0.0,28.51,107.45476
76.863914,90.026925,328.41,0,5609.2428,0.14815835716500708,43,0.0,0,0,0,17.08,33.66,1016.9,0,33.12,0.0,30.073333333333334,0.0,28.28,0.00462963
95.573834,115.50979,0.0,0,0.0,0.32736796158882586,90,17.4,58,0,0,1.77,32.33,1025.4,58,36.0,0.0,23.616666666666664,0.0,20.16,1.2684524
85.64453,101.74757,0.0,0,0.0,0.3100605530021157,85,13.2,44,0,0,0.99,32.53,1026.4,44,35.64,0.0,23.80333333333333,0.0,20.52,85.160466
74.947842,87.710256,65.86,0,166.6258,0.2575449796865932,71,12.3,41,0,0,2.53,28.48,1026.4,41,41.04,0.0,23.893333333333334,0.0,21.96,573.69139
63.716593,73.679729,249.2,0,1118.908,0.22331076213802048,62,12.9,43,0,0,4.49,30.38,1026.5,43,41.76,0.0,27.576666666666668,0.0,26.37,1359.0201
52.383087,59.907233,430.76,0,2899.0148,0.20723167071602117,58,15.0,50,0,0,6.73,33.56,1026.1,50,38.16,0.0,30.840000000000003,0.0,29.48,2017.5687
41.349369,46.694773,597.19,1,5428.4571000000005,0.1842403628117914,52,11.4,38,0,0,9.09,34.45,1025.3,38,40.32,0.0,32.080000000000005,0.0,30.72,2481.4439
31.349667,34.748385,736.92,1,8305.088399999999,0.16876450319949374,48,6.3,21,0,0,11.27,33.47,1023.9,21,37.08,0.0,31.349999999999998,0.0,30.15,2752.6902
24.054154,25.936729,839.27,1,10969.2589,0.153727901614143,44,3.6,12,0,0,13.07,30.65,1023.5,12,34.92,0.0,29.026666666666667,0.0,28.04,2820.1681
22.35841,23.875769,914.03,1,13993.7993,0.14560077653747489,42,0.0,0,0,0,15.31,29.37,1023.2,0,32.4,0.0,27.89,0.0,26.98,2715.1876
27.290093,29.907092,925.6,1,15096.536,0.13818835072203414,40,0.0,0,0,0,16.31,29.5,1023.1,0,32.76,0.0,28.05333333333333,0.0,27.1,2450.7759
36.267024,40.689813,886.44,1,15042.8868,0.13787398317937405,40,0.0,0,0,0,16.97,27.44,1023.2,0,29.88,0.0,26.26,0.0,25.5,2009.0583
46.920217,53.421557,799.22,0,13778.5528,0.13774579014428873,40,0.0,0,0,0,17.24,26.42,1022.7,0,30.96,0.0,25.13,0.0,24.14,1386.0344
58.159823,66.971789,672.84,0,11646.8604,0.14115540866212217,41,0.0,0,0,0,17.31,26.11,1022.7,0,30.6,0.0,24.596666666666664,0.0,23.49,546.20371
69.470347,80.898215,512.64,0,8745.6384,0.14472278694738294,42,0.0,0,0,0,17.06,27.69,1023.1,0,30.6,0.0,25.679999999999996,0.0,24.72,16.161681
95.56,115.72744,0.0,0,0.0,0.3346306332521006,92,0.0,0,0,0,1.78,21.37,1030.6,0,32.76,0.0,14.270000000000001,0.0,11.97,0.52844828
85.49866,101.75897,0.0,0,0.0,0.3387237762237762,93,0.0,0,0,0,1.41,20.77,1030.7,0,34.2,0.0,14.13,0.0,12.25,90.211685
74.804956,87.73594,60.52,0,239.6592,0.31395474721229844,87,0.0,0,0,0,3.96,16.9,1030.8,0,28.08,0.0,12.373333333333333,0.0,9.72,568.82833
63.578694,73.726377,241.19,0,1550.8517,0.2611059446312326,73,0.0,0,0,0,6.43,17.07,1030.3,0,29.88,0.0,15.61,0.0,14.58,1346.0059
52.243626,59.97914,428.98,0,3959.4854000000005,0.20893831007861746,59,0.0,0,0,0,9.23,22.54,1028.9,0,32.04,0.0,20.673333333333332,0.0,19.19,1995.2047
41.198494,46.80006,602.53,1,7067.6769,0.17551249648975006,50,0.0,0,0,0,11.73,27.38,1028.5,0,33.12,0.0,25.310000000000002,0.0,23.87,2439.0145
31.172795,34.900782,747.6,1,10361.736,0.1533047629002474,44,0.0,0,0,0,13.86,28.19,1027.5,0,36.36,0.0,26.163333333333338,0.0,24.68,2703.1475
23.838996,26.146356,855.29,1,13428.052999999998,0.13848018002423404,40,0.0,0,0,0,15.7,31.26,1026.6,0,37.08,0.0,29.42,0.0,28.5,2758.105
22.12919,24.101788,922.93,1,16160.5043,0.12729649762609235,37,0.0,0,0,0,17.51,31.45,1027.4,0,35.28,0.0,29.36,0.0,27.97,2656.4206
27.091425,30.082388,933.61,1,17682.5734,0.11982608100243076,35,0.0,0,0,0,18.94,31.76,1026.4,0,32.4,0.0,29.426666666666666,0.0,27.76,2411.9836
36.100972,40.809036,893.56,1,17799.7152,0.11601323915788037,34,0.0,0,0,0,19.92,29.41,1026.2,0,30.6,0.0,27.47666666666667,0.0,25.86,1966.9786
46.77176,53.500802,804.56,0,16364.750399999999,0.11925448907969609,35,0.0,0,0,0,20.34,29.91,1025.5,0,28.8,0.0,27.98,0.0,27.16,1355.9244
58.017267,67.022197,679.07,0,13710.423300000002,0.11931547010295221,35,0.0,0,0,0,20.19,30.25,1025.3,0,27.72,0.0,28.060000000000002,0.0,27.22,533.66225
69.325952,80.925827,517.98,0,10110.9696,0.12983906789216526,38,0.0,0,0,0,19.52,30.03,1025.9,0,27.36,0.0,27.266666666666666,0.0,25.49,16.030659
95.382748,115.70198,0.0,0,0.0,0.3398561871713233,95,100.0,118,100,0,6.38,6.85,1028.4,18,11.52,0.0,6.0566666666666675,0.0,5.69,1.1951149
85.357484,101.77193,0.0,0,0.0,0.3403797921891795,95,100.0,113,100,0,5.95,5.77,1028.3,13,9.36,0.0,5.273333333333333,0.0,4.9,95.905438
74.667298,87.763365,48.06,0,303.2586,0.329206326486796,92,100.0,100,100,0,6.31,3.6,1027.8,0,8.28,0.0,3.606666666666667,0.0,3.67,585.48661
63.446108,73.774488,217.16,0,1795.9132,0.28782602515812666,81,89.0,89,89,0,8.27,3.6,1027.3,0,11.16,0.0,3.623333333333333,0.0,3.6,1319.4406
52.109667,60.052088,426.31,0,4898.3019,0.2353850477796515,67,4.0,4,4,0,11.49,6.13,1025.9,0,10.08,0.0,6.05,0.0,5.86,1943.9706
41.053439,46.905678,599.86,1,8769.9532,0.19459985405010946,56,0.0,0,0,0,14.62,10.25,1025.0,0,11.88,0.0,10.366666666666667,0.0,10.37,2400.2092
31.00208,35.052128,743.15,1,12336.29,0.17601380500431407,51,0.3,1,0,0,16.6,13.44,1024.1,1,12.96,0.0,13.326666666666666,0.0,13.1,2645.6467
23.629814,26.352356,841.05,1,15458.498999999998,0.16121839947861286,47,0.0,0,0,0,18.38,15.62,1022.9,0,14.04,0.0,15.19,0.0,14.81,2687.9616
21.90489,24.322193,916.7,1,20194.901,0.12195948234975272,36,0.0,0,0,0,22.03,14.81,1021.1,0,11.52,0.0,14.65,0.0,14.33,2604.9215
26.896509,30.25275,929.16,1,21342.8052,0.11144130757800891,33,0.0,0,0,0,22.97,15.63,1020.4,0,12.24,0.0,15.466666666666669,0.0,15.14,2360.6028
35.937684,40.924282,890.0,1,20897.2,0.10787850183730574,32,0.0,0,0,0,23.48,15.08,1020.0,0,11.52,0.0,14.950000000000001,0.0,14.58,1919.8441
46.625422,53.57663,802.78,0,19025.886,0.10442984672393466,31,0.0,0,0,0,23.7,14.39,1018.6,0,10.8,0.0,14.263333333333334,0.0,13.89,1305.4942
57.876508,67.069541,676.4,0,15976.568,0.10445799777605554,31,0.0,0,0,0,23.62,14.98,1018.8,0,10.08,0.0,14.680000000000001,0.0,14.48,502.9525
69.183279,80.950636,516.2,0,11919.058,0.11139616527140159,33,0.0,0,0,0,23.09,15.63,1018.7,0,10.8,0.0,14.979999999999999,0.0,14.62,32.16275
77.147982,91.009398,336.42,0,7384.419,0.12538122670281263,37,0.0,0,0,0,21.95,16.36,1017.8,0,11.52,0.0,15.366666666666665,0.0,15.12,0.003205128
95.29951,115.80698,0.0,0,0.0,0.2654209576388152,75,0.0,0,0,0,9.42,35.5,1017.7,0,23.76,0.0,25.03333333333333,0.0,21.6,0.81440678
85.221009,101.78642,0.0,0,0.0,0.2914830086733968,82,0.0,0,0,0,8.17,36.38,1017.5,0,25.56,0.0,25.09,0.0,20.88,83.561389
74.534868,87.792478,70.31,0,839.5014,0.23150584026097024,66,8.4,28,0,0,11.94,30.26,1016.9,28,22.68,0.0,22.69,0.0,19.45,547.81463
63.318831,73.823988,250.09,0,4161.497600000001,0.17944028434383522,52,6.6,22,0,0,16.64,22.68,1016.0,22,11.52,0.0,20.16333333333333,0.0,19.09,1254.81
51.981205,60.125978,428.98,0,8313.6324,0.14699347075513625,43,9.0,30,0,0,19.38,16.56,1014.9,30,14.4,0.0,15.846666666666666,0.0,15.86,1737.1549
40.914213,47.011506,592.74,1,13040.28,0.12535998644756904,37,4.8,16,0,0,22.0,7.21,1014.5,16,8.64,0.0,7.326666666666667,0.0,7.2,2259.8092
30.837578,35.202306,726.24,1,17444.2848,0.10431739408419424,31,1.2,4,0,0,24.02,2.31,1013.3,4,6.84,0.0,2.0833333333333335,0.0,1.53,2370.7738
23.426758,26.554699,825.92,1,20623.2224,0.09392191064001074,28,0.6,2,0,0,24.97,7.99,1012.5,2,9.36,0.0,7.973333333333334,0.0,7.49,2650.4372
21.685687,24.537048,881.99,1,22437.8256,0.08707592350715028,26,4.8,16,0,0,25.44,17.15,1012.7,16,18.72,0.0,16.613333333333333,0.0,16.09,2469.0558
26.705447,30.418182,894.45,1,23049.9765,0.08697979392479595,26,1.5,5,0,0,25.77,14.98,1011.6,5,17.64,0.0,14.5,0.0,13.9,1565.441
35.777216,41.035531,833.04,1,21509.0928,0.08696524734923237,26,10.0,21,10,10,25.82,12.72,1010.8,1,17.28,0.0,12.61,0.0,12.07,1434.9833
46.481249,53.649031,736.92,0,18983.0592,0.08698270382389349,26,10.0,20,10,10,25.76,11.38,1009.8,0,15.84,0.1,11.313333333333333,0.1,10.59,955.55222
57.7376,67.11383,538.45,0,13165.1025,0.09072580645161292,27,10.0,20,10,10,24.45,12.4,1009.5,0,18.36,0.3,12.183333333333332,0.3,11.59,507.94874
69.042389,80.972669,323.07,0,8028.2895,0.087248322147651,26,10.0,20,10,10,24.85,15.0,1009.1,0,20.52,0.2,14.526666666666666,0.2,13.89,77.442222
77.093015,91.133841,316.84,0,7572.475999999999,0.09089378892442351,27,10.0,24,10,10,23.9,16.99,1008.7,4,21.6,0.0,15.79,0.0,14.9,0.050617284
93.866278,113.97696,0.0,0,0.0,0.284941388638413,79,15.0,15,0,15,4.1,21.65,1014.4,0,20.88,0.0,16.313333333333333,0.0,14.51,5.555303
85.089249,101.80242,0.0,0,0.0,0.2858590244608482,79,0.0,0,0,0,3.21,21.79,1015.0,0,16.92,0.0,16.043333333333333,0.0,14.37,170.79606
74.407666,87.823224,63.19,0,342.4898,0.283591197903579,79,100.0,100,100,0,5.42,18.94,1014.6,0,21.24,0.0,16.736666666666668,0.0,15.73,391.11306
63.196856,73.874797,170.88,0,1100.4672,0.2968632640652384,83,100.0,100,100,0,6.44,20.21,1014.5,0,20.52,0.0,18.886666666666667,0.0,18.06,714.60694
51.858232,60.20071,285.69,0,2582.6375999999996,0.24451610616960204,69,100.0,100,100,0,9.04,25.07,1013.5,0,24.84,0.0,23.3,0.0,22.45,925.16472
40.780817,47.117423,360.45,1,3507.1785,0.24745475113122173,70,100.0,100,100,0,9.73,26.46,1014.0,0,24.84,0.0,24.683333333333334,0.0,23.75,571.08265
30.679332,35.351188,358.67,1,3805.4887,0.23611502678319707,67,100.0,100,100,0,10.61,27.9,1013.5,0,24.12,0.0,25.92,0.0,24.7,625.90398
23.229957,26.753332,555.36,1,6464.3904,0.21770427332420383,62,100.0,100,100,0,11.64,30.3,1013.3,0,25.2,0.0,28.353333333333335,0.0,27.44,500.10215
21.471742,24.74639,893.56,1,14011.020799999998,0.16964996710867986,49,7.0,7,7,0,15.68,29.95,1013.4,0,23.4,0.0,28.55666666666667,0.0,27.53,1011.8619
26.51833,30.578683,920.26,1,15083.0614,0.155418940388202,45,0.0,0,0,0,16.39,31.56,1013.3,0,24.84,0.0,29.736666666666665,0.0,28.66,1895.3119
35.619621,41.142762,894.45,1,14955.204,0.14144271570014144,41,0.0,0,0,0,16.72,32.57,1013.6,0,26.64,0.0,30.69666666666667,0.0,29.83,1255.0305
46.339292,53.717994,813.46,0,13340.743999999999,0.1312381281298567,38,0.0,0,0,0,16.4,33.85,1013.2,0,28.8,0.0,31.813333333333333,0.0,30.63,1204.198
57.600596,67.155072,690.64,0,10829.2352,0.12810303638818682,37,0.0,0,0,0,15.68,33.65,1013.4,0,30.96,0.0,31.396666666666665,0.0,30.11,590.33556
68.903345,80.991957,532.22,0,7685.2568,0.13908689453736223,40,0.0,0,0,0,14.44,34.16,1014.1,0,31.68,0.0,31.573333333333334,0.0,30.28,27.397222
77.040056,91.255751,351.55,0,4415.468000000001,0.16100241503622556,46,0.0,0,0,0,12.56,35.19,1015.1,0,31.68,0.0,31.513333333333332,0.0,29.83,0.006577885
94.981686,115.77848,0.0,0,0.0,0.3436174879368329,94,100.0,100,100,0,0.41,10.81,1024.0,0,26.28,0.0,8.1,0.0,6.57,7.1770372
84.962307,101.81993,0.0,0,0.0,0.3437934313510351,94,100.0,100,100,0,0.27,9.66,1024.2,0,27.36,0.0,7.6066666666666665,0.0,6.52,122.06195
74.285704,87.855544,58.74,0,78.1242,0.3278927426406296,90,100.0,100,100,0,1.33,9.36,1024.1,0,26.64,0.0,7.933333333333333,0.0,7.24,618.955
63.080177,73.92683,245.64,0,876.9347999999999,0.27103209019947966,75,4.0,6,4,0,3.57,11.92,1023.6,2,25.2,0.0,11.026666666666666,0.0,10.79,1155.0569
51.740729,60.276166,445.0,0,2794.6,0.21472282861539566,60,33.0,75,0,33,6.28,15.32,1022.7,42,22.32,0.0,14.716666666666667,0.0,14.17,1894.0586
40.653221,47.223269,601.64,1,5204.186,0.1809794180269695,51,61.0,133,0,61,8.65,20.5,1022.3,72,21.6,0.0,19.62,0.0,19.02,2427.1861
30.527305,35.498563,747.6,1,8126.411999999999,0.1549186676994578,44,1.5,5,0,0,10.87,20.93,1021.0,5,21.96,0.0,20.12333333333333,0.0,19.32,2691.2331
23.039359,26.948003,853.51,1,10643.2697,0.136545059869757,39,2.1,7,0,0,12.47,20.66,1020.0,7,21.96,0.0,19.81,0.0,19.05,2652.6202
21.262983,24.949988,922.93,1,12791.809799999999,0.12891536880248075,37,0.0,0,0,0,13.86,20.72,1020.2,0,23.04,0.0,20.08,0.0,19.24,2640.1774
26.335122,30.734095,933.61,1,13770.7475,0.12156998957971518,35,3.0,10,0,0,14.75,21.22,1020.0,10,23.4,0.0,20.459999999999997,0.0,19.73,2247.3027
35.464903,41.24589,869.53,1,13208.160699999999,0.1179163487549421,34,25.5,105,0,20,15.19,22.01,1019.8,85,24.84,0.0,21.22,0.0,20.52,1673.1908
46.199582,53.783485,792.99,0,12116.8872,0.11787955483132824,34,3.3,11,0,0,15.28,21.86,1019.2,11,23.4,0.0,21.069999999999997,0.0,20.38,1244.1789
57.465552,67.193268,676.4,0,10281.279999999999,0.1213802670365875,35,3.9,13,0,0,15.2,20.83,1019.0,13,22.68,0.0,20.036666666666665,0.0,19.35,534.79745
68.76622,81.008527,524.21,0,7758.308000000001,0.12502170515714534,36,3.3,11,0,0,14.8,22.33,1019.5,11,21.96,0.0,21.30666666666667,0.0,20.52,53.018889
76.808236,91.141807,305.27,0,4136.4085,0.13951866062085805,40,10.0,17,10,0,13.55,24.16,1019.8,7,23.4,0.0,22.28333333333333,0.0,21.42,0.02654321
94.829659,115.76459,0.0,0,0.0,0.34186790805935413,94,100.0,100,100,0,1.81,14.26,1027.9,0,25.92,0.0,10.52,0.0,8.59,1.4327684
84.840203,101.83894,0.0,0,0.0,0.3424408014571949,94,100.0,100,100,0,1.35,13.25,1028.5,0,29.88,0.0,9.889999999999999,0.0,8.05,101.6059
74.168978,87.889378,56.07,0,124.47540000000001,0.3304644659912118,91,100.0,100,100,0,2.22,14.26,1028.8,0,29.52,0.0,11.453333333333333,0.0,10.01,587.07534
62.968783,73.980006,228.73,0,924.0692,0.28500306648869006,79,100.0,100,100,0,4.04,16.6,1028.8,0,28.8,0.0,15.466666666666667,0.0,14.9,1235.7122
51.628681,60.352241,435.21,0,2937.6675,0.2215076813147553,62,0.0,0,0,0,6.75,23.95,1027.7,0,27.72,0.0,21.95,0.0,21.2,2011.4569
40.531418,47.328918,609.65,1,5462.464,0.17014639679557622,48,0.0,0,0,0,8.96,26.47,1027.1,0,28.08,0.0,24.86,0.0,24.18,2465.7414
30.38152,35.644297,754.72,1,8037.768000000001,0.14799154334038056,42,0.0,0,0,0,10.65,26.32,1026.3,0,27.36,0.0,24.96666666666667,0.0,24.29,2736.1097
22.855064,27.138636,865.08,1,10579.9284,0.13315579227696406,38,0.0,0,0,0,12.23,26.5,1025.1,0,28.44,0.0,25.323333333333334,0.0,24.48,2810.1854
21.059551,25.147858,923.82,1,12739.4778,0.12894681815013592,37,0.0,0,0,0,13.79,26.37,1025.7,0,27.0,0.0,25.26666666666667,0.0,24.57,2722.5252
26.155911,30.884412,938.06,1,13714.437199999998,0.12509990617507039,36,0.0,0,0,0,14.62,26.66,1025.3,0,26.64,0.0,25.493333333333336,0.0,24.66,2466.7831
35.313116,41.344893,901.57,1,13640.754100000002,0.12487859025946997,36,0.0,0,0,0,15.13,26.76,1024.8,0,25.56,0.0,25.459999999999997,0.0,24.66,2032.6315
46.062169,53.845495,816.13,0,12486.789,0.12133818686080777,35,0.0,0,0,0,15.3,27.97,1024.6,0,24.84,0.0,26.506666666666664,0.0,25.87,1406.9231
57.332522,67.228427,692.42,0,10413.996799999999,0.12144765606023804,35,0.0,0,0,0,15.04,28.77,1024.4,0,25.56,0.0,27.146666666666665,0.0,26.18,561.01872
68.631078,81.022408,533.11,0,7612.8108,0.12872699439863622,37,0.0,0,0,0,14.28,29.96,1024.5,0,25.92,0.0,27.833333333333332,0.0,26.87,34.019167
77.030311,91.608365,353.33,0,4593.29,0.14328149571902848,41,0.0,0,0,0,13.0,30.97,1024.7,0,25.56,0.0,27.929999999999996,0.0,26.66,0.021505376
94.603362,115.63734,0.0,0,0.0,0.3427904602144264,94,100.0,100,100,0,1.07,9.72,1030.2,0,15.84,0.0,8.729999999999999,0.0,8.35,35.513506
84.722914,101.8594,0.0,0,0.0,0.3432786765511449,94,100.0,100,100,0,0.68,8.05,1029.7,0,16.92,0.0,7.663333333333334,0.0,7.52,262.18644
74.057472,87.924674,50.73,0,55.295700000000004,0.331826137689615,91,100.0,100,100,0,1.09,6.85,1029.3,0,18.72,0.0,6.6000000000000005,0.0,6.57,688.22314
62.86266,74.034255,232.29,0,699.1928999999999,0.26796060254924686,74,25.0,25,25,0,3.01,9.18,1028.9,0,15.12,0.0,8.626666666666667,0.0,8.35,1372.0431
51.52208,60.428856,448.56,0,2489.508,0.20810907786149982,58,2.0,2,2,0,5.55,13.05,1027.9,0,18.36,0.0,12.706666666666669,0.0,12.43,1998.4081
40.415426,47.434291,621.22,1,4833.091600000001,0.18509949097639986,52,0.0,0,0,0,7.78,15.78,1026.8,0,20.52,0.0,15.353333333333333,0.0,14.66,2453.3364
30.24208,35.788361,765.4,1,8059.661999999999,0.1480541455160745,42,0.0,0,0,0,10.53,18.39,1024.9,0,21.6,0.0,17.69333333333333,0.0,17.11,2719.9631
22.677359,27.325376,874.87,1,11207.084700000001,0.1223947405231501,35,0.0,0,0,0,12.81,20.63,1023.2,0,22.68,0.0,20.026666666666667,0.0,19.65,2807.2306
20.861797,25.340245,936.28,1,13416.892399999999,0.1147905941282872,33,0.0,0,0,0,14.33,24.57,1022.5,0,25.2,0.0,23.666666666666668,0.0,23.07,2720.9167
25.98088,31.029741,946.96,1,14706.2888,0.10738534016904533,31,0.0,0,0,0,15.53,25.81,1022.3,0,25.56,0.0,24.55,0.0,23.78,2444.0622
35.164344,41.439799,907.8,1,14815.296,0.10018309323936851,29,0.0,0,0,0,16.32,25.74,1021.7,0,24.48,0.0,24.566666666666663,0.0,23.71,2021.5689
45.927109,53.904037,820.58,0,13514.9526,0.1001312064083972,29,0.0,0,0,0,16.47,25.98,1020.2,0,23.76,0.0,24.636666666666667,0.0,23.95,1393.0531
57.201559,67.260572,693.31,0,11384.1502,0.10705528887661014,31,0.0,0,0,0,16.42,27.8,1019.8,0,24.48,0.0,26.123333333333335,0.0,25.26,546.54464
68.497974,81.033637,533.11,0,8460.4557,0.11071898138537126,32,0.0,0,0,0,15.87,29.06,1020.1,0,25.2,0.0,27.126666666666665,0.0,26.28,27.0933
76.982816,91.72179,352.44,0,5131.5264,0.12860171700670817,37,0.0,0,0,0,14.56,30.93,1019.9,0,25.92,0.0,28.173333333333332,0.0,27.16,0.011458333
94.712343,115.98939,0.0,0,0.0,0.3416442538344116,94,100.0,100,100,0,1.99,6.83,1024.1,0,9.72,0.0,5.9433333333333325,0.0,5.01,4.4325137
84.610643,101.88138,0.0,0,0.0,0.34202961830950046,94,100.0,100,100,0,1.68,4.21,1024.2,0,11.52,0.0,4.260000000000001,0.0,3.88,108.45255
73.951219,87.961367,62.3,0,140.79799999999997,0.3231545695508515,89,100.0,100,100,0,2.26,2.62,1024.7,0,10.44,0.0,3.0233333333333334,0.0,2.9,570.08388
62.761807,74.089478,239.41,0,1003.1279000000001,0.27763755678950025,77,56.0,56,56,0,4.19,2.55,1023.3,0,9.72,0.0,2.6599999999999997,0.0,2.55,1322.5331
51.420892,60.505862,436.99,0,3500.2898999999998,0.21695831554986486,61,0.0,0,0,0,8.01,6.49,1021.5,0,11.52,0.0,6.223333333333334,0.0,6.15,1956.0018
40.305159,47.539162,607.87,1,6929.718,0.1686874011597259,48,0.0,0,0,0,11.4,12.39,1020.8,0,14.4,0.0,11.790000000000001,0.0,11.68,2409.6681
30.108798,35.930384,752.05,1,10130.1135,0.1465354825204103,42,0.0,0,0,0,13.47,15.58,1019.4,0,18.0,0.0,15.153333333333334,0.0,14.88,2647.8592
22.505848,27.507605,859.74,1,13274.3856,0.13167469420284833,38,0.0,0,0,0,15.44,17.78,1018.6,0,20.16,0.0,17.183333333333334,0.0,16.79,2465.6388
20.669241,25.526481,914.92,1,15361.5068,0.1345105883975995,39,0.0,0,0,0,16.79,22.45,1018.1,0,26.28,0.0,21.50666666666667,0.0,20.93,2614.0369
25.809786,31.16969,923.82,1,16490.187,0.13058419243986255,38,0.0,0,0,0,17.85,21.53,1017.4,0,25.56,0.0,20.653333333333332,0.0,20.24,2267.0334
35.018517,41.530426,794.77,1,14059.481300000001,0.13065603080731675,38,10.0,10,10,0,17.69,20.77,1017.1,0,23.76,0.0,19.843333333333334,0.0,19.17,1847.7979
45.794411,53.959032,680.85,0,12650.193,0.12340177561443802,36,10.0,20,10,10,18.58,21.89,1016.2,0,23.76,0.0,20.903333333333332,0.0,20.3,1316.5153
57.072716,67.289679,638.13,0,11767.1172,0.12346102404060497,36,10.0,20,10,10,18.44,24.41,1015.9,0,24.48,0.1,23.189999999999998,0.1,22.61,605.47153
68.366992,81.042229,495.73,0,8952.8838,0.1201881803509495,35,0.0,0,0,0,18.06,25.64,1015.7,0,23.76,0.0,23.973333333333333,0.0,23.28,42.096502
76.938036,91.833411,347.1,0,5963.178,0.12744118761409431,37,0.0,0,0,0,17.18,26.09,1015.6,0,23.04,0.0,23.846666666666664,0.0,23.0,0.071212121
94.580829,115.9867,0.0,0,0.0,0.36221385105766446,100,30.0,30,30,0,2.93,6.16,1020.3,0,5.4,0.0,6.07,0.0,6.19,5.2385246
84.5033,101.9048,0.0,0,0.0,0.35473829001665097,98,100.0,100,100,0,3.11,6.49,1020.1,0,5.04,0.0,5.6000000000000005,0.0,5.12,119.74806
73.85019,87.999408,71.2,0,340.336,0.3202245169647034,89,100.0,100,100,0,4.78,2.81,1019.9,0,8.64,0.0,2.28,0.0,1.48,590.97639
62.666201,74.145613,251.87,0,1808.4266,0.2746762743908965,77,2.0,2,2,0,7.18,2.28,1019.3,0,6.84,0.0,2.08,0.0,2.16,1315.9534
51.325107,60.583195,436.99,0,4815.6298,0.21114121828482954,60,0.0,0,0,0,11.02,9.2,1017.4,0,10.44,0.0,9.139999999999999,0.0,9.2,1936.1898
40.200648,47.643484,607.87,1,8133.3006000000005,0.18148186926325344,52,0.0,0,0,0,13.38,15.35,1017.0,0,15.48,0.0,14.979999999999999,0.0,14.9,2389.3406
29.981816,36.070403,748.49,1,11421.9574,0.16296244929094,47,0.0,0,0,0,15.26,16.58,1015.7,0,15.12,0.0,16.18,0.0,15.88,2136.7809
22.340926,27.685606,852.62,1,14912.323799999998,0.14450867052023122,42,2.0,2,2,0,17.49,16.83,1014.4,0,15.12,0.0,16.43,0.0,15.86,1560.8102
20.482393,25.706991,653.26,1,10929.0398,0.16213605629915828,47,100.0,100,100,0,16.73,16.85,1015.3,0,18.0,0.0,16.07,0.0,15.38,1011.6104
25.642905,31.30448,400.5,1,7196.985,0.14083539433910414,41,100.0,110,100,10,17.97,15.33,1014.6,0,15.84,0.0,14.663333333333334,0.0,14.33,591.67188
34.875752,41.616849,743.15,1,14335.3635,0.12310217480508823,36,100.0,100,100,0,19.29,14.97,1014.1,0,16.2,0.0,14.443333333333333,0.0,14.51,761.53835
45.664141,54.010516,546.46,0,10442.8506,0.12317799219872716,36,100.0,100,100,0,19.11,15.41,1014.1,0,16.92,0.0,14.68,0.0,14.34,1039.4032
56.946043,67.31578,321.29,0,5975.994000000001,0.1268209083119109,37,100.0,110,100,10,18.6,15.0,1013.6,0,14.4,0.0,14.286666666666667,0.0,14.08,257.48694
68.238179,81.048224,219.83,0,3943.7502000000004,0.130543818063142,38,100.0,110,100,10,17.94,16.38,1013.9,0,14.76,0.0,15.546666666666667,0.0,15.28,21.294167
76.71428,91.708517,106.8,0,1876.4759999999999,0.13414969730324713,39,100.0,110,100,10,17.57,16.98,1014.3,0,14.76,0.0,15.78,0.0,15.08,0.64739583
94.454995,115.98596,0.0,0,0.0,0.3401482330194422,95,100.0,100,100,0,6.14,1.08,1020.2,0,5.76,0.0,3.106666666666667,0.0,4.69,16.591257
84.401046,101.92971,0.0,0,0.0,0.3403554026941817,95,100.0,100,100,0,5.97,0.8,1020.5,0,10.44,0.0,2.39,0.0,3.56,121.79194
73.754409,88.038737,62.3,0,420.525,0.32868881743479816,92,100.0,100,100,0,6.75,0.72,1020.4,0,9.36,0.0,1.61,0.0,2.31,554.47679
62.575838,74.20257,248.31,0,2468.2014,0.26140096789007033,74,0.0,0,0,0,9.94,1.44,1019.5,0,7.2,0.0,1.51,0.0,1.61,1259.4146
51.234694,60.660724,431.65,0,6125.1134999999995,0.19837126748799333,57,0.0,0,0,0,14.19,3.88,1018.7,0,6.12,0.0,3.953333333333333,0.0,4.1,1676.5164
40.101825,47.747068,600.75,1,10050.5475,0.16213605629915828,47,0.0,0,0,0,16.73,9.83,1018.1,0,8.64,0.0,9.716666666666667,0.0,9.98,1524.7286
29.861,36.208127,743.15,1,13309.816499999999,0.15117157974300832,44,0.0,0,0,0,17.91,14.69,1017.7,0,11.16,0.0,14.353333333333333,0.0,14.2,1757.3037
22.182324,27.858925,849.06,1,16149.121199999998,0.13690659547523704,40,10.0,10,10,0,19.02,15.08,1017.3,0,11.52,0.0,14.950000000000001,0.0,14.58,2317.1161
20.300911,25.88128,901.57,1,17733.881900000004,0.12977255651936342,38,2.0,2,2,0,19.67,15.95,1017.7,0,15.12,0.0,15.57,0.0,15.14,1963.348
25.480056,31.433801,908.69,1,18482.7546,0.11925448907969609,35,2.1,9,2,0,20.34,16.75,1017.5,7,18.0,0.0,16.373333333333335,0.0,15.95,2507.71
34.736002,41.69892,873.98,1,18196.263600000002,0.11225635268904992,33,0.0,0,0,0,20.82,18.04,1017.1,0,18.36,0.0,17.45,0.0,16.92,1732.0467
45.536314,54.058425,798.33,0,16772.913300000004,0.11218384552624423,33,3.3,11,0,0,21.01,19.2,1016.4,11,18.36,0.0,18.44333333333333,0.0,17.91,912.83784
56.821591,67.338859,679.07,0,14185.7723,0.11563052645898518,34,1.2,4,0,0,20.89,19.67,1016.2,4,20.16,0.0,18.94,0.0,18.37,297.61583
68.11161,81.05164,528.66,0,10821.670199999999,0.11920168925822491,35,20.0,51,0,20,20.47,20.59,1016.3,31,20.16,0.0,19.419999999999998,0.0,18.79,70.5575
76.943571,92.163466,356.89,0,7027.1641,0.12976369348449668,38,48.0,148,0,48,19.69,20.88,1016.2,100,18.72,0.0,19.613333333333333,0.0,19.08,1.3004002
94.335063,115.98748,0.0,0,0.0,0.33694171625206115,94,100.0,100,100,0,5.83,13.71,1022.3,0,28.08,0.0,11.533333333333331,0.0,10.45,9.9612022
84.30374,101.95601,0.0,0,0.0,0.3384216589861751,94,100.0,100,100,0,4.61,12.73,1022.8,0,26.28,0.0,11.086666666666668,0.0,10.45,119.65333
73.663829,88.079306,76.54,0,380.4038,0.3092190421400834,86,86.0,86,86,0,4.97,11.21,1023.0,0,27.0,0.0,10.716666666666667,0.0,10.85,555.42501
62.490688,74.260295,259.88,0,2125.8184,0.2132726691074539,60,0.0,0,0,0,8.18,11.93,1022.0,0,26.28,0.0,11.450000000000001,0.0,11.21,1312.4512
51.149644,60.7384,444.11,0,4805.2702,0.15494594499418954,44,0.0,0,0,0,10.82,16.52,1020.9,0,23.76,0.0,15.896666666666668,0.0,15.63,1945.8775
40.008729,47.849898,614.99,1,8160.9173,0.14663780462258225,42,0.0,0,0,0,13.27,20.8,1020.9,0,26.28,0.0,19.746666666666666,0.0,19.05,2389.9901
29.746529,36.343665,759.17,1,11653.259499999998,0.14211438474870017,41,0.0,0,0,0,15.35,25.19,1019.6,0,29.16,0.0,23.98,0.0,23.22,2650.4673
22.030553,28.027984,867.75,1,14656.2975,0.1413598124396635,41,0.0,0,0,0,16.89,27.56,1018.7,0,30.6,0.0,26.13,0.0,25.26,2719.7942
20.125481,26.049949,938.95,1,17041.9425,0.11671815997253693,34,0.0,0,0,0,18.15,28.34,1019.6,0,31.68,0.0,26.833333333333332,0.0,26.08,2622.2036
25.321609,31.557986,952.3,1,18398.435999999998,0.10257462303826034,30,0.0,0,0,0,19.32,30.38,1019.5,0,32.4,0.0,28.63,0.0,27.6,2367.1156
34.599417,41.776767,913.14,1,18244.5372,0.09893221437587418,29,0.0,0,0,0,19.98,31.98,1018.8,0,32.04,0.0,30.02333333333333,0.0,28.89,1954.2814
45.411005,54.102816,824.14,0,16515.7656,0.10573348340666462,31,0.0,0,0,0,20.04,33.4,1018.3,0,32.04,0.0,31.14,0.0,30.01,1354.8449
56.699408,67.35896,697.76,0,13683.0736,0.11613608416450336,34,0.0,0,0,0,19.61,33.96,1018.3,0,33.12,0.0,31.406666666666666,0.0,30.38,532.98338
67.987322,81.052523,539.34,0,10101.8382,0.12676442373578184,37,0.0,0,0,0,18.73,33.66,1018.7,0,33.48,0.0,30.833333333333332,0.0,29.57,21.669718
94.221276,115.99157,0.0,0,0.0,0.3381416597719343,94,100.0,100,100,0,4.84,2.97,1023.0,0,5.4,0.0,2.7600000000000002,0.0,2.41,1.4472678
84.21163,101.98378,0.0,0,0.0,0.3386167146974064,94,100.0,100,100,0,4.45,1.44,1023.2,0,5.4,0.0,1.4666666666666668,0.0,1.48,93.939958
73.578499,88.121051,57.85,0,281.72950000000003,0.3309114452197684,92,100.0,100,100,0,4.87,2.55,1023.0,0,6.48,0.0,1.96,0.0,1.8,562.46111
62.410753,74.318683,231.4,0,1698.476,0.2816499696958894,79,0.0,0,0,0,7.34,2.55,1022.4,0,6.84,0.0,1.9899999999999995,0.0,1.94,1269.4503
51.069912,60.816064,442.33,0,5471.6221,0.19263098907256937,55,0.0,0,0,0,12.37,5.24,1020.4,0,9.36,0.0,5.126666666666667,0.0,4.9,1880.3645
39.921243,47.951718,613.21,1,9676.4538,0.14882497490741706,43,0.0,0,0,0,15.78,11.27,1020.1,0,11.88,0.0,10.949999999999998,0.0,10.79,2327.0617
29.638131,36.476563,755.61,1,13283.6238,0.13758470058129538,40,0.0,0,0,0,17.58,13.85,1019.1,0,16.2,0.0,13.576666666666668,0.0,13.2,2578.2922
21.885,28.191976,861.52,1,16722.1032,0.11963357943669674,35,0.0,0,0,0,19.41,14.88,1018.1,0,15.84,0.0,14.589999999999998,0.0,14.2,2637.8429
19.955327,26.212067,921.15,1,20735.0865,0.10485016573090714,31,0.0,0,0,0,22.51,17.07,1017.2,0,13.68,0.0,16.646666666666665,0.0,16.27,2564.0717
25.167166,31.676476,935.39,1,21832.0026,0.09106546595163413,27,0.0,0,0,0,23.34,17.1,1016.7,0,14.4,0.0,16.713333333333335,0.0,16.12,2330.2408
34.465871,41.850135,898.9,1,21519.666,0.08414958430105356,25,0.0,0,0,0,23.94,15.88,1016.0,0,13.68,0.0,15.486666666666666,0.0,15.08,1911.9451
45.288205,54.143583,813.46,1,19677.597400000002,0.08407883231317684,25,0.0,0,0,0,24.19,15.5,1015.4,0,12.96,0.0,15.11,0.0,14.69,1323.5814
56.579546,67.376047,690.64,0,16568.453599999997,0.0875008413542438,26,0.0,0,0,0,23.99,15.81,1014.9,0,11.52,0.0,15.26,0.0,15.0,514.33164
67.865409,81.050882,534.0,0,12516.960000000001,0.08766310394821135,26,0.0,0,0,0,23.44,15.08,1014.8,0,10.8,0.0,14.723333333333334,0.0,14.58,20.466111
76.689561,92.136356,357.78,0,8010.6942,0.09812546525005077,29,0.0,0,0,0,22.39,15.19,1014.8,0,10.8,0.0,14.453333333333333,0.0,14.19,0.006018519
94.113496,115.99798,0.0,0,0.0,0.2895480225988701,82,0.0,0,0,0,10.05,37.24,1018.0,0,25.92,0.0,25.689999999999998,0.0,20.99,1.5972678
84.124561,102.01293,0.0,0,0.0,0.30409108588805206,86,0.0,0,0,0,9.66,38.49,1017.7,0,33.12,0.0,27.113333333333333,0.0,22.33,85.312222
73.498364,88.163926,79.21,0,978.2434999999999,0.266199649737303,76,0.0,0,0,0,12.35,34.27,1017.2,0,18.36,0.0,27.74666666666667,0.0,25.2,526.2499
62.335997,74.377688,254.54,0,3828.2816,0.22901557999930602,66,0.0,0,0,0,15.04,28.1,1017.6,0,18.0,0.0,25.333333333333332,0.0,24.49,1229.1708
50.995486,60.893678,435.21,0,7994.8077,0.18180570801317236,53,0.0,0,0,0,18.37,21.75,1016.5,0,14.76,0.0,20.040000000000003,0.0,19.56,1817.8831
39.839414,48.052539,604.31,1,13010.7943,0.1425274874440071,42,0.0,0,0,0,21.53,11.18,1015.8,0,9.36,0.0,10.950000000000001,0.0,10.85,2264.4549
29.536016,36.606989,724.46,1,17126.2344,0.11792850163415211,35,10.0,20,10,10,23.64,0.72,1014.8,0,3.96,0.0,0.98,0.0,1.14,2515.1876
21.746265,28.351429,806.34,1,20126.2464,0.09392506121901313,28,10.0,10,10,0,24.96,9.51,1014.3,0,9.0,0.0,9.29,0.0,8.85,2614.9488
19.791238,26.368342,914.03,1,24002.4278,0.0768177415583982,23,0.0,0,0,0,26.26,14.02,1015.2,0,11.16,0.0,13.763333333333334,0.0,12.98,2550.153
25.01714,31.789664,927.38,1,24659.0342,0.07339694401814907,22,0.0,0,0,0,26.59,14.57,1014.8,0,11.88,0.0,14.463333333333333,0.0,14.02,2304.96
34.335531,41.919182,890.89,1,23831.3075,0.07002334111370458,21,0.0,0,0,0,26.75,14.51,1014.4,0,12.24,0.0,14.256666666666666,0.0,13.75,1875.7806
45.167994,54.180797,807.23,1,21520.751800000002,0.06670891564657616,20,0.0,0,0,0,26.66,14.57,1013.6,0,12.96,0.0,14.323333333333332,0.0,14.06,1302.302
56.462051,67.39017,686.19,0,18053.658900000002,0.06678688305616777,20,0.0,0,0,0,26.31,13.68,1013.0,0,12.6,0.0,13.546666666666667,0.0,13.18,523.03361
67.745898,81.046765,530.44,0,13637.612400000002,0.07026701465569164,21,0.0,0,0,0,25.71,12.56,1012.9,0,12.96,0.0,12.236666666666666,0.0,11.75,35.986163
76.655992,92.235315,355.11,0,8799.625800000002,0.07384284899137382,22,0.0,0,0,0,24.78,12.07,1012.5,0,12.6,0.0,11.696666666666667,0.0,11.3,0.052702703
94.011514,116.00657,0.0,0,0.0,0.21006932287654925,60,0.0,0,0,0,12.47,25.63,1014.1,0,16.92,0.0,18.393333333333334,0.0,16.65,5.4338798
84.042617,102.04346,0.0,0,0.0,0.19954489760196045,57,0.0,0,0,0,12.5,13.51,1013.4,0,10.08,0.0,12.933333333333332,0.0,13.66,103.36583
73.423428,88.207871,79.21,0,1154.8817999999999,0.18767594619956213,54,0.0,0,0,0,14.58,10.3,1013.2,0,7.92,0.0,10.17,0.0,9.96,536.07194
62.266404,74.437225,254.54,0,4688.6268,0.15090715780087116,44,0.0,0,0,0,18.42,7.39,1012.8,0,7.2,0.0,7.243333333333332,0.0,7.1,1178.49
50.92633,60.97113,433.43,0,9561.4658,0.12194708851326175,36,0.0,0,0,0,22.06,4.1,1011.9,0,6.84,0.0,3.873333333333333,0.0,3.76,1819.4517
39.763179,48.152206,577.61,1,14174.5494,0.08733917833988378,26,10.0,20,10,10,24.54,10.97,1011.5,0,11.52,0.0,10.21,0.0,9.83,823.41111
29.440078,36.734719,694.2,1,17570.202,0.07706225289821082,23,10.0,20,10,10,25.31,16.08,1010.7,0,14.76,0.0,15.586666666666666,0.0,14.98,322.64611
21.614168,28.506027,792.99,1,20443.2822,0.07694108988726459,23,10.0,20,10,10,25.78,15.7,1010.3,0,15.12,0.3,15.243333333333332,0.3,14.62,101.41556
19.633013,26.518449,478.82,1,11802.912999999999,0.08059100067159168,24,73.0,73,0,73,24.65,15.26,1011.1,0,16.2,0.4,14.54,0.4,13.78,45.088889
24.871435,31.897347,281.24,1,6592.265600000001,0.09440641963653529,28,74.0,148,74,74,23.44,18.29,1010.9,0,18.36,0.3,16.926666666666666,0.3,16.04,88.372778
34.20838,41.983808,297.26,1,7027.2264,0.09771218706829746,29,100.0,177,77,100,23.64,17.38,1011.0,0,19.08,0.2,16.336666666666666,0.2,15.46,101.30083
45.050395,54.21442,372.91,1,8696.2612,0.1011906769656289,30,100.0,175,75,100,23.32,18.92,1011.0,0,20.16,0.2,17.543333333333333,0.2,16.52,2.9630556
56.346974,67.401328,305.27,0,6978.472199999999,0.10472619168271342,31,100.0,165,65,100,22.86,19.6,1010.9,0,21.6,0.3,18.01,0.3,17.02,19.44
67.62886,81.040199,221.61,0,4964.064,0.10488918964642194,31,100.0,114,14,100,22.4,19.2,1011.1,0,18.36,0.3,17.05,0.3,16.04,60.505556
93.915453,116.0174,0.0,0,0.0,0.35076530612244905,99,0.0,0,0,0,9.09,2.55,1015.3,0,0.72,0.0,2.4833333333333334,0.0,2.16,6.8295082
83.965814,102.07535,0.0,0,0.0,0.3550127804600966,100,0.0,0,0,0,8.53,3.1,1015.0,0,1.44,0.0,1.3733333333333333,0.0,1.02,115.15371
73.353681,88.252832,80.99,0,855.2544,0.31017588382503264,88,2.0,2,2,0,10.56,3.6,1015.1,0,1.8,0.0,2.1266666666666665,0.0,1.3,554.85196
62.20195,74.497221,256.32,0,3698.6976,0.25036511579386606,72,0.0,0,0,0,14.43,4.21,1015.2,0,4.32,0.0,4.0633333333333335,0.0,4.02,1240.9947
50.862412,61.048329,436.1,0,7766.941,0.19934011547979105,58,0.0,0,0,0,17.81,9.0,1014.6,0,6.84,0.0,8.763333333333334,0.0,8.64,1858.5156
39.692501,48.250613,604.31,1,11929.079399999999,0.16388405203318654,48,0.0,0,0,0,19.74,12.62,1014.4,0,11.52,0.0,12.37,0.0,12.25,2293.7316
29.350292,36.859642,744.04,1,15706.684399999998,0.15292598382382927,45,10.0,20,10,10,21.11,14.51,1013.9,0,18.72,0.0,14.233333333333334,0.0,14.11,2558.9411
21.488732,28.655687,794.77,1,17604.155499999997,0.1456146291906536,43,10.0,20,10,10,22.15,13.68,1013.6,0,18.36,0.0,13.686666666666667,0.0,13.32,2661.7714
19.480709,26.662343,866.86,1,19495.681399999998,0.11500473548910838,34,10.0,20,10,10,22.49,12.32,1015.2,0,17.28,0.0,12.206666666666669,0.0,11.57,2563.87
24.73009,31.999484,864.19,1,19988.7147,0.10463075469150804,31,10.0,20,10,10,23.13,11.44,1015.4,0,16.56,0.0,11.493333333333332,0.0,10.97,2323.4453
34.08445,42.043987,831.26,1,19601.1108,0.09436187780136826,28,10.0,20,10,10,23.58,11.38,1015.1,0,16.92,0.0,11.25,0.0,10.69,1921.4901
44.935448,54.244447,640.8,1,15148.511999999999,0.09097341554634591,27,10.0,20,10,10,23.64,12.89,1014.2,0,19.44,0.0,12.556666666666667,0.0,11.89,1336.054
56.234361,67.409536,642.58,0,15139.1848,0.08425735566714974,25,10.0,20,10,10,23.56,15.12,1014.2,0,20.52,0.0,14.543333333333331,0.0,13.61,522.20427
67.514353,81.031218,501.96,0,11585.236799999999,0.08439388313135066,25,10.0,20,10,10,23.08,16.2,1014.5,0,18.72,0.0,15.67,0.0,14.9,38.190278
76.596388,92.426327,342.65,0,7613.682999999999,0.08463960456376747,25,0.0,0,0,0,22.22,16.49,1013.9,0,19.8,0.0,15.6,0.0,14.9,0.13675214
93.825484,116.03059,0.0,0,0.0,0.29473385178083167,83,0.0,0,0,0,8.46,6.19,1017.5,0,6.84,0.0,6.8999999999999995,0.0,7.75,4.1715847
83.894163,102.10857,0.0,0,0.0,0.2838087129274869,80,0.0,0,0,0,8.73,6.79,1017.4,0,4.32,0.0,5.5,0.0,5.82,93.819444
73.289106,88.298754,82.77,0,866.6019,0.2573866441012623,73,0.0,0,0,0,10.47,9.59,1017.6,0,5.04,0.0,4.776666666666666,0.0,3.26,533.53995
62.142611,74.557604,258.1,0,3995.3880000000004,0.20094931226830198,58,0.0,0,0,0,15.48,8.77,1016.6,0,4.68,0.0,7.903333333333332,0.0,7.52,1243.9342
50.803697,61.125186,437.88,0,7759.2336,0.1718980988070272,50,0.0,0,0,0,17.72,12.98,1016.4,0,8.64,0.0,12.506666666666666,0.0,12.25,1860.5992
39.627343,48.347654,605.2,1,11383.812,0.16440608302507195,48,0.0,0,0,0,18.81,13.34,1016.7,0,9.72,0.0,13.093333333333334,0.0,12.62,2288.1086
29.266631,36.981649,745.82,1,14976.0656,0.15005285953006176,44,0.0,0,0,0,20.08,12.43,1015.8,0,12.6,0.0,12.293333333333335,0.0,11.72,2500.0097
21.369974,28.800327,851.73,1,18286.6431,0.135768108071414,40,0.0,0,0,0,21.47,11.3,1015.3,0,11.88,0.0,11.286666666666667,0.0,10.95,2609.307
19.334384,26.799981,909.58,1,21393.3216,0.09438096201166281,28,8.0,8,8,0,23.52,9.78,1015.7,0,11.16,0.0,9.92,0.0,9.39,1441.7636
24.593143,32.096036,862.41,1,19473.2178,0.10144388462448857,30,6.0,6,6,0,22.58,9.57,1015.8,0,10.8,0.0,9.569999999999999,0.0,8.77,1878.8328
33.963774,42.099694,561.59,1,12680.7022,0.10144388462448857,30,10.0,20,10,10,22.58,7.49,1016.0,0,9.72,0.0,7.523333333333333,0.0,6.99,1455.0686
44.823191,54.270872,560.7,1,13462.407000000001,0.09086014268407593,27,10.0,20,10,10,24.01,7.29,1015.2,0,8.64,0.0,7.29,0.0,6.79,1215.5144
56.124263,67.414809,644.36,0,15529.076000000001,0.09083263246425567,27,10.0,20,10,10,24.1,9.83,1015.1,0,9.0,0.0,9.616666666666665,0.0,9.02,447.6775
67.402433,81.019854,501.07,0,11845.2948,0.09434280130732169,28,10.0,20,10,10,23.64,12.73,1015.3,0,10.44,0.0,12.353333333333333,0.0,11.92,63.781667
76.570115,92.518018,338.2,0,7673.758,0.09802595997836669,29,10.0,20,10,10,22.69,13.89,1015.2,0,11.88,0.0,13.293333333333331,0.0,12.59,5.6529167
93.741548,116.04606,0.0,0,0.0,0.2889664164640378,82,31.0,54,0,31,10.62,5.09,1017.9,23,2.88,0.0,3.186666666666666,0.0,2.28,7.3283551
83.827673,102.14308,0.0,0,0.0,0.2924697839952078,83,0.0,0,0,0,10.64,2.9,1017.6,0,1.08,0.0,3.75,0.0,4.33,104.78611
73.229688,88.345582,82.77,0,1056.9729,0.2588136541689984,74,0.0,0,0,0,12.77,2.9,1017.8,0,3.24,0.0,3.5233333333333334,0.0,4.07,526.28806
62.088359,74.618304,256.32,0,4293.36,0.2104173853052777,61,0.0,0,0,0,16.75,2.41,1017.3,0,5.4,0.0,2.3733333333333335,0.0,2.55,1219.2222
50.750149,61.201614,437.88,0,8744.4636,0.16375545851528384,48,17.0,17,0,17,19.97,4.69,1016.4,0,6.84,0.0,4.676666666666667,0.0,4.51,1822.0289
39.567663,48.44323,589.18,1,12985.527199999999,0.13889359395643483,41,0.0,0,0,0,22.04,7.64,1016.3,0,9.0,0.0,7.733333333333333,0.0,7.57,1920.7839
29.189063,37.100635,614.1,1,14210.274000000001,0.12150258192986603,36,6.0,6,6,0,23.14,6.64,1015.9,0,7.92,0.0,6.933333333333334,0.0,6.57,2153.3583
21.25791,28.939871,833.04,1,20134.5768,0.11099152428360017,33,10.0,10,10,0,24.17,3.42,1015.0,0,7.2,0.0,3.8799999999999994,0.0,3.42,1584.5258
19.194093,26.93132,883.77,1,21846.7944,0.10407224628193507,31,100.0,110,100,10,24.72,10.14,1015.3,0,11.16,0.0,9.93,0.0,9.51,2201.1081
24.460634,32.186969,449.45,1,10472.185,0.11469050430089392,34,10.0,20,10,10,23.3,11.18,1015.6,0,12.6,0.0,11.15,0.0,10.59,1623.2275
33.846383,42.150905,455.68,1,11350.988800000001,0.10065087566261827,30,10.0,20,10,10,24.91,13.32,1015.5,0,13.68,0.0,13.053333333333333,0.0,12.52,1484.4289
44.713664,54.293693,752.05,1,18823.8115,0.09725669058957678,29,10.0,20,10,10,25.03,13.8,1014.6,0,14.04,0.0,13.453333333333333,0.0,12.66,1030.5392
56.016725,67.417164,640.8,0,15968.736,0.09729258227933037,29,10.0,20,10,10,24.92,16.12,1014.8,0,17.28,0.0,15.473333333333334,0.0,14.51,368.82639
67.293156,81.006143,447.67,0,10914.1946,0.10083016838638122,30,10.0,20,10,10,24.38,16.18,1015.0,0,16.2,0.0,15.646666666666667,0.0,15.08,93.469167
75.921653,91.80173,321.29,0,7540.6763,0.10788213876340098,32,3.0,3,3,0,23.47,15.19,1014.5,0,16.2,0.0,14.453333333333333,0.0,13.78,0.070098039
93.663182,116.06345,0.0,0,0.0,0.30953218431234614,88,17.0,65,0,17,11.15,4.1,1018.5,48,4.68,0.0,6.226666666666667,0.0,7.75,3.7177596
83.766349,102.17888,0.0,0,0.0,0.30967378681775,88,0.0,0,0,0,11.02,5.59,1018.6,0,5.04,0.0,6.903333333333333,0.0,8.05,89.534642
73.175408,88.393262,82.77,0,1092.5639999999999,0.27239392352016767,78,0.0,0,0,0,13.2,9.11,1018.6,0,6.12,0.0,7.1499999999999995,0.0,6.13,517.27972
62.039167,74.679251,256.32,0,4485.599999999999,0.2098744194047824,61,0.0,0,0,0,17.5,6.57,1018.2,0,7.2,0.0,5.703333333333333,0.0,5.45,1214.4157
50.701733,61.277529,434.32,0,9107.6904,0.1631986944104447,48,0.0,0,0,0,20.97,5.9,1017.5,0,6.48,0.0,5.566666666666667,0.0,5.4,1799.2648
39.51342,48.537243,598.08,1,13803.6864,0.128278702359653,38,0.6,2,0,0,23.08,6.92,1017.4,2,9.0,0.0,6.486666666666667,0.0,6.13,2220.9283
29.117554,37.216502,728.91,1,17851.005899999996,0.10751243112484882,32,0.3,1,0,0,24.49,9.93,1016.9,1,12.96,0.0,9.43,0.0,9.18,2346.5287
21.152553,29.074248,833.04,1,21242.52,0.09710363301523524,29,9.0,9,9,0,25.5,8.91,1016.4,0,12.24,0.0,8.74,0.0,8.4,2481.1797
19.059889,27.056322,908.69,1,24189.327800000003,0.08673316209093639,26,0.0,0,0,0,26.62,5.62,1016.9,0,6.84,0.0,5.386666666666667,0.0,5.35,2364.7544
24.332599,32.272247,915.81,1,24992.454899999997,0.08321129010784183,25,3.0,3,3,0,27.29,3.62,1016.5,0,6.84,0.0,3.5133333333333336,0.0,3.32,2165.885
33.732311,42.197599,833.04,1,22233.8376,0.08671291355389542,26,10.0,20,10,10,26.69,5.12,1016.3,0,6.48,0.0,5.21,0.0,4.61,1752.1415
44.606905,54.312909,384.48,1,10204.0992,0.08675631485868732,26,10.0,20,10,10,26.54,7.2,1015.6,0,7.56,0.0,7.183333333333334,0.0,6.7,1311.5255
55.911796,67.416618,332.86,0,8790.8326,0.08679396448123915,26,10.0,20,10,10,26.41,7.7,1015.8,0,7.2,0.0,7.703333333333333,0.0,7.2,485.90799
67.186576,80.990119,259.88,0,6811.4548,0.08351149118118655,25,10.0,20,10,10,26.21,9.69,1015.9,0,8.64,0.0,9.593333333333332,0.0,9.2,83.553056
76.348101,92.465507,239.41,0,6210.2954,0.0835868802032833,25,0.0,0,0,0,25.94,14.49,1015.7,0,11.16,0.0,13.63,0.0,13.36,0.082083333
93.590895,116.08311,0.0,0,0.0,0.19923103809856696,57,0.0,0,0,0,12.95,9.16,1020.5,0,7.92,0.0,10.306666666666667,0.0,11.72,10.733333
83.710192,102.21591,0.0,0,0.0,0.18845536399804566,54,0.0,0,0,0,13.39,14.65,1020.8,0,11.52,0.0,12.776666666666666,0.0,12.57,117.60306
73.126248,88.44174,83.66,0,1360.3116,0.16585466984554786,48,0.0,0,0,0,16.26,20.88,1020.3,0,6.48,0.0,14.516666666666666,0.0,10.83,534.43056
61.995004,74.740376,255.43,0,5126.4801,0.14323715981174545,42,0.0,0,0,0,20.07,18.03,1020.1,0,7.92,0.0,16.006666666666664,0.0,15.52,839.23455
50.658409,61.352848,432.54,0,9935.4438,0.12157233553964608,36,0.0,0,0,0,22.97,12.37,1019.8,0,7.56,0.0,11.623333333333333,0.0,11.25,1564.5903
39.464569,48.629599,598.08,1,15179.270400000001,0.10049241282283189,30,0.0,0,0,0,25.38,11.17,1019.3,0,9.72,0.0,10.719999999999999,0.0,10.83,1646.1256
29.052068,37.329154,736.03,1,19600.4789,0.0900660484355194,27,0.0,0,0,0,26.63,14.93,1018.7,0,12.24,0.0,14.356666666666667,0.0,14.59,2378.1797
21.053908,29.20339,800.11,1,21818.9997,0.08654550296251916,26,10.0,20,10,10,27.27,17.56,1018.3,0,13.32,0.0,16.95,0.0,16.77,2455.1733
18.931826,27.17495,854.4,1,23923.2,0.07305329569981737,22,10.0,20,10,10,28.0,15.33,1018.7,0,14.76,0.0,14.76,0.0,14.62,1765.5976
24.209078,32.351838,867.75,1,24687.4875,0.06962864721485412,21,10.0,10,0,10,28.45,13.1,1018.2,0,11.88,0.0,12.606666666666667,0.0,12.31,1431.5867
33.62159,42.239759,488.61,1,13378.1418,0.07653146108541577,23,10.0,10,0,10,27.38,11.53,1018.3,0,10.08,0.0,10.983333333333333,0.0,10.83,1700.4146
44.502952,54.328521,371.13,1,10495.5564,0.07298543608798064,22,10.0,10,0,10,28.28,11.37,1017.8,0,9.0,0.0,10.9,0.0,10.59,313.83194
55.824161,67.4313,612.32,0,17322.5328,0.0696656050955414,21,10.0,10,0,10,28.29,12.22,1017.7,0,9.0,0.0,11.76,0.0,11.53,168.88982
67.099601,80.993794,501.07,0,13979.853,0.07307756186679955,22,10.0,10,0,10,27.9,10.39,1017.6,0,7.92,0.0,9.986666666666666,0.0,9.61,104.04605
75.899097,91.996634,339.09,0,9253.766099999999,0.07322593529490082,22,10.0,10,0,10,27.29,11.04,1017.0,0,10.8,0.0,10.396666666666667,0.0,10.25,1.4001068
93.524596,116.10497,0.0,0,0.0,0.15648363876621343,45,0.0,0,0,0,14.42,42.22,1020.6,0,34.2,0.0,33.07,0.0,29.59,45.53388
83.659203,102.25415,0.0,0,0.0,0.15991656527029377,46,10.0,20,10,10,14.5,41.09,1021.1,0,34.56,0.0,32.45666666666667,0.0,28.88,176.04706
73.082186,88.490961,76.54,0,1235.3556,0.14863977323792735,43,0.0,0,0,0,16.14,39.25,1020.9,0,34.2,0.0,32.22,0.0,29.24,561.03356
61.955841,74.801611,161.09,0,2835.184,0.13413585554600171,39,10.0,20,10,10,17.6,36.16,1020.9,0,30.96,0.0,31.23,0.0,29.12,1205.1518
50.620138,61.427491,186.01,0,3629.0551,0.11617576710175631,34,10.0,20,10,10,19.51,34.98,1021.0,0,29.16,0.0,30.973333333333333,0.0,29.12,1798.4038
39.421065,48.720207,368.46,1,8279.296199999999,0.09471618970299708,28,1.0,1,1,0,22.47,34.81,1020.7,0,26.64,0.0,31.89,0.0,30.78,2220.2405
28.992567,37.438501,598.08,1,14204.400000000001,0.08420343550016841,25,17.0,17,17,0,23.75,31.91,1019.8,0,24.48,0.0,29.723333333333333,0.0,28.24,2467.2392
20.961982,29.327231,823.25,1,20589.482500000002,0.07378588677220285,22,88.0,88,88,0,25.01,28.88,1019.2,0,20.88,0.0,27.30333333333333,0.0,26.34,2563.0964
18.809954,27.28717,903.35,1,24643.388000000003,0.06989981027194356,21,0.0,0,0,0,27.28,21.79,1018.6,0,18.72,0.0,21.093333333333334,0.0,20.36,2025.133
24.09011,32.425714,914.03,1,25492.2967,0.06975817167153868,21,79.0,79,79,0,27.89,19.06,1017.9,0,19.44,0.0,18.453333333333333,0.0,17.94,1740.2599
33.514254,42.277366,841.94,1,23675.3528,0.06970491585620872,21,100.0,100,0,100,28.12,17.58,1017.6,0,18.72,0.0,17.10666666666667,0.0,16.87,1730.3199
44.401846,54.340529,641.69,1,17575.8891,0.06987422639249352,21,100.0,100,0,100,27.39,17.16,1016.9,0,16.2,0.0,16.336666666666666,0.0,16.1,1298.405
55.709948,67.406901,427.2,0,11427.6,0.07335778592864288,22,100.0,100,0,100,26.75,16.34,1016.5,0,13.68,0.0,15.613333333333335,0.0,15.27,506.42556
66.981729,80.951273,302.6,0,8003.77,0.07676902536715621,23,100.0,101,1,100,26.45,16.95,1016.5,0,14.04,0.0,15.996666666666668,0.0,15.88,33.983056
93.464247,116.12896,0.0,0,0.0,0.15721073225265514,45,0.9,3,0,0,13.09,43.15,1018.8,3,27.36,0.0,33.70333333333333,0.0,29.72,65.410929
83.613377,102.29356,0.0,0,0.0,0.1646234676007005,47,0.0,0,0,0,12.35,43.58,1019.0,0,33.84,0.0,34.25333333333333,0.0,30.3,248.27722
73.043202,88.540872,95.23,0,1381.7873,0.14600570117499828,42,7.8,26,0,0,14.51,42.29,1018.6,26,36.72,0.0,35.28666666666667,0.0,32.14,361.05167
61.921645,74.862888,269.67,0,4525.0626,0.12761701100265582,37,12.9,43,0,0,16.78,40.19,1018.5,43,31.32,0.0,34.78,0.0,32.43,1062.8442
50.586879,61.501377,440.55,0,8445.3435,0.11288998357963875,33,12.3,41,0,0,19.17,36.71,1018.3,41,29.88,0.0,32.94,0.0,31.21,1695.3886
39.382863,48.808977,585.62,1,12391.7192,0.10193333559851857,30,30.0,122,0,22,21.16,34.21,1018.3,100,26.28,0.0,31.289999999999996,0.0,29.83,2264.4689
28.939009,37.544453,696.87,1,15888.636,0.09461057611082954,28,10.0,26,0,10,22.8,31.06,1017.5,16,24.48,0.0,28.886666666666667,0.0,27.8,2480.33
20.876777,29.445709,800.11,1,19466.6763,0.08403926314374077,25,10.0,30,0,10,24.33,28.46,1016.9,20,21.6,0.0,26.900000000000002,0.0,25.94,2590.14
18.694324,27.392946,891.78,1,23721.348,0.06672226855713094,20,30.0,130,0,30,26.6,25.33,1017.6,100,18.72,0.0,24.123333333333335,0.0,23.5,2129.4972
23.975738,32.493846,874.87,1,23927.6945,0.059900166389351084,18,48.0,148,0,48,27.35,21.6,1017.5,100,17.28,0.0,20.883333333333336,0.0,20.52,2103.2036
33.410341,42.310408,820.58,1,22746.477600000002,0.056502808521953,17,40.0,140,0,40,27.72,16.94,1017.0,100,15.12,0.0,16.34,0.0,15.86,1764.0631
44.303628,54.34894,748.49,1,20882.871,0.05646902507889056,17,30.0,126,0,26,27.9,12.37,1016.4,100,13.68,0.0,11.983333333333334,0.0,11.61,1393.0753
55.613125,67.397773,637.24,0,17657.9204,0.059828491657249225,18,30.0,112,0,12,27.71,9.98,1016.1,100,7.92,0.0,9.66,0.0,9.5,563.07027
66.88357,80.928526,494.84,0,13509.132,0.06323847561990348,19,30.0,110,0,10,27.3,9.73,1016.4,100,11.16,0.0,9.22,0.0,9.22,52.099444
93.409654,116.15492,0.0,0,0.0,0.19273899635548083,55,5.1,17,0,0,12.21,35.63,1020.3,17,23.76,0.0,23.926666666666666,0.0,19.49,6.8715847
83.572682,102.33411,0.0,0,0.0,0.20319506726457398,58,0.0,0,0,0,12.29,36.85,1020.6,0,24.12,0.0,25.419999999999998,0.0,20.96,104.29291
73.009261,88.591418,95.23,0,1586.5318,0.1587246816880025,46,0.6,2,0,0,16.66,32.43,1020.0,2,24.84,0.0,25.986666666666668,0.0,23.5,511.57083
61.892379,74.924144,268.78,0,5278.839199999999,0.12978585334198575,38,0.0,0,0,0,19.64,29.38,1020.1,0,23.76,0.0,25.84,0.0,24.25,1187.0273
50.558592,61.574437,439.66,0,9571.3982,0.11189475111894753,33,0.0,0,0,0,21.77,28.88,1019.9,0,24.12,0.0,26.040000000000003,0.0,24.8,1783.2594
39.349924,48.895841,606.09,1,14558.2818,0.09422216239862706,28,0.0,0,0,0,24.02,27.53,1020.1,0,23.76,0.0,25.416666666666668,0.0,24.5,2207.6489
28.891387,37.646973,744.93,1,19174.498199999998,0.08029709926728898,24,10.0,20,10,10,25.74,26.72,1019.3,0,22.32,0.0,25.12,0.0,24.1,2464.5279
20.798386,29.558861,839.27,1,22567.9703,0.06665777896280496,20,0.0,0,0,0,26.89,25.15,1018.8,0,18.72,0.0,24.069999999999997,0.0,23.31,2507.7453
18.585118,27.492368,918.48,1,25487.82,0.056497175141242945,17,0.0,0,0,0,27.75,19.3,1019.4,0,15.84,0.0,18.57,0.0,18.18,2431.8209
23.866068,32.556284,933.61,1,26383.818600000002,0.05308383928867656,16,0.0,0,0,0,28.26,15.82,1018.9,0,12.96,0.0,15.323333333333332,0.0,15.04,1967.3808
33.30991,42.338906,898.9,1,25744.496,0.05301699857516817,16,0.0,0,0,0,28.64,14.49,1018.7,0,11.88,0.0,13.883333333333333,0.0,13.36,1874.6282
44.208349,54.353777,810.79,1,23196.7019,0.053022269353128315,16,10.0,10,0,10,28.61,13.55,1017.9,0,10.8,0.0,13.056666666666667,0.0,12.76,1316.1909
55.519105,67.385838,663.05,0,18823.9895,0.053060953770644036,16,10.0,10,0,10,28.39,13.9,1017.4,0,11.16,0.0,13.403333333333334,0.0,13.1,495.16467
66.788326,80.903621,514.42,0,14352.317999999997,0.05646902507889056,17,10.0,10,0,10,27.9,14.92,1017.5,0,14.4,0.0,14.316666666666665,0.0,14.12,170.42935
75.67339,91.995782,350.66,0,9478.339800000002,0.06329535611966154,19,10.0,10,0,10,27.03,15.98,1017.5,0,14.76,0.0,15.11,0.0,14.84,4.1198198
93.360916,116.18288,0.0,0,0.0,0.14935741576936437,43,0.0,0,0,0,14.75,40.54,1021.6,0,37.8,0.0,30.66,0.0,26.81,15.519399
83.537183,102.37577,0.0,0,0.0,0.14605139618179921,42,0.0,0,0,0,14.42,41.8,1021.6,0,38.16,0.0,31.406666666666666,0.0,27.0,202.04782
72.980361,88.642534,87.22,0,1483.6122,0.1240694789081886,36,0.0,0,0,0,17.01,39.76,1021.3,0,41.4,0.0,32.053333333333335,0.0,28.2,341.01194
61.868016,74.985293,224.28,0,4292.7192000000005,0.10605905094255706,31,100.0,100,0,100,19.14,37.72,1021.2,0,39.24,0.0,32.29333333333333,0.0,29.72,1195.5467
50.535226,61.646557,400.5,0,8722.890000000001,0.08815651171464417,26,0.0,0,0,0,21.78,36.08,1021.2,0,36.72,0.0,32.22,0.0,30.43,1784.1819
39.322164,48.980647,593.63,1,14193.6933,0.063960142732108,19,100.0,100,0,100,23.91,34.49,1021.1,0,33.48,0.0,31.493333333333336,0.0,29.95,2249.7714
28.84955,37.745827,735.14,1,18665.2046,0.0535941582367522,16,0.0,0,0,0,25.39,31.8,1020.6,0,27.0,0.0,29.673333333333332,0.0,28.39,2508.3765
20.726516,29.66633,851.73,1,22494.189300000002,0.05674989985311791,17,0.0,0,0,0,26.41,26.07,1019.5,0,21.6,0.0,24.820000000000004,0.0,24.14,2497.0871
18.481994,27.585042,899.79,1,24726.229199999998,0.0665269600505605,20,10.0,10,0,10,27.48,21.22,1019.0,0,18.36,0.0,20.376666666666665,0.0,19.73,2424.7659
23.76096,32.612783,873.98,1,24654.9758,0.06304751791876825,19,10.0,10,0,10,28.21,14.46,1018.7,0,15.48,0.0,14.233333333333333,0.0,14.12,1821.4807
33.212943,42.362755,840.16,1,23961.3632,0.05966784897404449,18,10.0,10,0,10,28.52,9.66,1018.3,0,12.6,0.0,9.553333333333333,0.0,9.34,882.27554
44.116039,54.355005,763.62,1,21770.806200000003,0.05966982695750183,18,10.0,10,0,10,28.51,8.4,1017.5,0,11.16,0.0,8.193333333333333,0.0,8.09,635.35472
55.427942,67.371104,652.37,0,18501.2132,0.059699512453981626,18,10.0,10,0,10,28.36,7.49,1017.3,0,10.44,0.0,7.226666666666667,0.0,6.99,450.07239
66.696071,80.87659,509.97,0,14289.359400000001,0.05976690905468673,18,10.0,10,0,10,28.02,7.9,1016.8,0,9.72,0.0,7.6433333333333335,0.0,7.39,90.078056
75.400676,91.730761,264.33,0,7068.184199999999,0.0666911200773617,20,22.0,22,0,22,26.74,9.45,1016.8,0,10.44,0.0,9.033333333333333,0.0,8.94,0.86238095
93.318046,116.21285,0.0,0,0.0,0.16721825465946702,48,0.0,0,0,0,13.9,41.91,1020.4,0,37.8,0.0,29.69333333333333,0.0,24.5,55.315301
83.506789,102.41847,0.0,0,0.0,0.17136462194866056,49,0.0,0,0,0,12.79,39.73,1020.4,0,36.72,0.0,28.126666666666665,0.0,23.22,196.62583
72.956448,88.694164,88.11,0,1439.7174,0.13471967943625,39,0.0,0,0,0,16.34,34.81,1019.7,0,34.2,0.0,27.413333333333338,0.0,24.25,511.16167
61.848506,75.046275,263.44,0,5171.3272,0.08538834619851084,25,0.0,0,0,0,19.63,30.5,1019.5,0,32.76,0.0,26.586666666666662,0.0,24.61,1212.8939
50.516736,61.717685,443.22,0,9679.9248,0.06779890843757416,20,0.0,0,0,0,21.84,28.53,1019.0,0,26.28,0.0,26.083333333333332,0.0,24.86,1768.9961
39.29956,49.063368,610.54,1,14445.3764,0.06064485697921229,18,0.0,0,0,0,23.66,26.81,1018.7,0,25.2,0.0,25.03333333333333,0.0,24.1,2155.8192
28.813551,37.841078,751.16,1,18914.2088,0.06033586967452151,18,0.0,0,0,0,25.18,24.14,1017.8,0,22.68,0.0,22.926666666666666,0.0,22.09,2392.4464
20.661446,29.768355,855.29,1,22382.939300000002,0.06347721502071361,19,0.0,0,0,0,26.17,22.6,1017.3,0,20.16,0.0,21.75,0.0,21.19,2550.3631
18.385395,27.671301,894.45,1,24722.598,0.05984241497390207,18,10.0,37,0,10,27.64,11.49,1016.5,27,12.6,0.0,11.323333333333332,0.0,11.3,2191.1683
23.660653,32.663549,865.97,1,24368.395800000002,0.05642404328056026,17,10.0,25,0,10,28.14,9.16,1015.7,15,11.88,0.0,8.993333333333334,0.0,8.91,1463.4789
33.119551,42.382053,806.34,1,22980.690000000002,0.056356704790319914,17,10.0,14,0,10,28.5,8.37,1015.5,4,10.08,0.0,8.163333333333334,0.0,7.9,750.41111
44.026768,54.35269,763.62,1,21793.714799999998,0.056349232656037654,17,10.0,10,0,10,28.54,7.86,1014.9,0,9.72,0.0,7.599999999999999,0.0,7.42,520.32417
55.339693,67.353628,657.71,0,18613.193000000003,0.05639409520650191,17,10.0,10,0,10,28.3,7.92,1013.9,0,9.0,0.0,7.68,0.0,7.56,296.54972
66.606854,80.847494,465.47,0,12977.303600000001,0.059794704846693025,18,18.0,20,0,18,27.88,9.26,1014.1,2,7.56,0.0,8.91,0.0,8.91,131.50167
75.310372,91.694501,338.2,0,9165.22,0.06328059950041633,19,10.0,12,0,10,27.1,11.17,1014.2,2,8.28,0.0,10.719999999999999,0.0,10.83,0.056666667
93.199975,116.1272,0.0,0,0.0,0.20916855499389927,60,0.0,0,0,0,13.7,35.36,1016.7,0,30.96,0.0,24.286666666666665,0.0,19.92,13.774167
83.481463,102.46215,0.0,0,0.0,0.20556775025260446,59,60.0,60,0,60,13.86,36.59,1016.3,0,34.92,0.0,25.093333333333334,0.0,20.24,111.92165
72.937477,88.746241,95.23,0,1669.3819,0.16513003990642633,48,34.0,34,0,34,17.53,31.49,1015.7,0,27.72,0.0,24.653333333333332,0.0,21.39,583.48361
61.833799,75.107018,269.67,0,5393.400000000001,0.14327136278355793,42,2.0,2,0,2,20.0,28.17,1015.5,0,21.96,0.0,24.48,0.0,23.02,1222.9206
50.50307,61.787744,441.44,0,9839.6976,0.12523693474140266,37,12.0,12,0,12,22.29,24.72,1014.8,0,18.36,0.0,22.650000000000002,0.0,21.75,1792.7975
39.282061,49.143931,598.08,1,14497.4592,0.11096539897104812,33,22.0,22,0,22,24.24,23.58,1014.9,0,16.56,0.0,22.03666666666666,0.0,21.4,2262.4527
28.783358,37.932676,731.58,1,19050.3432,0.09358601557538689,28,16.0,16,0,16,26.04,20.28,1014.0,0,15.12,0.2,19.083333333333332,0.2,18.84,1014.6533
20.60323,29.864948,625.67,1,15622.979899999998,0.09392191064001074,28,70.0,140,70,70,24.97,12.62,1013.2,0,11.52,0.5,11.89,0.5,12.25,29.485556
18.295459,27.7512,319.51,1,8259.3335,0.08361204013377926,25,100.0,180,80,100,25.85,12.52,1013.0,0,12.24,0.4,11.88,0.4,11.5,59.119893
23.565244,32.708619,469.03,1,11763.272399999998,0.0938872682158066,28,100.0,182,81,100,25.08,15.68,1012.8,1,15.12,0.8,14.786666666666667,0.8,14.21,125.9345
33.029799,42.396831,263.44,1,5682.4008,0.1459011943539631,43,100.0,285,85,100,21.57,29.32,1013.8,100,20.88,0.5,24.8,0.5,23.83,378.12721
43.940598,54.346868,114.81,1,2513.1909,0.14913232104121477,44,100.0,206,6,100,21.89,6.84,1012.7,100,8.64,0.3,5.083333333333333,0.3,2.9,323.59802
55.254418,67.333457,171.77,0,3830.4710000000005,0.13538669825689625,40,100.0,253,53,100,22.3,24.03,1012.6,100,21.24,0.2,20.653333333333336,0.2,19.01,245.44074
66.520735,80.81639,218.05,0,4943.1935,0.13521736190926914,40,100.0,200,0,100,22.67,23.57,1012.4,100,23.4,0.0,20.61,0.0,19.38,17.955301
92.591883,115.33216,0.0,0,0.0,0.2823283373997909,81,100.0,211,100,100,13.75,18.25,1012.0,11,16.56,0.5,14.776666666666666,0.5,13.76,6.3125786
83.46126,102.50679,0.0,0,0.0,0.28596338273757627,82,100.0,202,100,100,13.6,8.94,1012.2,2,18.0,0.0,11.146666666666667,0.0,13.68,154.38554
72.923437,88.798686,76.54,0,1262.91,0.22786121180735372,66,100.0,100,0,100,16.5,9.93,1011.0,0,20.52,0.0,10.0,0.0,10.18,600.20919
61.823856,75.16742,185.12,0,3556.1552,0.18128334929538928,53,100.0,102,2,100,19.21,11.38,1010.9,0,18.36,0.0,11.170000000000002,0.0,10.95,1229.2353
50.494161,61.856606,294.59,0,5588.372299999999,0.20539504313295906,60,100.0,133,33,100,18.97,20.35,1011.2,0,26.28,0.0,19.246666666666666,0.0,19.3,1797.4565
39.269561,49.222162,273.23,1,4890.817,0.2302009963923725,67,100.0,200,100,100,17.9,27.36,1011.7,0,28.08,1.2,24.959999999999997,1.2,24.12,1596.6889
28.758782,38.020355,286.58,1,5379.106599999999,0.19183337900794742,56,100.0,200,100,100,18.77,29.5,1011.2,0,29.88,1.4,26.873333333333335,1.4,25.84,1794.7279
20.551491,29.955694,259.88,1,5132.63,0.16729259132809834,49,100.0,165,65,100,19.75,29.35,1011.0,0,30.96,1.1,26.35666666666667,1.1,25.26,2599.9682
18.211762,27.824285,429.87,1,9194.9193,0.13240985944184153,39,64.0,128,64,64,21.39,20.01,1010.3,0,24.84,0.3,18.61,0.3,18.09,2277.7859
23.47457,32.747725,540.23,1,12857.474,0.11112981983498905,33,10.0,20,10,10,23.8,19.45,1009.6,0,23.76,0.1,18.346666666666664,0.1,17.88,2320.8264
32.943673,42.40698,473.48,1,10497.0516,0.12528782337803063,37,85.0,156,85,71,22.17,21.38,1009.8,0,26.28,0.0,19.94,0.0,19.35,1601.8357
43.857569,54.337515,250.98,1,5363.4426,0.1426049164742632,42,66.0,143,66,66,21.37,24.29,1009.6,11,23.04,0.0,22.116666666666664,0.0,21.31,313.17749
55.172189,67.310613,194.91,0,4030.7388,0.1599564373957731,47,74.0,150,74,74,20.68,25.36,1009.8,2,24.84,0.3,22.80333333333333,0.3,21.87,237.40942
66.437807,80.783329,163.76,0,3299.7639999999997,0.16706443914081148,49,100.0,188,88,100,20.15,29.02,1010.2,0,26.28,0.6,25.213333333333335,0.6,23.95,8.1708851
72.914265,88.851424,87.22,0,1311.7887999999998,0.2706547763628162,78,55.0,56,1,55,15.04,19.45,1010.6,0,21.6,0.0,17.043333333333333,0.0,16.56,1.1872222
61.818614,75.227405,200.25,0,3171.96,0.24568324163465868,71,71.0,213,71,71,15.84,19.52,1010.7,71,20.52,0.3,17.026666666666667,0.3,16.18,50.195278
50.489947,61.924196,336.42,0,5984.9118,0.19591668385234068,57,0.0,0,0,0,17.79,19.02,1010.5,0,26.28,1.3,17.726666666666663,1.3,17.41,291.2175
39.262008,49.298007,461.02,1,8067.849999999999,0.1892310338895579,55,57.0,114,57,57,17.5,18.45,1010.7,0,25.2,0.1,17.003333333333334,0.1,16.62,1239.2248
28.739821,38.104123,175.33,1,3040.2222,0.18589280181761852,54,69.0,137,68,69,17.34,15.94,1010.1,0,24.84,0.0,14.186666666666667,0.0,13.85,1937.2611
20.506385,30.04072,231.4,1,3982.3940000000002,0.1825320292051247,53,100.0,171,67,100,17.21,17.17,1010.1,4,21.6,0.4,15.316666666666668,0.4,15.38,2361.1194
18.134576,27.890748,69.42,1,883.7166000000001,0.2973275500209878,85,100.0,300,100,100,12.73,12.89,1013.1,100,12.6,0.2,10.823333333333332,0.2,10.19,1913.0475
23.388795,32.78099,155.75,1,2300.4275,0.2674353987218672,77,100.0,230,30,100,14.77,12.64,1012.1,100,18.0,0.6,11.703333333333333,0.6,11.17,1046.3192
32.86127,42.412578,339.09,1,5371.1856,0.22492127755285654,65,100.0,278,78,100,15.84,20.52,1011.5,100,20.88,0.3,18.686666666666667,0.3,17.81,1050.6894
43.777758,54.324698,261.66,1,4110.6786,0.22848438690022851,66,100.0,227,60,100,15.71,22.78,1011.3,67,21.24,0.3,20.72,0.3,19.69,453.08195
55.093075,67.285165,239.41,0,3804.2249,0.21796291170772214,63,64.0,127,63,64,15.89,17.11,1011.2,0,16.2,0.4,16.123333333333335,0.4,15.63,556.31861
66.358134,80.748385,189.57,0,2904.2124,0.22879328873019728,66,80.0,137,57,80,15.32,8.89,1011.5,0,11.52,0.5,9.16,0.5,8.59,164.17806
75.502976,92.145449,163.76,0,2544.8304,0.21822716408604387,63,52.0,106,52,52,15.54,5.15,1010.9,2,12.6,0.6,5.283333333333334,0.6,4.55,0.05125
93.123826,116.2343,0.0,0,0.0,0.3227408142999007,91,100.0,100,100,0,8.81,11.37,1011.0,0,10.08,0.0,6.886666666666667,0.0,5.19,21.443098
83.435922,102.5986,0.0,0,0.0,0.3222265500513438,91,100.0,100,100,0,9.26,6.92,1010.9,0,8.28,0.0,5.0633333333333335,0.0,4.51,121.36639
72.909889,88.904372,53.4,0,572.448,0.3170465353859161,90,100.0,100,100,0,10.72,6.12,1010.6,0,10.44,0.0,6.136666666666667,0.0,6.52,595.34528
61.818001,75.286887,134.39,0,1565.6435,0.3019662921348315,86,100.0,100,100,0,11.65,10.18,1010.6,0,14.4,0.0,9.656666666666666,0.0,9.42,547.17656
50.490355,61.990433,256.32,0,3491.0784,0.25455940300589325,73,10.0,10,10,0,13.62,12.78,1010.1,0,17.64,0.0,11.986666666666666,0.0,11.97,565.345
39.259336,49.3714,567.82,1,9272.5006,0.18654138455160982,54,59.0,94,59,0,16.33,11.57,1009.6,35,18.0,0.0,10.473333333333334,0.0,10.46,1763.8652
28.726445,38.183961,716.45,1,12279.953000000001,0.16190705845878262,47,6.9,25,2,0,17.14,26.58,1009.1,23,25.92,0.0,24.58666666666667,0.0,24.48,2692.8186
20.468007,30.120113,843.72,1,14984.467200000001,0.15124952734522706,44,0.0,0,0,0,17.76,29.13,1008.8,0,27.72,0.0,27.366666666666664,0.0,26.32,2209.2489
18.064154,27.950758,547.35,1,9436.314,0.16185130341953924,47,100.0,100,100,0,17.24,16.56,1010.4,0,17.28,0.0,15.453333333333333,0.0,15.82,2514.3543
23.308094,32.808547,557.14,1,9449.0944,0.1723484195649926,50,100.0,100,100,0,16.96,16.92,1010.4,0,18.72,0.0,16.490000000000002,0.0,16.43,1866.9582
32.782694,42.413713,738.7,1,13747.207,0.14052646010419523,41,79.0,79,79,0,18.61,15.19,1009.7,0,22.68,0.0,14.653333333333334,0.0,14.19,1856.1361
43.701249,54.308492,623.89,1,11292.409000000001,0.14420600858369098,42,100.0,100,100,0,18.1,15.99,1009.2,0,20.16,0.0,15.12,0.0,14.98,712.63333
55.017151,67.25719,404.95,0,7054.229,0.15486801803352032,45,100.0,100,100,0,17.42,15.32,1009.2,0,16.2,0.0,14.613333333333332,0.0,14.51,386.24377
66.281786,80.711641,305.27,0,5287.2764,0.1583640307088512,46,100.0,101,100,0,17.32,13.78,1009.3,1,13.68,0.0,12.826666666666666,0.0,12.78,53.814153
75.072027,91.648609,192.24,0,3168.1152,0.1691813693332873,49,100.0,100,100,0,16.48,14.65,1009.6,0,15.12,0.0,13.69,0.0,13.85,0.034722222
93.110056,116.2736,0.0,0,0.0,0.28714240136126773,81,100.0,200,0,100,8.94,6.99,1010.9,100,7.2,0.0,5.5633333333333335,0.0,5.5,9.8437382
83.43074,102.64564,0.0,0,0.0,0.2944933295486801,83,100.0,200,0,100,8.69,6.88,1010.8,100,8.64,0.0,5.75,0.0,5.82,158.78472
72.910278,88.957435,43.61,0,418.2199,0.27940864398387216,79,100.0,200,0,100,9.59,6.12,1010.5,100,7.56,0.0,5.54,0.0,5.41,514.64722
61.821958,75.345752,116.59,0,1280.1582,0.25340513145391197,72,100.0,200,0,100,10.98,5.0,1010.5,100,10.08,0.0,4.466666666666667,0.0,4.51,929.60186
50.495302,62.055179,146.85,0,1807.7235,0.22419953758845373,64,100.0,280,80,100,12.31,6.92,1010.2,100,10.8,0.0,6.43,0.0,6.21,970.91713
39.261426,49.442164,188.68,1,2569.8215999999998,0.1883042159221676,54,100.0,206,6,100,13.62,15.63,1010.3,100,15.48,0.0,14.38,0.0,14.15,1431.1078
28.718454,38.259612,388.04,1,5979.696400000001,0.16634322151372333,48,100.0,100,0,100,15.41,17.58,1009.7,0,17.28,0.0,16.94666666666667,0.0,16.45,1792.7756
20.435975,30.193473,354.22,1,5327.468800000001,0.1596169193934557,46,100.0,110,10,100,15.04,19.25,1009.4,0,23.76,0.0,18.14333333333333,0.0,17.41,1662.2218
18.000046,28.003867,756.5,1,11650.1,0.14902096690348296,43,100.0,200,100,100,15.4,5.12,1010.5,0,11.88,0.0,4.77,0.0,4.61,2332.6629
23.232297,32.83013,376.47,1,5688.4617,0.1595781586068133,46,100.0,200,100,100,15.11,9.0,1010.5,0,18.0,0.0,9.25,0.0,9.0,1634.5937
32.707941,42.410292,369.35,1,5414.671,0.18067475070358918,52,72.0,134,72,62,14.66,9.36,1011.0,0,12.96,0.0,9.943333333333333,0.0,9.03,667.76662
43.628097,54.288896,283.91,1,4133.729600000001,0.17726182614438152,51,35.0,70,35,35,14.56,7.64,1011.0,0,12.6,0.0,7.706666666666666,0.0,6.92,759.57736
54.944502,67.226731,268.78,0,3918.8124,0.17029854377367673,49,10.0,29,10,10,14.58,8.71,1011.2,9,12.96,0.0,8.653333333333334,0.0,7.99,760.14012
66.208866,80.673166,363.12,0,5617.4664,0.15244958769316055,44,8.0,29,0,8,15.47,9.37,1011.1,21,11.16,0.0,8.886666666666665,0.0,8.65,150.32073
75.620055,92.402675,383.59,0,5803.7167,0.1456916886360483,42,31.0,60,10,31,15.13,9.75,1010.9,19,10.8,0.0,9.263333333333334,0.0,9.03,8.670155
93.10191,116.31451,0.0,0,0.0,0.2815295249634725,79,100.0,200,100,100,7.46,3.24,1013.2,0,2.16,0.0,1.9966666666666668,0.0,1.61,41.259901
83.430397,102.69329,0.0,0,0.0,0.29601626306216344,83,100.0,200,100,100,7.24,1.61,1013.6,0,1.44,0.0,2.473333333333333,0.0,3.26,264.80667
72.915326,89.010525,80.99,0,715.9516,0.2836980034753006,80,82.0,161,82,79,8.84,5.94,1012.6,0,3.24,0.0,5.4433333333333325,0.0,5.24,551.04878
61.830391,75.403923,261.66,0,2778.8292,0.25372660957817955,72,100.0,151,100,51,10.62,5.59,1012.4,0,5.4,0.0,5.276666666666666,0.0,5.15,1029.4689
50.504709,62.118379,307.94,0,3695.2799999999997,0.2244432754690514,64,62.0,115,53,62,12.0,6.48,1012.4,0,8.28,0.0,6.246666666666666,0.0,6.13,1501.1711
39.268236,49.5103,223.39,1,2658.341,0.2104893878266971,60,80.0,90,10,80,11.9,4.8,1012.6,0,9.0,0.3,4.75,0.3,4.9,2350.7147
28.715916,38.331212,223.39,1,2812.4800999999998,0.1994820466158046,57,100.0,166,100,66,12.59,5.19,1011.9,0,7.92,0.0,4.963333333333334,0.0,5.12,1356.4026
20.410681,30.261194,292.81,1,3774.3209,0.19927282897496856,57,100.0,200,100,100,12.89,7.41,1011.7,0,7.92,0.4,7.010000000000001,0.4,7.24,1789.4652
17.942898,28.050608,328.41,1,4732.3881,0.1599666156628182,46,81.0,91,81,10,14.41,0.36,1012.4,0,5.4,0.0,0.5566666666666668,0.0,0.51,2235.4253
23.161767,32.8461,306.16,1,4451.5664,0.1564183669922486,45,33.0,43,33,10,14.54,0.51,1012.3,0,6.48,0.0,1.0366666666666668,0.0,0.8,1679.1956
32.637182,42.402518,277.68,1,4040.244,0.15641293013555788,45,15.0,25,15,10,14.55,2.74,1012.5,0,8.64,0.1,3.063333333333334,0.1,2.74,611.0575
43.558409,54.266044,238.52,1,3448.9992,0.15993880602204377,46,35.0,55,20,35,14.46,3.96,1012.5,0,10.8,0.0,4.273333333333333,0.0,3.96,808.81833
54.875206,67.1939,207.37,0,2969.5384,0.16349532125091315,47,35.0,57,22,35,14.32,2.97,1012.5,0,9.72,0.3,3.3266666666666667,0.3,2.62,265.69049
66.139434,80.633064,164.65,0,2346.2625000000003,0.16353514265831595,47,100.0,182,100,82,14.25,5.45,1012.6,0,11.88,0.0,5.793333333333333,0.0,5.45,56.071944
75.550028,92.357021,125.49,0,1729.2522,0.18471404175234382,53,100.0,219,100,100,13.78,11.9,1012.9,19,19.08,0.0,11.533333333333333,0.0,11.54,2.4302326
83.43491,102.74149,0.0,0,0.0,0.3346029259957997,94,100.0,300,100,100,7.78,15.84,1014.5,100,13.32,0.0,13.083333333333334,0.0,11.88,56.821389
72.924986,89.063537,8.9,0,70.66600000000001,0.3344124657582981,94,100.0,300,100,100,7.94,13.36,1014.6,100,13.32,0.1,10.943333333333333,0.1,9.75,534.9525
61.843233,75.461279,24.03,0,194.643,0.3342222222222222,94,100.0,300,100,100,8.1,10.14,1015.2,100,11.52,0.4,8.790000000000001,0.4,7.95,730.60389
50.518486,62.179896,83.66,0,715.293,0.3230386936457224,91,100.0,300,100,100,8.55,7.92,1015.9,100,10.8,1.0,7.683333333333334,1.0,7.56,821.05625
39.279639,49.575635,138.84,1,1238.4528,0.3119792959194526,88,100.0,293,100,100,8.92,6.29,1016.3,93,7.2,1.1,6.23,1.1,5.96,1524.0574
28.718631,38.398518,161.98,1,1535.5704,0.30428475391855075,86,100.0,151,100,48,9.48,7.15,1016.3,3,5.76,1.4,7.146666666666667,1.4,6.64,2097.6838
20.391757,30.322909,272.34,1,2772.4211999999998,0.2929446228779162,83,100.0,134,100,2,10.18,6.7,1016.5,32,9.36,1.2,6.7,1.2,6.41,1418.907
17.892309,28.090586,354.22,1,4162.085,0.25974025974025977,74,100.0,147,100,38,11.75,18.21,1017.0,9,16.92,0.0,17.19,0.0,16.62,1601.0428
23.09637,32.856235,511.75,1,6570.87,0.23427392566173647,67,86.0,119,16,86,12.84,17.46,1017.3,17,15.48,0.0,16.706666666666667,0.0,16.33,954.76889
32.570432,42.390325,453.9,1,6086.799,0.2198492462311558,63,60.0,96,60,31,13.41,13.45,1017.7,5,13.68,0.0,12.726666666666667,0.0,12.66,1545.546
43.492252,54.239953,337.31,1,4644.7587,0.2091175240485153,60,100.0,100,100,0,13.77,9.34,1017.1,0,11.16,0.0,8.966666666666667,0.0,8.85,959.0725
54.809353,67.158754,277.68,0,3837.5376,0.20211171899501693,58,61.0,73,61,10,13.82,6.37,1017.5,2,9.0,0.0,6.12,0.0,5.86,496.36222
66.073594,80.591416,226.95,0,3177.2999999999997,0.19502002437750307,56,100.0,110,100,10,14.0,5.15,1018.1,0,7.92,0.0,4.78,0.0,4.68,92.467811
75.750027,92.653215,159.31,0,2204.8504,0.1951287501306666,56,100.0,124,100,13,13.84,10.19,1017.8,11,10.8,0.0,9.593333333333334,0.0,9.39,0.74384058
92.857755,116.04729,0.0,0,0.0,0.3337831119948867,94,100.0,100,100,0,8.47,8.89,1022.6,0,10.8,0.0,8.013333333333334,0.0,7.42,18.737135
83.444202,102.79014,0.0,0,0.0,0.3375737332101486,95,100.0,100,100,0,8.27,10.25,1023.0,0,15.48,0.0,9.08,0.0,8.43,193.9975
72.939182,89.116371,59.63,0,520.5699000000001,0.3263800198666099,92,100.0,100,100,0,8.73,9.06,1022.9,0,18.72,0.0,8.273333333333333,0.0,7.64,590.78667
61.860398,75.51772,202.92,0,2051.5211999999997,0.30360799265692295,86,100.0,100,100,0,10.11,10.44,1022.9,0,16.92,0.0,10.083333333333334,0.0,9.72,1251.3381
50.536541,62.239627,433.43,0,5222.8315,0.25245441795231416,72,5.0,5,5,0,12.05,15.38,1023.3,0,22.68,0.0,14.556666666666667,0.0,13.8,1873.5522
39.295543,49.638076,607.87,1,8285.268100000001,0.2022456238231397,58,0.0,0,0,0,13.63,21.58,1023.4,0,24.12,0.0,20.5,0.0,19.8,2327.4075
28.726518,38.461462,747.6,1,11191.572,0.1874219075385256,54,0.6,2,0,0,14.97,25.45,1022.8,2,25.56,0.0,24.05666666666667,0.0,23.36,2595.5184
20.379177,30.3786,843.72,1,13685.1384,0.16587759615716902,48,0.0,0,0,0,16.22,23.36,1022.3,0,23.04,0.0,22.456666666666667,0.0,21.75,2704.4225
17.848355,28.123834,903.35,1,16323.534500000002,0.1373532037634778,40,3.3,13,0,2,18.07,21.66,1022.3,11,20.88,0.0,20.776666666666667,0.0,20.06,2627.8401
23.036206,32.86059,917.59,1,17406.6823,0.13350677803642338,39,2.4,8,0,0,18.97,19.26,1022.1,8,18.36,0.0,18.570000000000004,0.0,17.78,2281.8972
32.507782,42.373779,885.55,1,17409.913,0.1263618045831768,37,0.6,2,0,0,19.66,17.87,1021.9,2,16.56,0.0,17.30666666666667,0.0,16.74,1847.6144
43.429715,54.2107,819.69,1,16361.012400000001,0.12964416089522707,38,12.6,44,0,2,19.96,19.01,1020.9,42,17.28,0.0,18.326666666666668,0.0,17.87,864.11111
54.747033,67.12138,697.76,0,13948.222399999999,0.1296308930886266,38,0.0,0,0,0,19.99,19.93,1020.8,0,17.64,0.0,19.05333333333333,0.0,18.33,504.3389
66.011434,80.548316,550.91,0,10880.4725,0.13656538067599863,40,0.0,0,0,0,19.75,21.27,1021.0,0,18.36,0.0,20.153333333333332,0.0,19.67,53.168611
75.865872,92.835395,368.46,0,7052.3243999999995,0.14711416743645012,43,10.0,10,10,0,19.14,22.07,1021.0,0,18.36,0.0,20.56,0.0,19.97,0.35243056
93.110459,116.44578,0.0,0,0.0,0.3153121235740098,89,78.0,78,0,78,9.11,11.93,1024.1,0,10.44,0.0,9.433333333333332,0.0,9.03,26.765556
83.458184,102.83914,0.0,0,0.0,0.337885901266183,95,54.0,54,54,0,8.01,10.8,1024.6,0,10.8,0.0,8.153333333333334,0.0,7.17,82.595654
72.957826,89.168929,85.44,0,806.5536,0.3220213029477335,91,100.0,100,100,0,9.44,7.59,1024.7,0,15.48,0.0,6.626666666666666,0.0,6.13,505.58528
61.881798,75.573145,263.44,0,3074.3448,0.2773681623481497,79,0.0,0,0,0,11.67,10.14,1024.5,0,18.36,0.0,9.743333333333332,0.0,9.37,1239.2325
50.558787,62.29748,445.0,0,6185.5,0.19508796376937818,56,0.0,0,0,0,13.9,16.66,1024.3,0,24.12,0.0,15.909999999999998,0.0,15.19,1865.8973
39.315867,49.69755,609.65,1,9388.61,0.1455553630220066,42,0.0,0,0,0,15.4,21.03,1024.3,0,25.2,0.0,20.17,0.0,19.56,2317.9758
28.73952,38.520013,749.38,1,12484.6708,0.1311203892205238,38,0.0,0,0,0,16.66,24.22,1023.3,0,28.44,0.0,23.066666666666666,0.0,22.31,2561.3303
20.372982,30.428323,855.29,1,14967.574999999999,0.13074144159642181,38,0.0,0,0,0,17.5,23.6,1022.7,0,25.2,0.0,22.643333333333334,0.0,22.0,2656.2
17.811201,28.150468,927.38,1,18018.9934,0.1127896643653018,33,0.0,0,0,0,19.43,19.21,1022.6,0,20.52,0.0,18.573333333333334,0.0,18.08,2571.5686
22.981415,32.859264,941.62,1,19312.626200000002,0.10896955663011647,32,0.0,0,0,0,20.51,18.46,1022.1,0,19.44,0.0,18.033333333333335,0.0,17.65,2331.0637
32.449338,42.352968,907.8,1,19390.608,0.10865505415775356,32,0.0,0,0,0,21.36,19.16,1021.6,0,20.88,0.0,18.366666666666664,0.0,17.88,1704.4822
43.370891,54.178374,826.81,1,18115.4071,0.10845251813190537,32,0.0,0,0,0,21.91,21.58,1021.0,0,20.52,0.0,20.663333333333334,0.0,20.29,1386.8115
54.688332,67.081873,707.55,0,15587.3265,0.11518395555254422,34,0.0,0,0,0,22.03,23.66,1020.4,0,20.16,0.0,22.400000000000002,0.0,21.87,540.39417
65.953036,80.503864,555.36,0,12029.097600000001,0.12211254706421085,36,0.0,0,0,0,21.66,25.92,1020.5,0,24.48,0.0,24.169999999999998,0.0,23.4,34.777853
75.807743,92.787124,382.7,0,7929.543999999999,0.1463232041378841,43,0.0,0,0,0,20.72,26.5,1020.5,0,23.76,0.0,24.22,0.0,23.48,0.81527778
93.124153,116.49212,0.0,0,0.0,0.3268670503801606,92,0.0,0,0,0,8.31,2.16,1024.0,0,2.52,0.0,2.6133333333333333,0.0,2.6,5.7616667
83.476808,102.8884,0.0,0,0.0,0.34930139720558884,98,0.0,0,0,0,7.41,2.1,1023.8,0,2.16,0.0,1.16,0.0,0.36,95.71669
72.98085,89.221107,89.89,0,869.2363,0.3005445159465384,85,0.0,0,0,0,9.67,9.79,1023.9,0,6.84,0.0,4.876666666666666,0.0,2.1,506.08222
61.907352,75.62745,263.44,0,3743.4824000000003,0.22619710467706017,65,0.0,0,0,0,14.21,7.9,1023.3,0,10.44,0.0,6.133333333333333,0.0,5.45,1210.7211
50.585133,62.353348,442.33,0,8125.6021,0.1886663007683864,55,0.0,0,0,0,18.37,14.48,1022.3,0,15.12,0.0,13.016666666666666,0.0,12.68,1802.6984
39.340508,49.753945,608.76,1,11998.6596,0.1707300416581302,50,0.0,0,0,0,19.71,14.19,1022.5,0,14.76,0.0,13.303333333333333,0.0,13.18,2223.5293
28.757521,38.574058,749.38,1,15894.3498,0.1494768310911809,44,0.0,0,0,0,21.21,12.23,1022.0,0,14.4,0.0,11.553333333333333,0.0,11.48,2245.2123
20.373039,30.471957,856.18,1,19392.477,0.13522650439486142,40,0.0,0,0,0,22.65,9.09,1021.1,0,15.12,0.0,8.683333333333334,0.0,8.59,2617.5703
17.780767,28.170387,920.26,1,21055.5488,0.12498733236496302,37,0.0,0,0,0,22.88,14.39,1020.8,0,12.24,0.0,14.160000000000002,0.0,13.89,2278.6321
22.932021,32.852226,934.5,1,22231.755,0.11450124604297164,34,0.0,0,0,0,23.79,15.19,1020.7,0,12.96,0.0,14.959999999999999,0.0,14.69,2299.9379
32.395169,42.32792,900.68,1,21967.585199999998,0.10418767224574849,31,0.0,0,0,0,24.39,14.78,1020.6,0,17.28,0.0,14.583333333333334,0.0,14.28,1901.3432
43.315863,54.143037,821.47,1,20224.5914,0.10074890015783995,30,0.0,0,0,0,24.62,14.69,1019.7,0,19.08,0.0,14.353333333333333,0.0,13.98,1328.8738
54.633339,67.040311,703.99,0,17367.4333,0.09737425290443892,29,0.0,0,0,0,24.67,15.82,1019.4,0,19.8,0.0,15.433333333333332,0.0,15.07,528.37159
65.89849,80.458149,553.58,0,13468.6014,0.10084711577248892,30,0.0,0,0,0,24.33,16.3,1019.3,0,19.8,0.0,15.643333333333333,0.0,15.28,34.655278
75.754066,92.738704,382.7,0,9016.411999999998,0.10447912102726568,31,0.0,0,0,0,23.56,16.81,1018.8,0,14.76,0.0,16.06,0.0,15.79,0.44861111
93.143341,116.53974,0.0,0,0.0,0.3375408740902219,96,0.0,0,0,0,11.26,9.51,1021.9,0,6.84,0.0,6.956666666666667,0.0,5.5,7.4708333
83.499984,102.93781,0.0,0,0.0,0.34900937742367627,99,0.0,0,0,0,10.51,6.79,1022.2,0,4.32,0.0,4.76,0.0,3.6,101.25833
73.008168,89.27281,87.22,0,1015.2408,0.32304505073914114,92,19.0,19,19,0,11.64,4.51,1022.0,0,3.24,0.0,2.6133333333333333,0.0,1.53,501.27389
61.936976,75.680541,264.33,0,4041.6056999999996,0.24615171266121205,71,0.0,0,0,0,15.29,4.2,1022.0,0,11.88,0.0,4.093333333333334,0.0,3.88,1190.4209
50.615493,62.407142,445.0,0,8254.75,0.1576962632841961,46,0.0,0,0,0,18.55,8.21,1021.7,0,8.28,0.0,8.006666666666666,0.0,7.86,1807.7131
39.369385,49.807193,614.1,1,12527.64,0.13285641287685235,39,0.0,0,0,0,20.4,13.24,1021.1,0,12.6,0.0,12.843333333333334,0.0,12.77,2238.796
28.780464,38.623571,754.72,1,16332.140800000001,0.13568981308728248,40,0.0,0,0,0,21.64,13.91,1019.8,0,13.68,0.0,13.709999999999999,0.0,13.44,2493.9403
20.379378,30.509555,861.52,1,20004.4944,0.1214697843911327,36,0.0,0,0,0,23.22,14.71,1019.7,0,14.04,0.0,14.51,0.0,14.24,2574.693
17.757203,28.1837,927.38,1,23536.9044,0.0870934244464543,26,0.0,0,0,0,25.38,15.94,1018.9,0,14.4,0.0,15.603333333333333,0.0,15.14,2508.1414
22.888158,32.839576,945.18,1,24848.782199999998,0.0734704782260219,22,0.0,0,0,0,26.29,17.45,1018.2,0,15.12,0.0,16.98333333333333,0.0,16.65,2281.0477
32.345378,42.298723,911.36,1,24360.6528,0.07669734560490864,23,0.0,0,0,0,26.73,18.85,1018.1,0,15.12,0.0,18.200000000000003,0.0,17.56,1885.4205
43.264723,54.104778,828.59,1,22181.3543,0.08335556148306215,25,0.0,0,0,0,26.77,20.01,1017.3,0,14.76,0.0,19.353333333333335,0.0,18.71,1337.6086
54.582139,66.996787,709.33,0,18804.338300000003,0.09343923112861244,28,0.0,0,0,0,26.51,21.67,1017.1,0,15.12,0.0,20.849999999999998,0.0,20.38,530.42806
65.847876,80.411268,557.14,0,14390.926199999998,0.10368586527526927,31,0.0,0,0,0,25.83,24.16,1017.4,0,16.56,0.0,22.7,0.0,22.07,21.213784
75.793127,92.804043,385.37,0,9449.2724,0.11757987032620017,35,0.0,0,0,0,24.52,25.49,1017.1,0,18.36,0.0,23.71666666666667,0.0,22.98,0.06462585
93.167823,116.58846,0.0,0,0.0,0.24979769904654683,71,0.0,0,0,0,11.08,3.32,1020.8,0,3.96,0.0,3.9933333333333336,0.0,4.33,1.475
83.527606,102.98727,0.0,0,0.0,0.2434205884428138,69,0.0,0,0,0,10.31,2.55,1021.0,0,2.52,0.0,4.693333333333334,0.0,5.94,78.268686
73.039696,89.323944,91.67,0,1083.5394000000001,0.20353019616099943,58,0.0,0,0,0,11.82,4.35,1020.7,0,3.6,0.0,4.836666666666667,0.0,4.68,490.31112
61.970581,75.732327,270.56,0,4212.6192,0.15932391244111943,46,0.0,0,0,0,15.57,3.1,1020.1,0,2.52,0.0,2.4366666666666665,0.0,1.8,1193.0489
50.649781,62.458782,452.12,0,8784.6916,0.11620753298243217,34,0.0,0,0,0,19.43,1.53,1019.4,0,1.8,0.0,1.62,0.0,1.8,1790.2574
39.402419,49.857231,619.44,1,13974.5664,0.09130567109668257,27,0.0,0,0,0,22.56,5.86,1019.4,0,4.32,0.0,6.06,0.0,6.13,2236.8761
28.808291,38.668532,759.17,1,18485.7895,0.08403361344537816,25,0.0,0,0,0,24.35,11.12,1018.2,0,7.56,0.0,11.009999999999998,0.0,11.12,2454.84
20.392033,30.541179,865.08,1,21981.682800000002,0.08038585209003216,24,0.0,0,0,0,25.41,12.77,1017.6,0,10.08,0.0,12.726666666666667,0.0,12.43,2543.7755
17.740688,28.190543,926.49,1,25450.6803,0.06652917304237908,20,0.0,0,0,0,27.47,10.46,1017.8,0,7.56,0.0,10.360000000000001,0.0,10.31,2479.1953
22.849987,32.821441,938.95,1,26149.757500000003,0.07308970099667775,22,0.0,0,0,0,27.85,13.57,1017.6,0,10.44,0.0,13.376666666666667,0.0,13.24,2274.6464
32.300077,42.265481,906.02,1,25567.8844,0.06304542588844278,19,0.0,0,0,0,28.22,12.86,1017.1,0,9.0,0.0,12.713333333333333,0.0,12.18,1899.8996
43.217564,54.063693,829.48,1,23540.6424,0.05637913308791829,17,0.0,0,0,0,28.38,12.98,1016.5,0,9.0,0.0,12.943333333333333,0.0,12.64,1357.5956
54.534817,66.951397,712.89,0,20110.6269,0.056410937085213705,17,0.0,0,0,0,28.21,12.43,1016.5,0,9.0,0.0,12.276666666666666,0.0,12.1,537.78847
65.801269,80.363315,560.7,0,15581.853000000001,0.05981258722668971,18,0.0,0,0,0,27.79,13.04,1016.4,0,11.16,0.0,12.723333333333334,0.0,12.41,27.011507
75.747813,92.754507,388.04,0,10469.3192,0.06330590077633026,19,0.0,0,0,0,26.98,13.98,1016.2,0,12.6,0.0,13.416666666666666,0.0,13.18,0.17312925
93.197579,116.63816,0.0,0,0.0,0.27183383285704327,78,0.0,0,0,0,13.79,35.03,1019.2,0,23.76,0.0,24.543333333333333,0.0,21.29,2.8397222
83.559716,103.03672,0.0,0,0.0,0.2897235409103603,83,0.0,0,0,0,13.33,36.4,1019.5,0,22.68,0.0,25.456666666666667,0.0,21.61,79.356573
73.075395,89.37441,86.33,0,1402.8625,0.2453351762266759,71,0.0,0,0,0,16.25,30.32,1018.9,0,17.64,0.0,23.21666666666667,0.0,20.96,473.95278
62.008105,75.782696,258.1,0,5260.078,0.18737437399925053,55,0.0,0,0,0,20.38,23.47,1018.4,0,11.52,0.0,20.69,0.0,20.21,1156.554
50.68791,62.508137,435.21,0,10353.6459,0.14144271570014144,42,0.0,0,0,0,23.79,18.03,1018.0,0,9.72,0.0,16.83666666666667,0.0,16.6,1738.5661
39.439486,49.903894,600.75,1,15835.77,0.10684117391739842,32,0.0,0,0,0,26.36,10.85,1017.6,0,6.84,0.0,10.603333333333333,0.0,10.46,2143.4948
28.840794,38.708692,736.03,1,20881.1711,0.07959671000265323,24,0.0,0,0,0,28.37,5.15,1016.5,0,6.12,0.0,4.946666666666666,0.0,4.45,2406.6298
20.410575,30.56642,566.04,1,15775.5348,0.07640688326357054,23,10.0,10,0,10,27.87,7.99,1016.0,0,9.72,0.0,7.753333333333334,0.0,7.28,2503.2069
17.730682,28.190432,895.34,1,26582.644600000003,0.06934354774798573,21,0.0,0,0,0,29.69,13.08,1016.0,0,14.04,0.0,12.656666666666666,0.0,12.32,2432.4719
22.8173,32.797532,912.25,1,27431.357500000002,0.06925664534001716,21,0.0,0,0,0,30.07,14.4,1015.9,0,15.48,0.0,13.840000000000002,0.0,13.32,2222.081
32.259259,42.228102,872.2,1,26366.606000000003,0.0692201199815413,21,61.0,61,0,61,30.23,14.11,1015.6,0,15.48,0.0,13.623333333333333,0.0,13.08,1847.0531
43.174443,54.019785,525.99,1,15074.8734,0.07620688512640403,23,24.0,24,0,24,28.66,13.63,1015.3,0,15.48,0.0,13.08,0.0,12.57,1267.4817
54.491456,66.904191,274.12,0,7749.3724,0.07630548735983014,23,10.0,10,0,10,28.27,13.28,1015.2,0,15.48,0.0,12.49,0.0,11.87,476.99972
65.758772,80.314365,409.4,0,11901.258,0.07279465290185957,22,10.0,10,0,10,29.07,13.04,1015.1,0,15.84,0.0,12.54,0.0,11.97,78.236422
75.530274,92.477103,357.78,0,10128.751799999998,0.0762953625688317,23,10.0,10,0,10,28.31,12.96,1014.7,0,16.2,0.0,12.256666666666666,0.0,11.52,3.6962796
93.231778,116.68786,0.0,0,0.0,0.14137443536429778,41,0.0,0,0,0,16.86,12.31,1016.1,0,11.52,0.0,12.326666666666666,0.0,14.08,24.208084
83.596134,103.08604,0.0,0,0.0,0.14494754279403646,42,11.0,11,0,11,16.61,12.57,1016.0,0,12.6,0.0,12.006666666666666,0.0,13.25,145.35968
73.115155,89.424123,64.08,0,1205.9856,0.1438503955885879,42,10.0,20,10,10,18.82,15.04,1015.4,0,11.52,0.0,11.946666666666667,0.0,10.64,414.85901
62.049453,75.831579,251.87,0,5702.3368,0.11832719158862708,35,0.0,0,0,0,22.64,11.53,1015.5,0,9.0,0.0,10.38,0.0,9.78,1142.9245
50.729802,62.555166,425.42,0,10801.4138,0.09713941180411337,29,0.0,0,0,0,25.39,5.4,1015.2,0,8.28,0.0,5.706666666666666,0.0,5.35,1703.5983
39.480539,49.947194,564.26,1,15167.308799999999,0.08665800086658001,26,10.0,20,10,10,26.88,10.3,1014.9,0,14.04,0.0,9.696666666666667,0.0,9.5,2102.4094
28.878015,38.744184,687.97,1,18843.498300000003,0.0798562587342783,24,10.0,20,10,10,27.39,14.19,1014.2,0,16.92,0.0,13.656666666666666,0.0,13.39,1815.7364
20.435312,30.585629,787.65,1,21833.658,0.07976867085452188,24,10.0,20,10,10,27.72,14.4,1014.0,0,16.92,0.0,13.799999999999999,0.0,13.68,2409.3325
17.727761,28.183858,855.29,1,23682.9801,0.08310065150910784,25,10.0,20,10,10,27.69,24.19,1014.8,0,24.84,0.0,22.99,0.0,22.39,2473.5117
22.790449,32.768206,866.86,1,24046.6964,0.08308684236764266,25,10.0,20,10,10,27.74,25.71,1014.5,0,25.2,0.0,24.439999999999998,0.0,23.68,1636.7017
32.223094,42.186797,841.05,1,23322.3165,0.0864131879819197,26,10.0,20,10,10,27.73,24.97,1014.1,0,23.4,0.0,23.776666666666667,0.0,23.18,499.08361
43.135468,53.973201,769.85,1,21301.7495,0.08310617645103384,25,10.0,20,10,10,27.67,19.73,1013.4,0,20.16,0.0,18.873333333333335,0.0,18.67,543.83339
54.452132,66.855284,659.49,0,18234.8985,0.07646276595744682,23,10.0,20,10,10,27.65,9.47,1013.2,0,15.12,0.0,9.476666666666667,0.0,9.18,303.14472
65.720436,80.264519,519.76,0,14225.8312,0.07986157327299348,24,10.0,20,10,10,27.37,12.24,1012.8,0,14.76,0.0,11.953333333333333,0.0,11.44,70.504567
75.049743,91.85647,272.34,0,7075.3931999999995,0.09360478721626049,28,10.0,20,10,10,25.98,23.42,1012.8,0,21.6,0.0,21.560000000000002,0.0,21.14,6.4853511
93.272489,116.74016,0.0,0,0.0,0.272108843537415,78,0.0,0,0,0,13.5,20.8,1014.4,0,10.44,0.0,12.82,0.0,9.73,11.735
83.636856,103.13515,0.0,0,0.0,0.2832762117926838,81,0.0,0,0,0,12.79,18.33,1014.9,0,10.08,0.0,11.29,0.0,8.12,115.51528
73.158923,89.472993,84.55,0,1234.4299999999998,0.2571676802780191,74,0.0,0,0,0,14.6,13.91,1014.3,0,5.04,0.0,7.293333333333334,0.0,3.76,480.73468
62.094557,75.878883,254.54,0,4907.5312,0.20175768559997267,59,0.0,0,0,0,19.28,10.2,1013.4,0,8.28,0.0,9.26,0.0,8.91,1143.1883
50.775375,62.599766,429.87,0,9302.3868,0.17300451168628517,51,0.0,0,0,0,21.64,14.4,1013.5,0,10.08,0.0,13.756666666666666,0.0,13.48,1742.7967
39.525476,49.987014,559.81,1,12786.060399999998,0.1554106557653975,46,10.0,20,10,10,22.84,15.78,1013.9,0,12.24,0.0,15.046666666666667,0.0,14.58,2166.2443
28.919806,38.774852,686.19,1,16248.979200000002,0.13812620018192232,41,10.0,20,10,10,23.68,14.02,1013.0,0,10.8,0.0,13.753333333333332,0.0,13.04,2520.7127
20.465981,30.598572,785.87,1,19222.3802,0.12432377944289508,37,10.0,20,10,10,24.46,11.73,1012.9,0,10.8,0.0,11.729999999999999,0.0,11.28,2347.5055
17.731616,28.170552,849.95,1,20908.770000000004,0.12090680100755667,36,10.0,20,10,10,24.6,9.96,1013.9,0,9.0,0.0,9.9,0.0,9.26,2205.045
22.769338,32.733317,740.48,1,17504.947200000002,0.12803665891707944,38,10.0,20,10,10,23.64,15.14,1013.7,0,11.88,0.0,14.916666666666666,0.0,14.35,1672.681
32.191611,42.141541,548.24,1,12625.967200000001,0.13842933351340403,41,12.0,22,12,10,23.03,21.49,1013.7,0,14.4,0.6,20.656666666666666,0.6,20.36,1386.7619
43.100703,53.923976,301.71,1,6595.3805999999995,0.16270634893732416,48,45.0,55,45,10,21.86,20.53,1014.5,0,16.2,0.2,19.573333333333334,0.2,18.75,499.56653
53.591479,65.841006,417.41,0,9466.8588,0.15211439002129604,45,29.0,97,10,29,22.68,17.58,1014.5,58,18.0,0.0,17.069999999999997,0.0,16.52,0.001666667
93.317458,116.79221,0.0,0,0.0,0.297244369841936,85,32.0,32,0,32,12.81,2.28,1017.0,0,1.44,0.0,4.866666666666667,0.0,6.29,7.7580556
83.68181,103.18397,0.0,0,0.0,0.3083499772241494,88,0.0,0,0,0,12.24,0.8,1017.2,0,3.96,0.0,4.413333333333333,0.0,6.15,109.69019
73.206627,89.520936,83.66,0,1164.5472,0.27867767443480684,80,0.0,0,0,0,13.92,2.81,1017.3,0,3.6,0.0,3.9,0.0,4.2,499.90583
62.143342,75.924523,252.76,0,4365.1651999999995,0.2307003649886372,67,0.0,0,0,0,17.27,1.8,1017.0,0,6.12,0.0,1.7833333333333334,0.0,1.61,1155.9578
50.824549,62.641861,428.09,0,8416.249399999999,0.17758956319797822,52,0.0,0,0,0,19.66,6.3,1016.8,0,5.4,0.0,6.296666666666667,0.0,6.3,1733.7934
39.574216,50.023286,592.74,1,12666.8538,0.1527909819367106,45,0.0,0,0,0,21.37,8.4,1016.7,0,8.28,0.0,8.39,0.0,8.4,2227.9239
28.966081,38.800642,731.58,1,16621.4976,0.13857437388042046,41,0.0,0,0,0,22.72,8.7,1016.4,0,8.64,0.0,8.653333333333334,0.0,8.37,1777.6814
20.502504,30.605216,819.69,1,19443.0468,0.12463367804089331,37,10.0,20,10,10,23.72,8.65,1016.0,0,6.84,0.2,8.623333333333335,0.2,8.31,666.79484
17.742244,28.150513,857.96,1,20822.6892,0.12104095218882391,36,10.0,20,10,10,24.27,5.41,1016.5,0,5.76,0.0,5.206666666666667,0.0,5.41,780.44332
22.754032,32.692898,860.63,1,21378.0492,0.11745360582569887,35,10.0,20,10,10,24.84,4.69,1016.8,0,5.4,0.0,4.326666666666667,0.0,4.33,1010.7241
32.164886,42.092394,388.04,1,9173.2656,0.12129788739512788,36,10.0,20,10,10,23.64,2.52,1016.7,0,3.24,0.0,2.4,0.0,2.52,565.46696
43.070224,53.872185,388.04,1,9615.631200000002,0.11412076662303228,34,10.0,20,10,10,24.78,1.44,1016.4,0,3.96,0.0,1.2,0.0,1.44,248.735
54.385907,66.752644,633.68,0,15683.579999999998,0.1141322591473649,34,10.0,20,10,10,24.75,1.02,1016.5,0,3.6,0.0,0.85,0.0,1.02,420.34502
65.656577,80.162459,514.42,0,12577.569,0.114247311827957,34,10.0,20,10,10,24.45,1.84,1016.7,0,4.68,0.0,1.8266666666666669,0.0,1.84,147.31476
75.965296,93.011719,356.89,0,8518.9643,0.11783718268130093,35,10.0,20,10,10,23.87,2.6,1016.6,0,5.76,0.0,2.8366666666666664,0.0,2.81,17.824214
93.367738,116.84514,0.0,0,0.0,0.23313267685027317,67,0.0,0,0,0,14.24,10.01,1020.7,0,9.36,0.0,10.47,0.0,11.81,5.4494444
83.730907,103.23241,0.0,0,0.0,0.23305969110894675,67,0.0,0,0,0,14.33,10.88,1020.7,0,9.0,0.0,10.39,0.0,10.63,92.115
73.25819,89.567868,83.66,0,1365.3312,0.2107299547448786,61,0.0,0,0,0,16.32,13.57,1020.6,0,10.44,0.0,11.363333333333332,0.0,9.69,473.17015
62.195729,75.968424,256.32,0,5057.1936,0.1741327506145862,51,0.0,0,0,0,19.73,14.08,1020.5,0,8.64,0.0,12.983333333333334,0.0,12.25,1143.9564
50.877248,62.681383,434.32,0,9637.560800000001,0.15236676372993838,45,0.0,0,0,0,22.19,12.62,1020.5,0,9.36,0.0,12.026666666666666,0.0,11.89,1731.7066
39.626684,50.055961,599.86,1,14324.656799999999,0.11783321550011784,35,0.0,0,0,0,23.88,9.34,1020.3,0,7.56,0.0,9.283333333333333,0.0,8.85,2138.9911
29.016781,38.821538,739.59,1,18319.6443,0.10741138560687434,32,0.0,0,0,0,24.77,8.67,1020.0,0,7.92,0.0,8.41,0.0,8.16,2472.0
20.544867,30.605594,847.28,1,21732.731999999996,0.10040160642570282,30,0.0,0,0,0,25.65,8.67,1019.7,0,7.92,0.0,8.503333333333332,0.0,8.4,2529.0295
17.759728,28.12382,913.14,1,24116.0274,0.08679396448123915,26,0.0,0,0,0,26.41,9.96,1020.1,0,9.0,0.0,9.713333333333333,0.0,9.45,2471.5366
22.744639,32.647041,929.16,1,25105.903199999997,0.086617583369424,26,0.0,0,0,0,27.02,8.37,1020.0,0,8.28,0.0,8.106666666666667,0.0,8.05,2395.6122
32.143009,42.039446,896.23,1,24664.2496,0.08647354242192438,26,0.0,0,0,0,27.52,7.57,1019.6,0,7.56,0.0,7.57,0.0,7.21,997.88
43.044113,53.817917,809.01,1,22328.676,0.09310058187863675,28,11.0,11,11,0,27.6,9.34,1019.0,0,8.28,0.0,9.61,0.0,9.18,916.91916
54.359153,66.699079,525.1,0,14366.736,0.0998302885095338,30,100.0,100,100,0,27.36,9.83,1019.0,0,7.92,0.0,10.043333333333331,0.0,9.51,564.40605
65.63119,80.110415,467.25,0,12625.095,0.10327481094046709,31,100.0,100,100,0,27.02,10.88,1019.2,0,8.28,0.0,10.783333333333333,0.0,10.09,86.916389
75.76521,92.732417,348.88,0,9245.32,0.10679125646587687,32,100.0,100,100,0,26.5,10.95,1019.1,0,9.0,0.0,10.88,0.0,10.44,8.0578431
93.422698,116.89845,0.0,0,0.0,0.2956933138523621,85,0.0,0,0,0,14.31,11.92,1022.6,0,5.76,0.0,9.183333333333332,0.0,8.53,6.8227778
83.784042,103.28036,0.0,0,0.0,0.2920723226703756,84,0.0,0,0,0,14.45,8.09,1022.7,0,6.12,0.0,7.506666666666667,0.0,7.79,92.746789
73.313528,89.613712,82.77,0,1342.5294,0.2660953105021253,77,0.0,0,0,0,16.22,5.04,1022.7,0,4.68,0.0,5.45,0.0,5.62,464.29056
62.251638,76.010518,252.76,0,5052.6723999999995,0.21491437538377567,63,0.0,0,0,0,19.99,2.9,1022.1,0,3.6,0.0,2.783333333333333,0.0,2.9,1134.6278
50.933398,62.718282,428.98,0,9862.2502,0.17221584385763491,51,0.0,0,0,0,22.99,2.28,1022.1,0,1.44,0.0,2.28,0.0,2.28,1710.0547
39.68282,50.085015,578.5,1,14288.949999999999,0.14772536511666948,44,10.0,10,10,0,24.7,1.61,1022.1,0,4.32,0.0,1.7899999999999998,0.0,1.48,2124.4144
29.071877,38.837571,699.54,1,18320.9526,0.12360526491614887,37,10.0,10,10,0,26.19,4.61,1020.9,0,6.84,0.0,4.800000000000001,0.0,4.39,2363.2763
20.593146,30.599834,804.56,1,21972.5336,0.11315982160686948,34,10.0,10,10,0,27.31,4.84,1020.4,0,7.2,0.0,5.1866666666666665,0.0,4.61,2463.2861
17.784257,28.090654,901.57,1,25721.792100000002,0.07292495359321136,22,5.1,17,0,0,28.53,7.24,1021.2,17,9.0,0.0,7.213333333333334,0.0,6.88,2397.8272
22.741305,32.595891,907.8,1,26580.384,0.07274410607413287,22,7.5,25,0,0,29.28,8.05,1020.9,25,11.88,0.0,8.0,0.0,7.64,2181.5641
32.126083,41.982811,875.76,1,26141.436,0.07260726072607261,22,10.2,34,0,0,29.85,9.57,1020.5,34,13.32,0.0,9.653333333333334,0.0,9.23,1840.8893
43.022449,53.76127,801.0,1,24038.010000000002,0.06927035228922022,21,12.9,43,0,0,30.01,12.9,1019.8,43,14.76,0.0,12.799999999999999,0.0,12.1,1291.1231
54.336729,66.644141,661.27,0,19626.493599999998,0.06604365485585972,20,78.0,178,0,78,29.68,14.88,1019.4,100,14.04,0.0,14.513333333333334,0.0,13.78,539.63972
65.610242,80.05781,480.6,0,14033.52,0.06945592855961635,21,58.0,158,0,58,29.2,16.3,1019.5,100,15.84,0.0,15.796666666666667,0.0,15.27,49.735796
75.659508,92.569384,373.8,0,10623.396,0.07295155353649235,22,3.3,11,0,0,28.42,15.86,1019.1,11,15.12,0.0,15.0,0.0,14.34,1.7166667
93.482612,116.95231,0.0,0,0.0,0.12744996727635977,37,0.3,1,0,0,17.16,8.65,1021.9,1,7.92,0.0,6.726666666666667,0.0,6.29,3.9783333
83.841149,103.32775,0.0,0,0.0,0.13841309387868095,40,0.0,0,0,0,15.84,4.51,1022.1,0,3.6,0.0,5.923333333333333,0.0,7.13,86.066977
73.372571,89.65839,82.77,0,1402.9515,0.13788348845225787,40,0.0,0,0,0,16.95,3.6,1021.7,0,4.68,0.0,6.53,0.0,8.09,461.75433
62.310999,76.050732,254.54,0,5205.343,0.12942779291553136,38,0.0,0,0,0,20.45,7.7,1021.3,0,2.88,0.0,5.593333333333334,0.0,4.69,1130.9986
50.992925,62.752489,432.54,0,10432.864800000001,0.09755441181417566,29,0.0,0,0,0,24.12,4.1,1020.7,0,5.4,0.0,3.83,0.0,3.83,1697.6748
39.742546,50.110389,599.86,1,16106.241000000002,0.08333333333333333,25,0.0,0,0,0,26.85,5.45,1020.4,0,7.2,0.0,4.96,0.0,4.74,2091.4842
29.131285,38.848691,740.48,1,21244.3712,0.0728862973760933,22,0.0,0,0,0,28.69,9.03,1019.6,0,11.16,0.0,8.603333333333333,0.0,8.31,2331.8425
20.647242,30.58789,847.28,1,25155.7432,0.06934354774798573,21,0.0,0,0,0,29.69,9.47,1018.8,0,11.52,0.0,9.263333333333334,0.0,8.71,2427.7577
17.815778,28.05099,914.92,1,27950.806,0.05597629239380968,17,0.0,0,0,0,30.55,6.29,1019.2,0,10.08,0.0,6.366666666666667,0.0,5.86,2375.4483
22.744068,32.539472,930.94,1,29184.969000000005,0.05582922824302135,17,0.0,0,0,0,31.35,6.76,1018.9,0,9.36,0.0,6.88,0.0,6.29,2153.0331
32.114173,41.922546,898.9,1,28647.943,0.059012523768933185,18,0.0,0,0,0,31.87,7.41,1018.2,0,9.72,0.0,7.599999999999999,0.0,7.1,1792.8103
43.005302,53.70232,820.58,1,26307.794800000003,0.05569935454277383,17,0.0,0,0,0,32.06,9.02,1017.6,0,10.8,0.0,9.103333333333333,0.0,8.4,1274.6428
54.318703,66.587906,705.77,0,22591.697699999997,0.055708480796958976,17,0.0,0,0,0,32.01,10.69,1017.3,0,10.8,0.0,10.653333333333334,0.0,9.89,539.59694
65.593796,80.004725,558.03,0,17622.587399999997,0.05250549666918256,16,0.0,0,0,0,31.58,12.1,1017.0,0,11.16,0.0,12.0,0.0,11.3,49.771667
75.645487,92.518646,388.04,0,11920.5888,0.05265409550136572,16,0.0,0,0,0,30.72,13.24,1016.9,0,12.96,0.0,12.65,0.0,11.97,1.7565876
93.547359,117.00657,0.0,0,0.0,0.17843662068492214,52,0.0,0,0,0,18.27,8.4,1020.7,0,7.92,0.0,6.993333333333333,0.0,6.99,3.5116667
83.902213,103.3745,0.0,0,0.0,0.18947876115340892,55,0.0,0,0,0,17.12,4.1,1020.9,0,3.6,0.0,6.05,0.0,7.64,83.476596
73.43527,89.701824,81.88,0,1484.4843999999998,0.18538862949739085,54,0.0,0,0,0,18.13,2.1,1020.6,0,3.6,0.0,6.013333333333333,0.0,7.97,457.98528
62.373747,76.088987,254.54,0,5561.6990000000005,0.16610169491525423,49,0.0,0,0,0,21.85,6.62,1020.2,0,2.52,0.0,5.06,0.0,4.35,1126.8697
51.055756,62.783924,432.54,0,11025.4446,0.12389499062416287,37,0.0,0,0,0,25.49,4.21,1019.9,0,6.84,0.0,3.8800000000000003,0.0,3.88,1692.5527
39.805771,50.131992,598.97,1,17082.6244,0.0961315344581828,29,0.0,0,0,0,28.52,6.88,1019.4,0,11.16,0.0,6.526666666666667,0.0,6.21,2097.4108
29.194867,38.85477,738.7,1,22811.056,0.059204683748314314,18,0.0,0,0,0,30.88,14.46,1018.3,0,13.68,0.0,13.896666666666667,0.0,13.32,2326.3439
20.706892,30.569552,848.17,1,26946.3609,0.05247277974550703,16,0.0,0,0,0,31.77,13.68,1018.0,0,12.6,0.0,13.49,0.0,12.6,2407.8272
17.853986,28.004588,918.48,1,29795.491199999997,0.04581301744167022,14,0.0,0,0,0,32.44,13.68,1018.5,0,13.32,0.0,13.576666666666668,0.0,12.88,2349.2819
22.752837,32.477663,936.28,1,30747.435200000004,0.04575312918722834,14,0.0,0,0,0,32.84,13.18,1018.3,0,12.6,0.0,13.183333333333332,0.0,12.39,2155.3536
32.107302,41.858643,904.24,1,29966.513600000002,0.04897319533775181,15,0.0,0,0,0,33.14,12.29,1018.4,0,12.96,0.0,12.216666666666667,0.0,11.38,1779.1206
42.992728,53.641107,824.14,1,27353.206599999998,0.052229548867271665,16,0.0,0,0,0,33.19,12.1,1017.6,0,11.88,0.0,11.906666666666666,0.0,11.02,1250.1411
54.30514,66.530439,706.66,0,23348.0464,0.05225513570005552,16,0.0,0,0,0,33.04,11.75,1017.4,0,15.12,0.0,11.479999999999999,0.0,10.7,539.84028
65.581923,79.951228,556.25,0,18100.375,0.05561189440282639,17,0.0,0,0,0,32.54,11.21,1017.5,0,14.76,0.0,10.953333333333333,0.0,10.44,67.6075
75.63732,92.469526,385.37,0,12223.9364,0.06232164529143569,19,0.0,0,0,0,31.72,10.46,1017.3,0,13.68,0.0,10.036666666666667,0.0,9.45,3.7543333
93.61709,117.06132,0.0,0,0.0,0.13360739979445016,39,0.0,0,0,0,18.75,5.48,1020.2,0,6.48,0.0,7.793333333333334,0.0,9.69,9.7655556
83.967104,103.42052,0.0,0,0.0,0.14072904510194276,41,0.0,0,0,0,18.19,5.4,1020.1,0,6.84,0.0,8.36,0.0,10.59,107.07253
73.501536,89.743946,80.99,0,1637.6177999999998,0.13293792821351877,39,0.0,0,0,0,20.22,11.38,1019.9,0,9.0,0.0,10.866666666666667,0.0,10.74,464.17194
62.439806,76.12523,251.87,0,6150.665400000001,0.1075377222166213,32,0.0,0,0,0,24.42,16.6,1019.6,0,10.08,0.0,12.736666666666666,0.0,10.44,1097.8144
51.121822,62.812554,428.98,0,12015.729800000001,0.0962943285960951,29,0.0,0,0,0,28.01,19.13,1018.9,0,13.32,0.0,17.439999999999998,0.0,16.95,1661.2383
39.872447,50.149828,595.41,1,18279.087,0.0756952443639954,23,0.0,0,0,0,30.7,17.28,1018.5,0,12.24,0.0,16.320000000000004,0.0,16.2,2074.1499
29.262622,38.855885,735.14,1,23715.6164,0.058937166432009434,18,0.0,0,0,0,32.26,13.1,1017.7,0,14.76,0.0,12.776666666666666,0.0,12.57,2331.5569
20.772231,30.54502,842.83,1,27720.6787,0.05554829434060908,17,0.0,0,0,0,32.89,17.17,1017.3,0,18.72,0.0,16.343333333333334,0.0,16.18,2313.5332
17.899157,27.951721,908.69,1,30668.287500000002,0.048875855327468236,15,0.0,0,0,0,33.75,13.89,1017.3,0,14.76,0.0,13.46,0.0,13.4,2368.7947
22.767802,32.410678,927.38,1,31670.027,0.048812235600390504,15,0.0,0,0,0,34.15,15.08,1016.8,0,14.76,0.0,14.479999999999999,0.0,14.28,2197.6939
32.105582,41.79125,896.23,1,30884.0858,0.04551217450668054,14,0.0,0,0,0,34.46,15.99,1016.1,0,16.92,0.0,15.25,0.0,14.88,1720.9058
42.984803,53.577746,820.58,1,28186.923000000003,0.04552845528455285,14,0.0,0,0,0,34.35,18.39,1015.5,0,16.92,0.0,17.453333333333337,0.0,17.1,1243.945
54.2961,66.471835,705.77,0,24080.872399999997,0.045562534578709284,14,0.0,0,0,0,34.12,18.09,1015.2,0,17.28,0.0,17.236666666666665,0.0,16.81,538.95222
65.574665,79.897406,557.14,0,18719.904,0.045639771801140996,14,0.0,0,0,0,33.6,19.86,1014.8,0,18.36,0.0,18.756666666666664,0.0,18.33,84.366944
75.544532,92.30551,387.15,0,12655.9335,0.04577556892492807,14,0.0,0,0,0,32.69,20.9,1014.4,0,21.6,0.0,19.293333333333333,0.0,18.86,7.144898
93.691271,117.11611,0.0,0,0.0,0.12306430109732336,36,0.0,0,0,0,19.38,25.21,1016.4,0,19.44,0.0,18.863333333333333,0.0,17.34,9.3572411
84.035817,103.46576,0.0,0,0.0,0.12702990352593815,37,0.0,0,0,0,18.12,40.0,1016.9,0,21.24,0.0,27.136666666666667,0.0,22.69,97.753333
73.571323,89.784684,79.21,0,1600.042,0.14999147775694566,44,0.0,0,0,0,20.2,35.28,1016.9,0,25.2,0.0,27.516666666666666,0.0,24.19,450.6825
62.509118,76.159389,250.98,0,5692.2264,0.13521279113004092,40,0.0,0,0,0,22.68,28.98,1016.4,0,21.96,0.0,24.846666666666668,0.0,22.78,1106.1725
51.191057,62.838307,428.09,0,11194.553499999998,0.11025726695623123,33,0.0,0,0,0,26.15,22.68,1015.9,0,21.6,0.0,21.243333333333336,0.0,20.53,1676.4511
39.942487,50.16381,594.52,1,17205.4088,0.08275679433281473,25,0.0,0,0,0,28.94,20.08,1015.9,0,24.84,0.0,19.21333333333333,0.0,18.43,2091.0601
29.334409,38.851904,735.14,1,21796.900999999998,0.07595772787318363,23,0.0,0,0,0,29.65,22.91,1014.9,0,29.52,0.0,21.87,0.0,21.12,2375.0196
20.842968,30.51406,843.72,1,25573.1532,0.07249719897185791,22,0.0,0,0,0,30.31,23.54,1014.4,0,31.32,0.0,22.356666666666666,0.0,21.6,2481.8592
17.950929,27.892112,912.25,1,28918.325,0.05576513039199607,17,0.0,0,0,0,31.7,25.01,1014.8,0,33.12,0.0,23.773333333333337,0.0,23.09,2411.923
22.78884,32.338373,932.72,1,29819.058399999998,0.05571578395385422,17,0.0,0,0,0,31.97,29.17,1014.0,0,36.72,0.0,27.343333333333334,0.0,26.43,2214.1564
32.109021,41.720346,904.24,1,28854.2984,0.05572674228020717,17,0.0,0,0,0,31.91,29.48,1013.5,0,38.88,0.0,27.810000000000002,0.0,27.06,1823.8874
42.981575,53.512273,824.14,1,26323.031600000002,0.05899898390638828,18,0.0,0,0,0,31.94,28.99,1013.2,0,38.88,0.0,27.16333333333333,0.0,26.25,1274.9303
54.291639,66.412152,703.99,0,22457.281,0.05900672020980168,18,0.0,0,0,0,31.9,35.25,1012.3,0,39.24,0.0,32.22,0.0,31.06,538.9205
65.572084,79.843321,555.36,0,17427.1968,0.062391225823399996,19,0.0,0,0,0,31.38,33.18,1012.1,0,36.36,0.0,30.233333333333334,0.0,28.85,46.184167
75.546076,92.257138,385.37,0,11695.979500000001,0.07248764415156507,22,0.0,0,0,0,30.35,31.76,1011.3,0,35.64,0.0,28.540000000000003,0.0,27.29,1.3292517
93.770318,117.17124,0.0,0,0.0,0.2002900752814421,58,0.0,0,0,0,16.43,21.75,1015.4,0,23.76,0.0,16.13,0.0,14.92,3.1540678
84.108212,103.51011,0.0,0,0.0,0.20764119601328906,60,0.0,0,0,0,15.81,22.46,1015.4,0,21.24,0.0,17.236666666666668,0.0,16.6,85.048056
73.644547,89.823978,85.44,0,1525.9584,0.19586955774715645,57,1.2,4,0,0,17.86,25.24,1015.5,4,20.88,0.0,17.293333333333333,0.0,13.32,449.83472
62.581608,76.191421,263.44,0,5898.4216,0.1522636529742167,45,0.9,3,0,0,22.39,21.96,1014.8,3,22.68,0.0,19.92,0.0,19.44,1133.0222
51.263398,62.861158,435.21,0,10601.7156,0.12772679909918994,38,0.0,0,0,0,24.36,23.5,1014.6,0,28.08,0.0,22.163333333333338,0.0,21.32,1750.0081
40.015847,50.173952,600.75,1,15481.3275,0.10370667737187209,31,0.0,0,0,0,25.77,25.51,1014.7,0,32.04,0.0,24.05,0.0,23.32,2226.1386
29.410231,38.84291,732.47,1,19842.6123,0.08659738875566216,26,2.4,8,0,0,27.09,26.12,1013.9,8,34.92,0.0,24.613333333333333,0.0,23.86,2382.7506
20.919231,30.476875,832.15,1,23366.771999999997,0.06971417189522956,21,6.0,20,0,0,28.08,27.22,1013.6,20,32.4,0.0,25.580000000000002,0.0,24.82,2562.8975
18.00958,27.826045,910.47,1,26312.583,0.05959278265187884,18,3.0,10,0,0,28.9,27.38,1014.1,10,30.24,0.0,26.093333333333334,0.0,25.45,2518.2989
22.816146,32.260975,928.27,1,27383.965,0.04956220056170494,15,0.0,0,0,0,29.5,27.06,1013.5,0,32.04,0.0,25.723333333333333,0.0,25.14,2000.6994
32.117728,41.646086,899.79,1,26795.7462,0.049516389925065206,15,11.4,38,0,0,29.78,25.99,1013.3,38,33.12,0.0,24.819999999999997,0.0,24.08,946.40667
42.983116,53.444803,817.02,1,24290.0046,0.05612783940834654,17,14.7,49,0,0,29.73,23.47,1012.8,49,47.88,0.0,22.236666666666668,0.0,21.37,1064.6204
54.291809,66.351482,672.84,0,19801.6812,0.06609822195782934,20,30.0,100,0,0,29.43,20.99,1012.2,100,43.92,0.0,19.923333333333332,0.0,19.39,256.62278
65.574216,79.789052,508.19,0,14884.8851,0.06943525988625843,21,12.6,42,0,0,29.29,20.38,1012.0,42,42.12,0.0,19.27333333333333,0.0,18.97,118.03222
75.01725,91.521298,367.57,0,10394.8796,0.0696679162657997,21,35.0,135,0,35,28.28,20.47,1011.7,100,28.44,0.0,19.176666666666666,0.0,18.67,16.190606
93.933259,117.34277,0.0,0,0.0,0.27295632698768196,78,0.0,0,0,0,12.61,11.92,1018.4,0,6.48,0.0,7.453333333333333,0.0,5.4,11.630055
84.18418,103.55348,0.0,0,0.0,0.30524173742193533,87,2.0,3,1,2,11.87,10.95,1018.8,0,9.0,0.0,6.846666666666667,0.0,4.9,159.32631
73.721129,89.86177,66.75,0,974.55,0.29192006950477845,84,4.0,4,0,4,14.6,8.44,1018.4,0,8.64,0.0,7.413333333333333,0.0,6.88,508.59678
62.65721,76.221282,251.87,0,4150.8176,0.2624037565169354,76,1.0,1,1,0,16.48,5.32,1018.5,0,11.16,0.0,5.503333333333334,0.0,5.5,1145.3419
51.338789,62.881088,429.87,0,8541.5169,0.20476417991945944,60,0.0,0,0,0,19.87,4.8,1018.1,0,10.44,0.0,4.243333333333333,0.0,4.33,1744.1057
40.09249,50.180268,597.19,1,13992.1617,0.13149908962168724,39,0.0,0,0,0,23.43,4.02,1017.6,0,17.64,0.0,3.4633333333333334,0.0,3.4,2160.8047
29.490091,38.82898,740.48,1,18963.6928,0.07363770250368189,22,0.0,0,0,0,25.61,17.87,1017.0,0,25.2,0.0,16.099999999999998,0.0,16.75,2366.9575
21.00113,30.433643,852.62,1,22918.4256,0.05999400059994001,18,0.0,0,0,0,26.88,19.72,1016.5,0,28.44,0.0,19.076666666666668,0.0,18.25,2465.7064
18.075309,27.753749,922.04,1,24968.843199999996,0.0632848149751857,19,0.0,0,0,0,27.08,23.4,1018.1,0,31.32,0.0,22.47666666666667,0.0,21.61,2306.7321
22.849865,32.178663,942.51,1,25881.3246,0.06320481687235954,19,0.0,0,0,0,27.46,26.98,1017.9,0,31.68,0.0,25.209999999999997,0.0,24.88,2197.5458
32.131795,41.5686,911.36,1,25600.1024,0.05643340857787811,17,0.0,0,0,0,28.09,26.46,1017.3,0,31.32,0.0,25.02666666666667,0.0,24.46,1857.2777
42.989491,53.375439,826.81,1,23274.701499999996,0.056422170594092276,17,3.6,12,0,0,28.15,25.57,1016.8,12,30.24,0.0,24.27,0.0,23.77,1348.6867
54.29666,66.289912,709.33,0,19861.24,0.05645027394985888,17,3.3,11,0,0,28.0,25.57,1016.7,11,27.36,0.0,24.143333333333334,0.0,23.58,579.16174
65.581095,79.734675,564.26,0,15500.222199999998,0.06320271439026012,19,0.0,0,0,0,27.47,25.46,1016.8,0,25.56,0.0,23.676666666666666,0.0,23.19,50.155061
75.028243,91.47344,392.49,0,10479.483,0.0767050191762548,23,8.7,29,0,0,26.7,20.61,1016.6,29,22.32,0.0,19.266666666666666,0.0,18.51,1.2303508
93.942144,117.28175,0.0,0,0.0,0.2974543442169341,86,0.0,0,0,0,15.97,39.52,1019.1,0,30.96,0.0,30.786666666666665,0.0,27.26,3.2175
84.263771,103.59585,0.0,0,0.0,0.29092924185224955,84,3.0,10,0,0,15.58,39.28,1019.3,10,24.84,0.0,30.846666666666668,0.0,27.33,82.0175
73.801047,89.897997,84.55,0,1510.9085,0.25427805649096286,74,2.7,9,0,0,17.87,35.11,1018.8,9,26.64,0.0,30.189999999999998,0.0,28.04,446.29444
62.73588,76.248905,249.2,0,4916.715999999999,0.2253482655012292,66,0.0,0,0,0,19.73,34.84,1018.7,0,28.8,0.0,30.423333333333336,0.0,28.39,1130.6333
51.417167,62.898016,422.75,0,9313.1825,0.1931025137204418,57,0.0,0,0,0,22.03,31.91,1018.4,0,27.36,0.0,28.97,0.0,27.47,1729.5392
40.172319,50.182644,586.51,1,14123.1608,0.1715842949904115,51,0.0,0,0,0,24.08,32.69,1018.5,0,31.68,0.0,30.099999999999998,0.0,28.95,2130.2683
29.573796,38.809905,718.23,1,18717.0738,0.1470539086260486,44,0.6,2,0,0,26.06,30.41,1017.7,2,32.76,0.0,28.37,0.0,27.51,2385.6906
21.088201,30.383952,817.02,1,22745.8368,0.12292767201568161,37,0.6,2,0,0,27.84,29.96,1017.1,2,41.04,0.0,28.26666666666667,0.0,27.42,2498.5414
18.14749,27.674714,902.46,1,26108.1678,0.0926906779661017,28,0.0,0,0,0,28.93,31.26,1017.6,0,41.4,0.0,29.366666666666664,0.0,28.29,2431.8241
22.889731,32.091147,923.82,1,27354.3102,0.089179548156956,27,0.0,0,0,0,29.61,31.82,1017.4,0,45.0,0.0,29.816666666666666,0.0,28.88,2220.5767
32.15118,41.4878,893.56,1,26967.640799999997,0.08241848811525401,25,0.0,0,0,0,30.18,30.43,1017.0,0,43.2,0.0,28.66,0.0,27.7,1846.6891
43.000727,53.304183,814.35,1,25106.410499999998,0.06908349233502205,21,0.9,3,0,0,30.83,29.65,1016.3,3,46.44,0.0,27.879999999999995,0.0,26.93,1308.9144
54.306242,66.227481,695.98,0,21394.425199999998,0.06252262331764784,19,1.2,4,0,0,30.74,29.85,1016.3,4,42.48,0.0,27.923333333333336,0.0,26.96,562.38915
65.592783,79.680238,555.36,0,16810.7472,0.0659152330103487,20,0.3,1,0,0,30.27,28.73,1016.6,1,42.12,0.0,26.69,0.0,25.92,48.469167
75.489172,91.99762,386.26,0,11205.4026,0.0728091077574795,22,0.0,0,0,0,29.01,26.23,1016.6,0,27.0,0.0,23.686666666666667,0.0,22.67,2.5763948
94.034913,117.33705,0.0,0,0.0,0.2012630994517316,58,0.0,0,0,0,15.03,10.3,1021.9,0,11.16,0.0,8.376666666666667,0.0,7.73,3.6763889
84.34685,103.63711,0.0,0,0.0,0.2191990536167844,63,0.0,0,0,0,14.26,17.08,1022.0,0,18.72,0.0,13.293333333333331,0.0,12.76,85.435
73.884222,89.932606,72.98,0,1258.1752,0.25827335652054134,75,0.0,0,0,0,17.24,24.93,1021.0,0,19.08,0.0,16.24,0.0,12.25,441.90694
62.817553,76.274254,242.08,0,5059.472,0.22105084169358957,65,0.0,0,0,0,20.9,23.86,1020.6,0,19.8,0.0,21.09,0.0,20.57,1108.0614
51.498482,62.911931,418.3,0,9963.906,0.17510186214095702,52,0.0,0,0,0,23.82,22.01,1020.2,0,26.28,0.0,20.209999999999997,0.0,19.49,1705.8844
40.255302,50.181104,583.84,1,15378.3456,0.13356038598951553,40,0.0,0,0,0,26.34,21.6,1020.5,0,31.32,0.0,20.400000000000002,0.0,20.16,2134.8369
29.661357,38.785775,722.68,1,20271.174,0.10956175298804781,33,0.0,0,0,0,28.05,21.79,1019.2,0,36.36,0.0,20.900000000000002,0.0,20.28,2382.9092
21.18057,30.328005,830.37,1,24271.7151,0.10252000793703288,31,0.0,0,0,0,29.23,23.75,1018.7,0,39.6,0.0,22.586666666666662,0.0,21.83,2453.9288
18.226372,27.589214,907.8,1,27479.106,0.06921099466086614,21,0.0,0,0,0,30.27,21.41,1019.5,0,33.48,0.0,20.55333333333333,0.0,19.8,2416.5172
22.935922,31.998646,927.38,1,28785.8752,0.06246096189881324,19,0.0,0,0,0,31.04,27.46,1019.0,0,36.72,0.0,25.993333333333336,0.0,25.36,2178.7681
32.175983,41.403839,898.01,1,28143.6334,0.06239942198430163,19,0.0,0,0,0,31.34,30.17,1018.5,0,37.8,0.0,28.13666666666667,0.0,27.37,1820.3531
43.016889,53.231148,822.36,1,25912.5636,0.059082255629226026,18,0.0,0,0,0,31.51,27.44,1018.0,0,35.64,0.0,25.900000000000002,0.0,25.13,1287.0314
54.3206,66.164276,706.66,0,22153.791,0.05582922824302135,17,0.3,1,0,0,31.35,26.6,1017.3,1,34.2,0.0,24.8,0.0,24.29,550.33111
65.609311,79.625815,558.92,0,17231.503599999996,0.055924731890255944,17,0.0,0,0,0,30.83,24.18,1017.0,0,32.4,0.0,22.400000000000002,0.0,21.89,125.71194
75.064392,91.37824,388.04,0,11656.7216,0.05607045087239025,17,0.3,1,0,0,30.04,20.52,1016.7,1,33.84,0.0,18.91,0.0,18.5,9.5972868
94.131872,117.39199,0.0,0,0.0,0.19647042603060802,57,63.0,122,0,63,16.97,3.55,1018.5,59,8.28,0.0,5.5633333333333335,0.0,6.57,12.219275
84.43327,103.67717,0.0,0,0.0,0.17228903208021779,50,2.7,9,0,0,17.06,6.37,1018.8,9,9.36,0.0,4.743333333333333,0.0,3.88,117.24029
73.970572,89.965547,73.87,0,1335.5696,0.16825189712598293,49,0.0,0,0,0,18.08,4.8,1018.6,0,9.0,0.0,3.293333333333333,0.0,3.24,459.29887
62.902163,76.297301,243.86,0,5284.4462,0.15941930669561089,47,2.1,7,0,0,21.67,5.86,1018.8,7,11.52,0.0,5.566666666666667,0.0,5.94,1022.9658
51.582683,62.92283,421.86,0,10166.826000000001,0.14802354920100924,44,2.4,8,0,0,24.1,5.94,1018.7,8,10.8,0.0,5.853333333333334,0.0,6.03,1632.9428
40.341419,50.175691,579.39,1,15591.3849,0.12330867159901353,37,4.8,16,0,0,26.91,4.1,1017.5,16,23.76,0.0,3.8000000000000003,0.0,3.98,2024.3128
29.752816,38.75672,712.0,1,21196.239999999998,0.09243364584708835,28,2.1,7,0,0,29.77,10.09,1016.6,7,28.08,0.0,9.003333333333332,0.0,9.0,1743.1975
21.278433,30.266073,825.03,1,25493.427,0.07893438579181057,24,0.0,0,0,0,30.9,23.47,1016.3,0,36.72,0.0,21.820000000000004,0.0,21.67,1573.7583
18.312284,27.497603,849.95,1,26875.419,0.06890441972635103,21,30.0,100,0,0,31.62,22.93,1016.5,100,34.56,0.0,21.666666666666668,0.0,21.41,1717.4141
22.98865,31.901426,878.43,1,28232.7402,0.06551148088702546,20,30.0,100,0,0,32.14,21.64,1016.5,100,28.8,0.0,20.536666666666665,0.0,20.11,1925.112
32.206317,41.316887,793.88,1,25761.406000000003,0.06544502617801048,20,30.0,100,0,0,32.45,18.58,1016.0,100,32.4,0.0,17.386666666666667,0.0,17.5,1395.3717
43.038047,53.156456,687.08,1,22330.100000000002,0.06543432030099788,20,30.0,100,0,0,32.5,14.08,1015.3,100,28.08,0.0,13.200000000000001,0.0,13.28,976.50083
54.339779,66.100393,550.91,0,17943.1387,0.0654193379562999,20,39.0,139,0,39,32.57,11.49,1015.2,100,26.28,0.0,10.770000000000001,0.0,10.99,287.92083
65.630701,79.57148,445.89,0,14308.610100000002,0.06552221202987812,20,100.0,200,0,100,32.09,8.28,1015.2,100,23.76,0.0,8.29,0.0,7.92,175.06383
76.001475,92.505491,274.12,0,8231.8236,0.08245926512302924,25,100.0,200,0,100,30.03,18.06,1015.3,100,12.96,0.0,17.05333333333333,0.0,16.92,14.555346
94.312893,117.56377,0.0,0,0.0,0.16398483140309522,48,0.0,0,0,0,19.56,16.45,1017.6,0,11.88,0.0,13.660000000000002,0.0,13.32,8.2519126
84.523046,103.71599,0.0,0,0.0,0.1535207423580786,45,0.0,0,0,0,19.97,20.12,1017.7,0,16.56,0.0,16.35666666666667,0.0,16.3,102.54031
74.060064,89.996763,70.31,0,1513.7743,0.14592099904981679,43,0.6,2,0,0,21.53,27.72,1017.7,2,19.8,0.0,18.966666666666665,0.0,14.76,438.74222
62.989666,76.317989,250.98,0,6515.4408,0.1103273043361974,33,3.6,12,0,0,25.96,20.52,1017.2,12,21.96,0.0,18.24,0.0,17.28,1068.0122
51.669717,62.930655,423.64,0,12357.578800000001,0.08600158772161948,26,2.1,7,0,0,29.17,22.61,1016.8,7,28.44,0.0,21.096666666666668,0.0,20.72,1648.235
40.430593,50.166331,582.95,1,17838.27,0.07901234567901234,24,0.3,1,0,0,30.6,25.17,1017.2,1,36.0,0.0,23.853333333333335,0.0,22.8,2084.4731
29.848035,38.722605,723.57,1,22929.933300000004,0.07216900669203517,22,0.0,0,0,0,31.69,30.63,1016.5,0,37.44,0.0,28.52,0.0,27.55,2314.0563
21.381469,30.197891,832.15,1,27194.662,0.06539580812869895,20,0.0,0,0,0,32.68,33.86,1016.2,0,38.52,0.0,31.63,0.0,30.56,2411.8045
18.404788,27.399549,901.57,1,29688.700100000002,0.06534239414532149,20,0.0,0,0,0,32.93,30.32,1017.1,0,36.36,0.0,28.543333333333333,0.0,27.78,2352.8678
23.047735,31.799314,906.02,1,30306.369000000002,0.05544683626875408,17,3.6,12,0,0,33.45,30.98,1016.6,12,36.72,0.0,29.10666666666667,0.0,28.17,2122.1255
32.242166,41.226917,875.76,1,29626.960799999997,0.05537820053423677,17,5.7,19,0,0,33.83,30.17,1016.2,19,37.08,0.0,28.44333333333333,0.0,27.58,1728.885
43.064232,53.080138,803.67,1,27252.449699999997,0.05536377255259559,17,5.1,17,0,0,33.91,30.19,1015.5,17,33.48,0.0,28.316666666666666,0.0,27.38,1246.8364
54.363824,66.03588,695.09,0,23528.7965,0.05537459283387622,17,7.8,26,0,0,33.85,31.63,1015.2,26,34.56,0.0,29.326666666666668,0.0,28.31,548.62917
65.657006,79.517289,554.47,0,18391.769900000003,0.058762078871768084,18,12.3,41,0,0,33.17,31.57,1015.1,41,36.72,0.0,29.026666666666667,0.0,28.01,66.513583
76.100942,92.547961,390.71,0,12627.7472,0.06547287786034636,20,6.6,22,0,0,32.32,31.32,1014.8,22,37.8,0.0,28.179999999999996,0.0,26.99,1.733642
94.339169,117.50147,0.0,0,0.0,0.17113910186199344,50,0.0,0,0,0,19.01,8.65,1017.1,0,6.12,0.0,8.783333333333333,0.0,9.06,10.311667
84.616165,103.75353,0.0,0,0.0,0.17864504603545417,52,5.1,17,0,0,17.93,16.43,1017.3,17,14.4,0.0,12.866666666666665,0.0,11.98,113.06639
74.152652,90.026198,72.98,0,1438.4358000000002,0.15365703749231718,45,0.0,0,0,0,19.71,17.53,1017.3,0,14.76,0.0,14.033333333333333,0.0,12.54,450.34414
63.080011,76.336269,240.3,0,5635.035,0.12811867835468646,38,0.0,0,0,0,23.45,11.28,1017.3,0,12.96,0.0,8.403333333333334,0.0,6.64,1072.3156
51.759529,62.935361,421.86,0,11563.1826,0.09648655842427468,29,3.9,13,0,0,27.41,9.06,1017.1,13,11.88,0.0,8.573333333333334,0.0,7.95,1636.2264
40.52276,50.152974,582.06,1,17019.4344,0.08267469162340024,25,8.4,28,0,0,29.24,10.0,1016.9,28,25.56,0.0,9.623333333333333,0.0,9.51,2044.5083
29.946908,38.683353,714.67,1,22197.650199999996,0.06903126129976003,21,6.3,21,0,0,31.06,14.34,1015.9,21,28.8,0.0,13.683333333333332,0.0,13.32,2146.3808
21.489457,30.123298,818.8,1,26717.444,0.05232520112499183,16,5.4,18,0,0,32.63,27.91,1015.1,18,36.72,0.0,26.08,0.0,25.5,2414.0924
18.503594,27.294846,887.33,1,30124.853500000005,0.035818951481602086,11,7.2,24,0,0,33.95,22.6,1015.7,24,33.48,0.0,21.513333333333332,0.0,20.99,2345.2929
23.113069,31.69222,906.91,1,31279.3259,0.03575607853335067,11,7.5,25,0,0,34.49,25.16,1015.3,25,34.92,0.0,23.873333333333335,0.0,23.22,2146.2864
32.283534,41.133943,863.3,1,29714.786,0.0357642162759697,11,30.0,100,0,0,34.42,26.18,1015.2,100,34.92,0.0,24.790000000000003,0.0,23.91,1801.0644
43.095481,53.002247,683.52,1,22979.942399999996,0.039117253968771394,12,30.0,102,0,2,33.62,25.1,1014.8,100,33.84,0.0,23.83666666666667,0.0,22.91,1269.1397
54.392781,65.970803,405.84,0,12990.9384,0.04915454187966969,15,100.0,200,0,100,32.01,23.22,1014.8,100,33.12,0.0,21.94666666666667,0.0,21.08,577.00056
65.688273,79.463302,525.99,0,16957.9176,0.04911752185729723,15,3.0,10,0,0,32.24,23.4,1015.0,10,21.96,0.0,21.843333333333334,0.0,21.24,88.938333
75.692655,91.92995,394.27,0,12384.0207,0.04925137903861308,15,2.4,8,0,0,31.41,21.61,1014.7,8,29.88,0.0,20.073333333333334,0.0,19.45,8.2692897
94.529053,117.67338,0.0,0,0.0,0.23626698168930893,68,10.5,35,0,0,14.66,13.71,1018.2,35,10.08,0.0,9.616666666666667,0.0,7.86,17.041257
84.71236,103.78961,0.0,0,0.0,0.26537239428751,76,30.0,101,1,0,13.24,12.32,1018.8,100,10.8,0.0,8.866666666666667,0.0,7.64,113.73476
74.248226,90.053801,73.87,0,1056.3410000000001,0.2922247347364759,84,30.0,103,3,0,14.3,7.59,1018.4,100,6.12,0.0,7.036666666666666,0.0,6.76,449.415
63.173118,76.352121,240.3,0,4145.175,0.23415977961432508,68,30.0,102,2,0,17.25,7.9,1018.4,100,7.2,0.0,7.793333333333334,0.0,7.73,1112.4367
51.852068,62.93697,391.6,0,7863.3279999999995,0.19097636667462403,56,100.0,200,0,100,20.08,10.79,1018.3,100,9.0,0.0,10.803333333333333,0.0,10.79,1720.9859
40.617918,50.135715,399.61,1,8347.8529,0.1870493810365937,55,100.0,200,0,100,20.89,12.88,1018.1,100,10.8,0.0,12.616666666666667,0.0,12.4,2127.1495
30.04955,38.639203,560.7,1,13187.664,0.1550544375905889,46,30.0,100,0,0,23.52,13.24,1017.4,100,11.52,0.0,13.036666666666667,0.0,12.77,2398.3444
21.6028,30.042801,798.33,1,21115.8285,0.12683578104138854,38,5.4,18,0,0,26.45,14.18,1016.8,18,12.6,0.0,13.976666666666667,0.0,13.71,2482.1762
18.609368,27.184183,890.89,1,27412.6853,0.08554882863911557,26,0.0,0,0,0,30.77,12.25,1015.5,0,12.96,0.0,12.15,0.0,11.77,2406.8467
23.185055,31.580651,919.37,1,29272.7408,0.07869110462638121,24,0.0,0,0,0,31.84,14.84,1015.1,0,15.48,0.0,14.583333333333334,0.0,14.15,2179.6903
32.330601,41.038256,889.11,1,28842.7284,0.07199188455119605,22,0.0,0,0,0,32.44,15.33,1014.9,0,14.76,0.0,15.173333333333334,0.0,14.92,1824.1186
43.131886,52.922965,811.68,1,26452.6512,0.06868581147380126,21,0.0,0,0,0,32.59,14.83,1014.1,0,17.28,0.0,14.589999999999998,0.0,14.11,1286.0027
54.426695,65.905285,696.87,0,22613.431500000002,0.06544502617801048,20,0.0,0,0,0,32.45,14.51,1014.1,0,16.56,0.0,14.276666666666666,0.0,13.85,571.91245
65.724511,79.409612,548.24,0,17521.7504,0.06882763593458098,21,0.0,0,0,0,31.96,16.1,1014.1,0,16.92,0.0,15.713333333333333,0.0,15.46,42.441365
75.644263,91.770799,379.14,0,11700.2604,0.07565540607216868,23,0.0,0,0,0,30.86,19.35,1014.1,0,19.08,0.0,18.41333333333333,0.0,17.99,0.746875
94.643961,117.72807,0.0,0,0.0,0.2745057159734529,79,0.0,0,0,0,14.64,4.32,1018.1,0,2.88,0.0,3.2566666666666664,0.0,2.9,0.33142077
84.811638,103.8242,0.0,0,0.0,0.2782221603950755,80,0.0,0,0,0,14.39,9.73,1018.1,0,6.12,0.0,6.57,0.0,5.24,69.784058
74.346737,90.079511,66.75,0,1110.72,0.23810345422547366,69,0.0,0,0,0,16.64,18.09,1017.9,0,15.12,0.0,11.323333333333332,0.0,7.93,428.82917
63.268931,76.365491,238.52,0,5237.899200000001,0.17281691572633937,51,0.0,0,0,0,21.96,18.03,1017.3,0,11.16,0.0,15.653333333333334,0.0,15.23,1091.7567
51.947276,62.93543,417.41,0,10493.6874,0.14750745918401556,44,0.0,0,0,0,25.14,20.77,1016.6,0,14.04,0.0,18.86,0.0,18.58,1688.3303
40.715995,50.114495,585.62,1,16461.7782,0.11949810794662419,36,0.0,0,0,0,28.11,17.3,1016.4,0,12.6,0.0,16.12666666666667,0.0,15.89,2111.5456
30.15584,38.590059,728.91,1,22326.5133,0.08888011060635988,27,0.0,0,0,0,30.63,11.18,1015.5,0,10.8,0.0,10.6,0.0,10.83,2371.4087
21.721236,29.956204,837.49,1,27009.0525,0.06548788474132286,20,0.0,0,0,0,32.25,6.92,1014.7,0,11.88,0.0,6.213333333333334,0.0,6.57,2447.3208
18.721735,27.067299,906.91,1,29628.7497,0.05885815185403179,18,0.0,0,0,0,32.67,6.12,1014.9,0,8.64,0.0,6.236666666666667,0.0,6.3,2382.955
23.263531,31.464478,923.82,1,30818.6352,0.05872565332289322,18,0.0,0,0,0,33.36,9.51,1014.7,0,9.72,0.0,9.11,0.0,9.51,2186.3625
32.383357,40.93986,892.67,1,30297.219799999995,0.05535836399752516,17,0.0,0,0,0,33.94,7.29,1014.1,0,9.72,0.0,7.233333333333333,0.0,7.79,1805.6692
43.173479,52.842345,817.02,1,27917.5734,0.05206299622543278,16,0.0,0,0,0,34.17,6.83,1013.5,0,9.36,0.0,6.726666666666667,0.0,6.83,1285.7186
54.465612,65.839396,702.21,0,23847.051600000003,0.052098596594054254,16,0.0,0,0,0,33.96,10.5,1013.3,0,12.24,0.0,10.36,0.0,10.5,572.48362
65.76577,79.356286,551.8,0,18314.242,0.05875824247568062,18,0.0,0,0,0,33.19,14.21,1012.7,0,15.48,0.0,13.686666666666667,0.0,13.85,50.280278
75.690794,91.728184,380.92,0,12216.1044,0.062250180197890054,19,0.0,0,0,0,32.07,13.56,1012.9,0,18.0,0.0,13.183333333333335,0.0,12.85,1.7288194
94.762252,117.78135,0.0,0,0.0,0.10995430024396112,32,0.0,0,0,0,17.88,12.23,1016.7,0,10.08,0.0,12.296666666666667,0.0,13.22,0.18661202
84.913942,103.85723,0.0,0,0.0,0.10678240501532844,31,0.0,0,0,0,17.16,16.12,1017.3,0,13.68,0.0,13.976666666666667,0.0,13.89,70.945052
74.448123,90.103265,67.64,0,1218.1964,0.10990520675917023,32,0.0,0,0,0,18.01,16.98,1017.2,0,13.68,0.0,14.479999999999999,0.0,13.48,429.49833
63.367387,76.376324,242.97,0,5306.4648,0.10169836265636124,30,0.0,0,0,0,21.84,12.82,1016.9,0,10.8,0.0,9.9,0.0,8.09,1104.2833
52.045087,62.930697,425.42,0,11099.2078,0.07686138216815935,23,0.0,0,0,0,26.09,6.92,1016.8,0,9.36,0.0,6.396666666666667,0.0,5.86,1693.3228
40.81692,50.089274,597.19,1,17240.875300000003,0.05959870207271042,18,0.0,0,0,0,28.87,9.0,1016.0,0,10.08,0.0,8.906666666666666,0.0,8.5,2107.2178
30.26568,38.535866,742.26,1,22720.5786,0.04279694495654464,13,0.0,0,0,0,30.61,15.58,1015.2,0,24.12,0.0,14.983333333333334,0.0,14.57,2366.3803
21.844579,29.863397,853.51,1,27073.337199999998,0.03608095253714698,11,0.0,0,0,0,31.72,13.4,1014.9,0,20.52,0.0,13.026666666666666,0.0,12.78,2430.7858
18.840467,26.944069,921.15,1,29965.0095,0.039256739073540964,12,0.0,0,0,0,32.53,4.32,1014.6,0,15.84,0.0,4.44,0.0,3.96,2387.161
23.348425,31.343685,937.17,1,31151.5308,0.03916576911779105,12,0.0,0,0,0,33.24,6.64,1014.5,0,17.28,0.0,6.79,0.0,6.21,2200.599
32.441821,40.838814,903.35,1,30334.493,0.042382551429596065,13,0.0,0,0,0,33.58,12.89,1014.3,0,20.16,0.0,13.253333333333336,0.0,12.39,1864.332
43.220305,52.76047,824.14,1,27254.3098,0.04571876428711384,14,0.0,0,0,0,33.07,23.97,1014.0,0,25.92,0.0,23.50333333333333,0.0,22.57,1343.0956
54.509579,65.773217,709.33,0,22528.3208,0.04591518808828835,14,0.0,0,0,0,31.76,29.65,1014.9,0,26.64,0.0,27.836666666666662,0.0,27.11,594.67845
65.812097,79.303401,560.7,0,17084.529000000002,0.04940386008826823,15,0.0,0,0,0,30.47,25.77,1015.6,0,24.12,0.0,24.106666666666666,0.0,23.36,44.852476
75.831467,91.801181,388.04,0,11396.7348,0.05950019833399445,18,0.0,0,0,0,29.37,21.41,1015.0,0,20.52,0.0,20.07,0.0,19.0,0.91836735
94.808042,117.72095,0.0,0,0.0,0.2583889102273124,74,0.0,0,0,0,13.24,15.58,1020.7,0,7.92,0.0,8.086666666666666,0.0,4.61,0.28138889
85.019133,103.88859,0.0,0,0.0,0.2729945401091978,78,0.0,0,0,0,12.57,13.53,1020.8,0,6.84,0.0,5.843333333333334,0.0,1.84,71.232024
74.552294,90.124997,65.86,0,893.7202,0.2615792410714286,75,0.0,0,0,0,13.57,9.26,1020.8,0,4.68,0.0,3.686666666666667,0.0,0.72,427.30444
63.468409,76.384576,239.41,0,4247.1334,0.20282581044381037,59,0.0,0,0,0,17.74,4.33,1020.1,0,1.44,0.0,3.483333333333333,0.0,3.24,1104.8934
52.145436,62.922752,420.97,0,8949.8222,0.15284806901939474,45,0.0,0,0,0,21.26,4.32,1019.3,0,2.52,0.0,4.2,0.0,4.32,1701.7518
40.920647,50.060067,590.96,1,14531.706400000001,0.12091086182575403,36,0.0,0,0,0,24.59,7.52,1019.1,0,6.12,0.0,7.52,0.0,7.52,2152.7871
30.379059,38.476693,733.36,1,19595.3792,0.10337813052322672,31,0.0,0,0,0,26.72,9.98,1018.0,0,9.36,0.0,9.946666666666665,0.0,9.83,2416.1216
21.972883,29.76453,842.83,1,23868.945600000003,0.09619530964938469,29,0.0,0,0,0,28.32,10.5,1017.2,0,12.6,0.0,10.486666666666666,0.0,10.37,2494.4847
18.965686,26.814705,907.8,1,26553.149999999998,0.0925925925925926,28,0.0,0,0,0,29.25,9.11,1018.7,0,10.44,0.0,9.453333333333333,0.0,9.11,2418.4975
23.439843,31.21847,925.6,1,28119.728,0.08565874872335519,26,0.0,0,0,0,30.38,9.06,1018.2,0,10.44,0.0,9.293333333333335,0.0,8.71,2208.4036
32.506075,40.735281,892.67,1,27797.7438,0.07887212856156957,24,0.0,0,0,0,31.14,9.37,1017.5,0,11.52,0.0,9.726666666666667,0.0,9.37,1827.9522
43.272428,52.677474,813.46,1,25656.5284,0.07876858446289671,24,0.0,0,0,0,31.54,10.45,1017.1,0,11.88,0.0,10.693333333333333,0.0,10.45,1294.3797
54.558645,65.70686,696.87,0,22014.1233,0.07875566056310299,24,0.0,0,0,0,31.59,11.97,1016.7,0,14.4,0.0,11.953333333333333,0.0,11.57,589.23
65.863523,79.251048,547.35,0,17060.899500000003,0.07886435331230283,24,0.0,0,0,0,31.17,13.44,1016.6,0,18.72,0.0,13.426666666666668,0.0,13.04,55.590146
75.619568,91.414444,378.25,0,11426.9325,0.07911392405063292,24,0.0,0,0,0,30.21,13.76,1016.5,0,19.8,0.0,13.403333333333334,0.0,12.65,1.8195652
94.85266,117.65179,0.0,0,0.0,0.20437855064431207,59,0.0,0,0,0,15.53,9.83,1020.2,0,5.4,0.0,4.13,0.0,1.48,0.30310734
85.127144,103.9182,0.0,0,0.0,0.2080515967960054,60,0.0,0,0,0,15.24,6.3,1020.3,0,3.24,0.0,4.37,0.0,3.71,72.3675
74.659177,90.144637,63.19,0,1083.0766,0.18257604464501018,53,0.0,0,0,0,17.14,0.51,1020.1,0,5.4,0.0,4.16,0.0,6.52,426.06139
63.571923,76.390191,234.07,0,4983.3503,0.14603994022551284,43,0.0,0,0,0,21.29,2.16,1019.8,0,4.68,0.0,2.16,0.0,2.16,1092.0236
52.248254,62.911549,415.63,0,10394.9063,0.11403273410249531,34,0.0,0,0,0,25.01,0.36,1019.2,0,4.68,0.0,0.36000000000000004,0.0,0.36,1672.14
41.027104,50.026838,586.51,1,16164.2156,0.09311296598051279,28,0.0,0,0,0,27.56,3.6,1018.8,0,5.04,0.0,4.086666666666667,0.0,3.98,2098.5694
30.495883,38.412499,728.02,1,21250.9038,0.08268836409340478,25,0.0,0,0,0,29.19,8.31,1018.2,0,7.56,0.0,8.553333333333335,0.0,8.71,2360.3782
22.105985,29.659523,836.6,1,25256.954,0.08241577108195425,25,0.0,0,0,0,30.19,10.45,1017.7,0,13.68,0.0,10.57,0.0,10.46,2448.1381
19.097191,26.679119,907.8,1,28014.708,0.07565540607216868,23,0.0,0,0,0,30.86,9.72,1018.7,0,11.88,0.0,9.96,0.0,9.72,2374.0048
23.53772,31.088843,925.6,1,29378.543999999998,0.06559742858079963,20,0.0,0,0,0,31.74,9.36,1018.4,0,11.52,0.0,9.603333333333333,0.0,9.36,2159.4056
32.576141,40.629342,896.23,1,29010.965099999998,0.06218905472636816,19,0.0,0,0,0,32.37,9.37,1018.1,0,12.96,0.0,9.496666666666664,0.0,9.01,1807.9117
43.329893,52.593454,818.8,1,26750.196,0.05885815185403179,18,0.0,0,0,0,32.67,10.11,1017.3,0,14.04,0.0,10.113333333333333,0.0,9.73,1268.5461
54.612858,65.640419,702.21,0,22920.134400000003,0.05886392622387914,18,0.0,0,0,0,32.64,10.5,1017.0,0,14.4,0.0,10.503333333333332,0.0,10.11,570.30639
65.920094,79.199311,551.8,0,17834.176,0.055651946181294404,17,0.0,0,0,0,32.32,11.61,1017.1,0,15.12,0.0,11.363333333333335,0.0,10.82,58.838056
75.771482,91.490462,381.81,0,12027.015,0.05580173970129657,17,0.0,0,0,0,31.5,12.29,1016.5,0,15.48,0.0,12.183333333333332,0.0,11.53,1.7815603
94.983791,117.7039,0.0,0,0.0,0.15131194332679943,44,0.0,0,0,0,17.64,9.29,1020.0,0,3.24,0.0,4.43,0.0,2.16,1.2912429
85.237826,103.94593,0.0,0,0.0,0.16909963074162268,49,0.0,0,0,0,16.62,3.32,1020.2,0,2.52,0.0,4.403333333333333,0.0,5.5,79.480278
74.768676,90.162117,61.41,0,1120.7324999999998,0.16129032258064518,47,0.0,0,0,0,18.25,4.02,1020.1,0,4.68,0.0,6.199999999999999,0.0,7.7,426.72861
63.677847,76.393119,232.29,0,5235.816599999999,0.1318948899184957,39,0.0,0,0,0,22.54,6.16,1019.6,0,5.04,0.0,5.193333333333333,0.0,4.68,1079.7117
52.353471,62.897066,411.18,0,10933.2762,0.10675919129912592,32,0.0,0,0,0,26.59,4.21,1019.0,0,3.24,0.0,3.623333333333333,0.0,3.76,1651.1381
41.13624,49.989597,580.28,1,16938.373199999998,0.08599589865714097,26,0.0,0,0,0,29.19,4.1,1018.2,0,4.32,0.0,3.533333333333333,0.0,3.6,2077.2933
30.616132,38.343346,723.57,1,22437.905700000003,0.06904260915307733,21,0.0,0,0,0,31.01,4.8,1017.7,0,6.48,0.0,4.38,0.0,4.38,2320.9125
22.243922,29.548513,833.93,1,26819.188799999996,0.06223182994333629,19,0.0,0,0,0,32.16,5.24,1017.3,0,7.92,0.0,4.823333333333333,0.0,4.9,2407.1895
19.235079,26.53751,906.91,1,29991.5137,0.05225001632813011,16,0.0,0,0,0,33.07,6.95,1017.5,0,9.0,0.0,6.796666666666667,0.0,6.95,2368.6936
23.642151,30.955006,925.6,1,31350.072,0.048856752003126835,15,0.0,0,0,0,33.87,6.29,1017.3,0,10.8,0.0,6.133333333333333,0.0,6.29,2155.6358
32.652097,40.521166,894.45,1,30786.969000000005,0.04876938583086777,15,0.0,0,0,0,34.42,6.15,1016.8,0,10.08,0.0,5.883333333333333,0.0,6.15,1784.9208
43.392764,52.508549,817.02,1,28293.4026,0.048736110208590554,15,0.0,0,0,0,34.63,4.21,1015.8,0,10.08,0.0,3.9466666666666668,0.0,4.21,1258.3089
54.672267,65.57401,700.43,0,24241.882299999997,0.04548999220171562,14,0.0,0,0,0,34.61,2.1,1015.2,0,8.28,0.0,1.8933333333333333,0.0,2.1,570.99918
65.981844,79.148288,550.02,0,18882.186599999997,0.04878366072590088,15,0.0,0,0,0,34.33,3.83,1015.3,0,5.76,0.0,3.893333333333333,0.0,3.83,62.365278
75.749104,91.336649,378.25,0,12694.070000000002,0.05542695053959767,17,0.0,0,0,0,33.56,11.17,1014.8,0,10.08,0.0,10.526666666666666,0.0,10.37,2.2539855
94.959285,117.51992,0.0,0,0.0,0.154009377459872,45,0.0,0,0,0,19.04,9.06,1018.1,0,7.92,0.0,9.213333333333333,0.0,9.69,1.1154971
85.351045,103.97168,0.0,0,0.0,0.13341543513957307,39,0.0,0,0,0,19.17,20.88,1018.2,0,15.48,0.0,16.459999999999997,0.0,16.24,78.158277
74.880698,90.177366,59.63,0,1216.452,0.12263668880940216,36,0.0,0,0,0,20.4,27.45,1018.2,0,18.72,0.0,19.616666666666664,0.0,16.24,426.6125
63.786098,76.393311,232.29,0,5465.7837,0.1314547660779291,39,0.0,0,0,0,23.53,27.74,1017.9,0,15.84,0.0,23.886666666666667,0.0,22.68,1073.9925
52.461016,62.879272,413.85,0,10954.6095,0.10680194913557173,32,0.0,0,0,0,26.47,25.24,1017.5,0,16.2,0.0,23.08666666666667,0.0,22.37,1655.3685
41.247998,49.948342,586.51,1,17237.5289,0.07932835327559994,24,0.0,0,0,0,29.39,20.88,1017.3,0,13.68,0.0,19.56,0.0,19.08,2064.272
30.739763,38.269264,731.58,1,23117.928000000004,0.05906480721903199,18,0.0,0,0,0,31.6,14.06,1016.4,0,9.72,0.0,13.693333333333333,0.0,13.32,2298.3886
22.38667,29.431577,842.83,1,27686.965500000002,0.049019607843137254,15,0.0,0,0,0,32.85,9.37,1015.7,0,12.96,0.0,9.126666666666667,0.0,9.0,2396.7181
19.379361,26.39001,918.48,1,30300.6552,0.042464232050695765,13,0.0,0,0,0,32.99,12.25,1016.5,0,11.52,0.0,12.040000000000001,0.0,11.77,2354.0347
23.753188,30.81712,937.17,1,31751.319600000003,0.0358271178712178,11,0.0,0,0,0,33.88,9.03,1016.2,0,8.64,0.0,8.92,0.0,8.7,2122.8493
32.734008,40.410906,907.8,1,31291.865999999998,0.032507639295234377,10,0.0,0,0,0,34.47,6.95,1015.6,0,9.36,0.0,6.686666666666667,0.0,6.49,1772.9497
43.461099,52.422894,830.37,1,28863.6612,0.029229320255918942,9,0.0,0,0,0,34.76,3.22,1014.9,0,6.84,0.0,3.18,0.0,3.22,1239.4458
54.736922,65.507747,712.89,0,24815.7009,0.029224574620080532,9,0.0,0,0,0,34.81,1.08,1014.6,0,6.12,0.0,1.3333333333333333,0.0,1.08,566.97778
66.04881,79.098072,559.81,0,19291.0526,0.03250869607620039,10,0.0,0,0,0,34.46,4.02,1014.3,0,6.84,0.0,4.02,0.0,3.71,67.755711
75.640972,91.066991,385.37,0,12929.163499999999,0.0358656667753505,11,0.0,0,0,0,33.55,7.29,1013.8,0,10.44,0.0,7.053333333333334,0.0,6.99,3.1170455
95.017868,117.45188,0.0,0,0.0,0.2553220853603837,74,0.0,0,0,0,16.68,9.01,1017.7,0,12.6,0.0,9.963333333333333,0.0,11.97,3.3991071
85.466643,103.99533,0.0,0,0.0,0.24456615342220384,71,0.0,0,0,0,17.16,4.32,1017.5,0,5.76,0.0,7.93,0.0,10.88,88.220089
74.995144,90.190315,56.96,0,1094.7712,0.2086397373191504,61,0.0,0,0,0,19.22,2.74,1017.1,0,3.24,0.0,6.62,0.0,8.56,417.47306
63.896594,76.390721,226.06,0,5335.0160000000005,0.15838247683235046,47,0.0,0,0,0,23.6,6.12,1016.9,0,5.04,0.0,5.28,0.0,4.68,1037.7108
52.570823,62.85815,404.95,0,11115.877499999999,0.11976047904191618,36,0.0,0,0,0,27.45,6.12,1016.3,0,3.6,0.0,5.766666666666667,0.0,5.77,1610.95
41.362335,49.903092,573.16,1,16988.4624,0.09247333135176196,28,0.0,0,0,0,29.64,3.71,1015.7,0,8.28,0.0,3.606666666666667,0.0,3.71,2021.9484
30.866777,38.190337,716.45,1,22338.911,0.07557585515723064,23,0.0,0,0,0,31.18,2.74,1015.0,0,9.72,0.0,2.473333333333333,0.0,2.74,2261.6714
22.534306,29.308895,825.92,1,26858.918400000002,0.06543003893087317,20,0.0,0,0,0,32.52,2.41,1014.4,0,10.08,0.0,2.1633333333333336,0.0,2.28,2393.2847
19.530162,26.236865,888.22,1,30208.3622,0.05209011590050788,16,7.5,28,0,3,34.01,7.59,1014.5,25,11.52,0.0,7.659999999999999,0.0,7.1,2314.6886
23.870931,30.67541,890.89,1,30878.247399999997,0.04873136025470259,15,0.0,0,0,0,34.66,10.44,1014.1,0,15.12,0.0,10.44,0.0,9.93,1076.2814
32.821951,40.298745,838.38,1,29259.462,0.04220094140561598,13,10.0,10,0,10,34.9,12.98,1013.8,0,19.8,0.0,12.726666666666667,0.0,12.22,352.67295
43.53496,52.336633,764.51,1,26643.1735,0.04220779220779221,13,10.0,10,0,10,34.85,13.25,1012.9,0,21.6,0.0,12.99,0.0,12.48,491.43748
53.280452,63.672102,653.26,0,22563.6004,0.04225031687737658,13,10.0,10,0,10,34.54,11.75,1012.6,0,16.92,0.0,11.586666666666668,0.0,11.02,405.09222
94.999494,117.26425,0.0,0,0.0,0.2263219257938413,66,0.0,0,0,0,18.47,4.9,1015.9,0,2.88,0.0,5.609999999999999,0.0,6.16,37.001235
85.584691,104.01686,0.0,0,0.0,0.2371704533736638,69,0.0,0,0,0,17.78,2.62,1015.7,0,4.32,0.0,7.353333333333334,0.0,10.8,114.57361
75.111971,90.200891,62.3,0,1267.805,0.19761499148211242,58,2.7,9,0,0,20.35,10.31,1015.3,9,9.36,0.0,10.306666666666667,0.0,10.5,424.78194
64.009273,76.385278,224.28,0,5622.6996,0.147542083025954,44,0.0,0,0,0,25.07,11.01,1014.6,0,9.36,0.0,9.076666666666666,0.0,8.29,964.85891
52.682816,62.833627,398.72,0,11718.3808,0.09916044159449991,30,0.0,0,0,0,29.39,10.44,1013.9,0,9.72,0.0,9.839999999999998,0.0,9.72,899.89639
41.479142,49.853749,564.26,1,17802.403,0.07548408270429931,23,7.8,26,0,0,31.55,12.61,1013.9,26,19.08,0.2,12.253333333333332,0.2,12.25,1875.5047
30.996965,38.106372,517.09,1,15786.757700000002,0.06915173867228663,21,69.0,138,0,69,30.53,13.39,1013.6,69,19.44,0.1,12.793333333333335,0.1,12.68,2108.4302
22.686351,29.180044,288.36,1,8844.0012,0.06253702850371931,19,73.0,94,0,73,30.67,14.08,1013.6,21,20.52,0.4,13.18,0.4,12.78,1574.5592
19.686814,26.077528,510.86,1,16812.402599999998,0.049009998039600086,15,32.0,32,0,32,32.91,14.29,1013.9,0,21.96,0.3,13.523333333333333,0.3,13.28,385.48584
23.995044,30.529608,855.29,1,28712.0853,0.042383933229003655,13,10.0,11,0,10,33.57,16.98,1013.8,1,24.48,0.3,16.21666666666667,0.3,15.84,1687.5526
32.915846,40.184645,587.4,1,19660.278,0.04239775618028831,13,61.0,66,0,61,33.47,19.13,1013.5,5,25.56,0.2,18.029999999999998,0.2,17.65,1489.3247
43.614356,52.249815,548.24,1,17554.644800000002,0.045876069076252586,14,29.0,29,0,29,32.02,18.6,1013.1,0,24.12,0.0,17.55333333333333,0.0,17.11,603.23833
54.882143,65.376082,354.22,0,11250.027200000002,0.04591518808828835,14,10.0,10,0,10,31.76,17.77,1013.1,0,23.04,0.0,17.01,0.0,16.66,316.02919
66.19853,79.000425,396.94,0,12900.55,0.04253230819564862,13,10.0,10,0,10,32.5,16.2,1013.1,0,22.68,0.0,15.24,0.0,14.76,109.22472
75.71197,90.88083,352.44,0,11161.774800000001,0.045928744833016205,14,41.0,41,0,41,31.67,14.78,1012.8,0,16.2,0.0,14.093333333333334,0.0,13.7,2.1372224
95.386662,117.66671,0.0,0,0.0,0.1268730926173576,37,4.8,16,0,0,18.48,1.14,1016.4,16,1.44,0.0,4.723333333333334,0.0,7.13,8.5900585
85.704952,104.03611,0.0,0,0.0,0.13768889194864206,40,0.0,0,0,0,17.36,5.69,1016.6,0,6.48,0.0,8.74,0.0,11.17,185.27833
75.231061,90.209033,61.41,0,1216.5321,0.11947023484434736,35,8.0,14,0,8,19.81,15.88,1016.0,6,12.96,0.0,12.736666666666666,0.0,11.52,360.7503
64.124049,76.376954,230.51,0,5606.0032,0.0907654553400343,27,9.3,32,0,1,24.32,14.87,1015.4,31,13.32,0.0,12.563333333333333,0.0,11.57,470.79972
52.796937,62.805712,286.58,0,7777.781199999999,0.07659262712711047,23,100.0,117,0,100,27.14,10.59,1015.2,17,11.88,0.0,10.226666666666667,0.0,9.59,475.80389
41.598405,49.800382,349.77,1,10020.910499999998,0.06958250497017894,21,100.0,132,4,100,28.65,8.56,1015.6,28,11.52,0.0,8.136666666666667,0.0,7.86,553.67778
31.130401,38.017552,208.26,1,5845.8582,0.07635615164995685,23,100.0,192,5,100,28.07,6.73,1015.6,87,13.32,0.0,6.656666666666666,0.0,6.29,720.93533
22.843075,29.045419,236.74,1,6732.8856000000005,0.06963095593355217,21,100.0,206,6,100,28.44,19.77,1015.7,100,20.16,0.0,17.779999999999998,0.0,17.79,815.75667
19.849746,25.912556,551.8,1,17481.023999999998,0.059049306170652495,18,100.0,196,0,100,31.68,21.32,1015.6,96,28.08,0.0,20.146666666666665,0.0,19.77,2151.1401
24.125803,30.38015,540.23,1,16865.9806,0.052567598646384335,16,100.0,200,0,100,31.22,25.7,1015.6,100,32.04,0.0,24.046666666666667,0.0,23.33,716.38
33.015832,40.068884,191.35,1,5528.1015,0.06952721493841876,21,100.0,196,9,100,28.89,30.56,1016.6,87,33.84,0.0,27.45,0.0,26.72,427.42472
43.699364,52.162625,368.46,1,11256.453,0.0625617385577873,19,100.0,203,3,100,30.55,13.68,1015.6,100,26.64,0.0,12.826666666666668,0.0,12.24,487.85667
54.962792,65.310886,585.62,0,18265.487800000003,0.06243017677597425,19,0.0,0,0,0,31.19,19.91,1014.7,0,25.92,0.0,18.900000000000002,0.0,18.63,307.55111
66.281353,78.953166,530.44,0,16236.7684,0.06584145377929945,20,10.0,10,0,10,30.61,25.42,1014.7,0,28.44,0.0,23.713333333333335,0.0,23.11,62.635659
75.258212,90.151832,358.67,0,10724.233,0.06599571027883189,20,0.0,0,0,0,29.9,23.36,1014.4,0,24.84,0.1,21.733333333333334,0.1,21.27,0.28582226
94.890337,116.76595,0.0,0,0.0,0.19147917663954048,56,100.0,142,0,100,19.31,14.56,1017.6,42,28.08,0.0,9.123333333333335,0.0,6.99,0.24319728
85.827431,104.05306,0.0,0,0.0,0.18141986718696515,53,100.0,129,0,100,18.99,28.36,1018.5,29,31.68,0.0,20.74,0.0,18.36,71.20952
75.352356,90.214678,23.14,0,474.1386,0.1566544067565727,46,91.0,103,12,91,20.49,20.01,1016.8,0,25.92,0.0,15.910000000000002,0.0,14.34,414.53583
64.240858,76.365697,185.12,0,4546.5472,0.11420509892176951,34,0.0,0,0,0,24.56,13.24,1016.2,0,21.96,0.0,12.316666666666665,0.0,11.87,1112.5712
52.913122,62.774361,384.48,0,10538.596800000001,0.08317806760713335,25,10.0,20,10,10,27.41,22.57,1016.0,0,25.92,0.2,20.83666666666667,0.2,20.17,1801.6014
41.720049,49.742947,527.77,1,14957.0018,0.07628777073866465,23,10.0,20,10,10,28.34,26.3,1016.2,0,28.8,0.3,24.426666666666666,0.3,23.58,1261.9836
31.266964,37.923796,663.05,1,19334.538,0.06946511858688102,21,10.0,10,0,10,29.16,23.51,1015.5,0,28.8,0.0,22.383333333333336,0.0,21.58,2065.6572
23.004213,28.904824,616.77,1,17497.7649,0.07296365083576546,22,10.0,10,0,10,28.37,23.19,1015.3,0,22.68,0.0,21.849999999999998,0.0,21.41,1896.3661
20.018578,25.741686,831.26,1,23832.2242,0.08283082632032338,25,10.0,20,10,10,28.67,23.56,1016.3,0,23.04,0.0,22.546666666666663,0.0,22.04,1379.6241
24.263014,30.226947,847.28,1,24672.7936,0.07939921262447482,24,10.0,20,10,10,29.12,16.98,1015.9,0,16.56,0.0,16.413333333333334,0.0,15.88,822.14556
33.121872,39.951505,742.26,1,20946.5772,0.08295450774795102,25,0.0,0,0,0,28.22,12.1,1015.4,0,15.12,0.0,11.836666666666666,0.0,11.44,1816.8825
43.79,52.075145,663.05,1,19593.1275,0.07598282127518996,23,2.0,2,0,2,29.55,12.98,1014.5,0,19.08,0.0,12.743333333333334,0.0,12.29,1314.3547
55.048846,65.246243,579.39,0,17045.6538,0.0793204878210001,24,0.0,0,0,0,29.42,17.64,1014.5,0,19.08,0.0,16.8,0.0,16.2,643.25121
66.369525,78.907058,538.45,0,15598.8965,0.07943863365550112,24,0.0,0,0,0,28.97,17.82,1014.4,0,19.08,0.0,16.94333333333333,0.0,16.39,38.241111
75.170495,89.887485,377.36,0,10645.3256,0.08627555083620919,26,2.7,9,0,0,28.21,18.81,1013.9,9,21.24,0.0,17.820000000000004,0.0,17.37,0.25952381
42.229362,49.472576,552.69,1,14148.864000000001,0.1707112970711297,51,0.0,0,0,0,25.6,14.15,1016.1,0,12.6,0.0,13.783333333333333,0.0,13.4,2142.621
31.844219,37.500692,664.83,1,17897.2236,0.15329756390175625,46,10.0,20,10,10,26.92,12.78,1015.4,0,11.16,0.0,12.643333333333333,0.0,12.37,2436.6974
23.693191,28.285035,753.83,1,21205.2379,0.12280934678704196,37,10.0,20,10,10,28.13,11.25,1015.2,0,10.08,0.0,11.136666666666665,0.0,10.5,2314.2858
20.753527,25.002554,824.14,1,23603.3696,0.10603399715033635,32,10.0,20,10,10,28.64,11.79,1017.0,0,12.96,0.0,11.823333333333332,0.0,11.37,2582.5525
24.877121,29.58042,845.5,1,24866.155,0.09584875727128503,29,10.0,20,10,10,29.41,12.18,1016.5,0,12.96,0.0,12.033333333333333,0.0,11.28,2248.7439
33.607397,39.469065,835.71,1,25171.5852,0.08573218584099977,26,0.0,0,0,0,30.12,12.18,1016.0,0,13.32,0.0,12.066666666666668,0.0,11.38,1897.8165
44.209566,51.72493,763.62,1,23076.5964,0.08240762105679533,25,10.0,20,10,10,30.22,13.44,1015.5,0,13.68,0.0,13.133333333333333,0.0,12.52,1235.7567
55.447649,64.995246,639.91,0,19318.8829,0.07911914023867608,24,10.0,20,10,10,30.19,13.1,1015.5,0,13.68,0.0,12.843333333333334,0.0,12.22,635.89139
66.775992,78.735717,511.75,0,15332.03,0.07917917587674443,24,0.0,0,0,0,29.96,13.45,1015.7,0,14.76,0.0,13.219999999999999,0.0,12.66,38.398032
76.049743,90.353918,361.34,0,10540.2878,0.08269383434771103,25,0.0,0,0,0,29.17,12.73,1015.2,0,14.4,0.0,12.493333333333332,0.0,11.97,0.50791667
86.470135,104.10092,0.0,0,0.0,0.2523593874235144,73,0.0,0,0,0,16.12,15.75,1017.4,0,13.32,0.0,10.153333333333334,0.0,7.64,52.446667
75.989082,90.203643,43.61,0,786.2883,0.2369668246445498,69,0.0,0,0,0,18.03,26.41,1016.9,0,23.76,0.0,16.39,0.0,11.93,405.03234
64.853079,76.264381,207.37,0,4531.034500000001,0.21694915254237288,64,0.0,0,0,0,21.85,21.67,1016.4,0,14.76,0.0,19.596666666666668,0.0,19.25,1076.0933
53.523173,62.565885,385.37,0,9329.807700000001,0.18496099004573582,55,0.0,0,0,0,24.21,18.42,1016.2,0,13.32,0.0,16.983333333333334,0.0,16.62,1677.8983
42.362727,49.395546,554.47,1,14754.4467,0.14678409394182013,44,0.0,0,0,0,26.61,11.16,1015.5,0,9.0,0.0,10.44,0.0,10.44,2169.5969
31.996101,37.38306,661.27,1,18786.6807,0.12269531768139011,37,0.0,0,0,0,28.41,3.67,1014.5,0,6.12,0.0,3.09,0.0,3.32,2424.6072
23.876239,28.115901,809.01,1,24181.3089,0.09899683210137276,30,0.0,0,0,0,29.89,1.44,1013.9,0,7.92,0.0,1.54,0.0,1.08,2553.3528
20.951743,24.804115,884.66,1,27353.6872,0.06906304469365607,21,0.0,0,0,0,30.92,10.69,1014.2,0,15.12,0.0,10.86,0.0,10.18,2561.2911
25.04678,29.410943,906.91,1,28640.2178,0.059068683752830385,18,0.0,0,0,0,31.58,11.46,1013.5,0,15.12,0.0,11.543333333333331,0.0,10.95,1153.2661
33.744161,39.345881,879.32,1,28085.4808,0.055721262578255604,17,0.0,0,0,0,31.94,12.31,1012.6,0,15.12,0.0,12.313333333333334,0.0,11.81,1418.6069
44.328812,51.637869,802.78,1,25664.8766,0.05899318300996329,18,0.0,0,0,0,31.97,12.89,1011.9,0,15.12,0.0,12.840000000000002,0.0,12.31,1207.33
55.561085,64.934845,685.3,0,21785.686999999998,0.062307339148684984,19,0.0,0,0,0,31.79,13.48,1011.7,0,14.76,0.0,13.253333333333336,0.0,12.89,663.93417
66.891104,78.696501,534.89,0,16742.057,0.06240762029889966,19,0.0,0,0,0,31.3,14.69,1011.2,0,16.2,0.0,14.306666666666667,0.0,13.61,122.58019
76.169705,90.329754,363.12,0,11046.110400000001,0.06588266297723754,20,0.0,0,0,0,30.42,15.58,1010.9,0,16.92,0.0,14.813333333333333,0.0,14.29,2.29125
86.604599,104.10299,0.0,0,0.0,0.2688078198638506,77,0.0,0,0,0,13.3,14.69,1013.9,0,4.68,0.0,6.883333333333333,0.0,2.41,59.655
76.121988,90.19328,42.72,0,595.5168,0.25775889094012333,74,0.0,0,0,0,13.94,16.12,1013.8,0,3.24,0.0,7.343333333333334,0.0,2.31,414.09613
64.980751,76.234954,209.15,0,3806.5299999999997,0.1990732795606659,58,0.0,0,0,0,18.2,9.02,1013.4,0,8.28,0.0,8.943333333333333,0.0,8.59,1097.0597
53.650686,62.513836,389.82,0,7944.531599999999,0.16693353319933227,49,0.0,0,0,0,20.38,17.15,1012.8,0,10.8,0.0,15.99,0.0,15.41,1614.8777
42.497914,49.314173,560.7,1,12155.976,0.13567140385985144,40,0.0,0,0,0,21.68,16.78,1013.0,0,12.24,0.0,16.013333333333332,0.0,15.58,2163.8936
32.150995,37.260827,704.88,1,16578.7776,0.12134695115785217,36,0.0,0,0,0,23.52,15.32,1012.4,0,15.48,0.0,14.876666666666665,0.0,14.34,2451.2855
24.063614,27.941307,817.02,1,20670.606,0.11392192997151952,34,0.0,0,0,0,25.3,16.49,1011.4,0,21.96,0.0,16.096666666666668,0.0,15.5,2551.6754
21.155733,24.6005,881.1,1,23833.755,0.09993337774816789,30,0.0,0,0,0,27.05,18.63,1011.9,0,26.28,0.0,18.27,0.0,17.58,2521.1361
25.222884,29.23867,902.46,1,25097.4126,0.09968102073365231,30,0.0,0,0,0,27.81,20.93,1011.9,0,27.0,0.0,20.32,0.0,19.64,2050.7022
33.887105,39.221973,873.09,1,24472.712700000004,0.10624875489740357,32,0.0,0,0,0,28.03,22.45,1011.4,0,25.92,0.0,21.75666666666667,0.0,20.9,1921.4207
44.453833,51.551245,764.51,1,21169.2819,0.11301688605238666,34,10.0,20,10,10,27.69,23.93,1010.8,0,29.16,0.0,22.99666666666667,0.0,22.15,1431.2097
55.680034,64.875564,642.58,0,17375.3632,0.11659282454445517,35,10.0,38,10,10,27.04,24.7,1011.2,18,26.28,0.0,23.78,0.0,22.93,497.39556
67.011612,78.658864,510.86,0,13277.2514,0.12703082168884136,38,100.0,200,0,100,25.99,24.8,1011.3,100,25.2,0.0,23.44666666666667,0.0,22.49,107.90648
76.022593,89.956978,265.22,0,6532.368600000001,0.12761098797770168,38,100.0,200,0,100,24.63,25.57,1011.4,100,25.2,0.0,24.10666666666667,0.0,22.98,0.70675676
95.871758,116.81011,0.0,0,0.0,0.2980573672768077,85,100.0,100,100,0,12.03,14.56,1017.0,0,21.24,0.0,13.666666666666666,0.0,13.4,11.006028
86.741165,104.10264,0.0,0,0.0,0.30213603147835866,86,100.0,100,100,0,11.49,14.56,1017.4,0,18.72,0.0,13.56,0.0,13.04,114.78333
76.256601,90.180117,33.82,0,388.93,0.2915861584401897,83,100.0,100,100,0,11.5,13.98,1017.2,0,17.28,0.0,13.44,0.0,13.2,433.01694
65.110045,76.202439,161.98,0,2021.5104,0.2730805587648356,78,100.0,100,100,0,12.48,14.15,1017.8,0,16.92,0.0,13.65,0.0,13.4,1131.3669
53.779938,62.458348,360.45,0,5190.48,0.24343592418709795,70,6.0,6,6,0,14.4,14.76,1018.0,0,19.44,0.0,14.31,0.0,13.91,1758.202
42.635243,49.228894,564.26,1,9688.344200000001,0.19977955359603197,58,0.0,0,0,0,17.17,16.28,1017.3,0,16.92,0.0,15.830000000000004,0.0,15.48,2205.1603
32.308829,37.133987,711.11,1,13994.6448,0.16733258204418947,49,0.0,0,0,0,19.68,19.59,1016.7,0,18.36,0.0,18.939999999999998,0.0,18.33,2474.6871
24.255149,27.761169,825.03,1,17919.651599999997,0.14243564960830196,42,0.0,0,0,0,21.72,20.0,1016.3,0,13.68,0.0,19.37,0.0,18.72,2541.7608
21.365259,24.391601,884.66,1,22284.5854,0.13407521619628612,40,0.0,0,0,0,25.19,14.18,1015.8,0,11.16,0.0,13.933333333333335,0.0,13.38,2502.17
25.405296,29.063631,906.91,1,23869.871199999998,0.1168731425518416,35,0.0,0,0,0,26.32,13.68,1015.6,0,12.96,0.0,13.530000000000001,0.0,13.2,2307.3971
34.036187,39.097433,879.32,1,23873.538,0.10323010323010325,31,0.0,0,0,0,27.15,14.51,1015.4,0,12.6,0.0,14.423333333333332,0.0,14.18,1930.6742
44.584619,51.465146,802.78,1,22044.3388,0.09314394065400354,28,0.0,0,0,0,27.46,15.32,1014.8,0,12.24,0.0,15.180000000000001,0.0,14.84,1391.3219
55.804495,64.817475,687.08,0,18860.346,0.08982035928143714,27,0.0,0,0,0,27.45,15.29,1015.0,0,11.88,0.0,14.923333333333334,0.0,14.49,661.16197
67.137515,78.622857,536.67,0,14527.6569,0.0866031576843648,26,0.0,0,0,0,27.07,15.14,1014.9,0,12.24,0.0,14.88,0.0,14.66,23.547222
76.062593,89.819806,364.01,0,9526.1417,0.08352265134304424,25,0.0,0,0,0,26.17,16.27,1014.6,0,12.96,0.0,15.683333333333332,0.0,15.46,0.021351224
86.879918,104.09996,0.0,0,0.0,0.264182424916574,76,0.0,0,0,0,14.53,31.21,1016.9,0,12.6,0.0,21.326666666666668,0.0,18.37,49.468333
76.392854,90.164129,39.16,0,641.4407999999999,0.2624943874555314,76,14.0,14,14,0,16.38,29.91,1016.6,0,13.68,0.0,21.97666666666667,0.0,18.73,407.54604
65.240913,76.166835,202.03,0,4068.8842,0.23185243274574657,68,0.0,0,0,0,20.14,21.6,1015.8,0,14.04,0.0,19.92,0.0,19.8,1092.9591
53.910899,62.39945,380.92,0,8974.4752,0.1685147113342995,50,0.0,0,0,0,23.56,11.87,1015.6,0,12.24,0.0,11.56,0.0,11.37,1684.0058
42.774704,49.13977,550.91,1,14791.9335,0.11666666666666667,35,0.0,0,0,0,26.85,7.21,1015.7,0,10.8,0.0,7.023333333333333,0.0,6.52,2148.958
32.469622,37.002644,696.87,1,19937.4507,0.08616118769883352,26,0.0,0,0,0,28.61,13.4,1014.9,0,17.64,0.0,13.093333333333334,0.0,12.68,2400.9521
24.450892,27.575653,809.9,1,24126.921,0.07592262494223279,23,0.0,0,0,0,29.79,13.49,1014.3,0,17.28,0.0,13.24,0.0,12.43,2482.3642
21.580372,24.177643,884.66,1,27548.3124,0.05586775773111177,17,0.0,0,0,0,31.14,13.22,1014.0,0,20.52,0.0,13.030000000000001,0.0,12.29,2442.7958
25.594042,28.886051,906.02,1,28892.9778,0.05245213742460006,16,0.0,0,0,0,31.89,14.88,1013.5,0,20.88,0.0,14.713333333333333,0.0,13.98,2251.1023
34.19142,38.972432,876.65,1,28350.861,0.04910144358244132,15,0.0,0,0,0,32.34,16.38,1013.1,0,21.6,0.0,16.08,0.0,15.28,1881.9486
44.721176,51.379693,800.11,1,25907.561800000003,0.049095015219454724,15,0.0,0,0,0,32.38,18.47,1012.7,0,22.32,0.0,18.003333333333334,0.0,17.37,1350.1942
55.934464,64.760661,683.52,0,21940.992000000002,0.04914004914004914,15,0.0,0,0,0,32.1,19.97,1012.4,0,24.12,0.0,19.24,0.0,18.37,641.33083
67.268795,78.588536,532.22,0,16812.8298,0.04922228785193936,15,0.0,0,0,0,31.59,21.99,1012.5,0,24.48,0.0,20.88333333333333,0.0,19.91,18.256944
87.020861,104.09494,0.0,0,0.0,0.3442999234889059,99,0.0,0,0,0,14.39,11.72,1015.7,0,9.36,0.0,7.566666666666666,0.0,5.86,37.909722
76.530705,90.145297,36.49,0,555.3778000000001,0.3294378749523182,95,46.0,46,46,0,15.22,8.4,1015.5,0,8.64,0.0,4.756666666666667,0.0,2.9,397.33167
65.373317,76.128141,199.36,0,3674.2048,0.26407846903079774,77,0.0,0,0,0,18.43,8.65,1015.3,0,11.52,0.0,8.406666666666666,0.0,8.28,1106.1028
54.043536,62.337154,377.36,0,7905.692,0.21761305678340703,64,0.0,0,0,0,20.95,11.53,1014.9,0,16.92,0.0,11.173333333333332,0.0,10.82,1730.3514
42.916263,49.046823,546.46,1,12639.6198,0.1822600243013366,54,0.0,0,0,0,23.13,10.08,1014.8,0,17.64,0.0,10.08,0.0,9.72,2184.3081
32.63331,36.866809,689.75,1,17809.345,0.1404823226410677,42,0.0,0,0,0,25.82,10.14,1014.1,0,16.2,0.0,10.046666666666667,0.0,9.69,2462.3856
24.650689,27.38469,802.78,1,22790.9242,0.10943821715195332,33,0.0,0,0,0,28.39,10.63,1012.8,0,15.84,0.0,10.736666666666666,0.0,10.31,2558.2554
21.80082,23.958499,882.88,1,25682.979199999998,0.08271572260455269,25,0.0,0,0,0,29.09,13.78,1014.3,0,19.8,0.0,13.65,0.0,13.09,2488.1073
25.788951,28.705939,906.02,1,27579.2488,0.0658783227379031,20,0.0,0,0,0,30.44,15.41,1014.1,0,20.52,0.0,15.17,0.0,14.4,2284.9744
34.352737,38.847051,880.21,1,27559.3751,0.04926755567233791,15,0.0,0,0,0,31.31,16.87,1013.9,0,21.24,0.0,16.55,0.0,15.86,1901.7589
44.863478,51.294968,806.34,1,25488.4074,0.04265651660322877,13,0.0,0,0,0,31.61,18.44,1012.9,0,21.96,0.0,17.936666666666667,0.0,17.21,1374.99
56.069925,64.705185,690.64,0,21713.7216,0.04268032437046522,13,0.0,0,0,0,31.44,18.39,1012.9,0,20.52,0.0,17.886666666666667,0.0,17.15,653.21028
67.40544,78.555942,537.56,0,16497.716399999998,0.04607688256977357,14,0.0,0,0,0,30.69,18.39,1012.9,0,20.16,0.0,17.636666666666667,0.0,16.87,14.96032
87.164192,104.08775,0.0,0,0.0,0.27224180656870617,78,0.0,0,0,0,13.36,5.99,1016.3,0,6.84,0.0,4.14,0.0,4.02,39.58056
76.670093,90.123608,36.49,0,511.5898,0.26116934220148347,75,0.0,0,0,0,14.02,4.35,1016.1,0,4.68,0.0,3.3433333333333333,0.0,3.08,397.05222
65.507216,76.086367,198.47,0,3534.7506999999996,0.20277701402254608,59,0.0,0,0,0,17.81,3.26,1015.4,0,4.68,0.0,2.526666666666667,0.0,2.52,1086.8819
54.177826,62.271495,378.25,0,8393.3675,0.14898083564705086,44,0.0,0,0,0,22.19,5.77,1014.9,0,6.12,0.0,5.523333333333333,0.0,5.4,1719.535
43.059915,48.950119,548.24,1,13634.7288,0.1241527414267499,37,0.0,0,0,0,24.87,10.04,1014.5,0,8.28,0.0,9.99,0.0,10.04,2162.8387
32.799904,36.72658,692.42,1,18328.357399999997,0.11681463186703157,35,0.0,0,0,0,26.47,11.44,1013.5,0,12.24,0.0,11.416666666666666,0.0,11.09,2411.25
24.854558,27.188413,805.45,1,22689.526500000004,0.09956192751891677,30,0.0,0,0,0,28.17,10.18,1012.9,0,13.32,0.0,10.286666666666667,0.0,9.83,2458.7269
22.026622,23.73436,880.21,1,25992.601300000002,0.08589929959032643,26,0.0,0,0,0,29.53,9.11,1013.5,0,12.24,0.0,9.216666666666667,0.0,8.76,2385.4361
25.990024,28.523508,900.68,1,27740.944,0.07896035532159895,24,0.0,0,0,0,30.8,10.44,1012.7,0,13.32,0.0,10.563333333333334,0.0,10.09,2179.011
34.520134,38.721452,869.53,1,27494.5386,0.07546674541457493,23,0.0,0,0,0,31.62,11.57,1012.2,0,15.12,0.0,11.69,0.0,11.18,1814.4581
45.011517,51.211079,789.43,1,25182.817,0.07539747582363548,23,0.0,0,0,0,31.9,15.14,1011.5,0,21.6,0.0,14.99,0.0,14.35,1344.85
56.210864,64.65112,671.06,0,21245.759599999998,0.07545684196712706,23,0.0,0,0,0,31.66,17.6,1011.3,0,21.6,0.0,17.416666666666668,0.0,16.61,631.55449
67.547421,78.52512,522.43,0,16284.1431,0.07557833859095689,23,0.0,0,0,0,31.17,19.59,1011.3,0,20.52,0.0,18.819999999999997,0.0,18.08,30.959138
76.486782,89.769634,349.77,0,10493.099999999999,0.08246742536698005,25,0.0,0,0,0,30.0,20.75,1011.1,0,21.96,0.0,19.493333333333336,0.0,18.72,0.050462963
87.309987,104.07847,0.0,0,0.0,0.22663087061120601,65,0.0,0,0,0,13.66,17.6,1015.8,0,11.52,0.0,12.193333333333335,0.0,10.99,42.215
76.81096,90.099053,35.6,0,526.88,0.20142385830873416,58,0.0,0,0,0,14.8,14.51,1016.0,0,10.44,0.0,9.983333333333333,0.0,8.29,403.44778
65.642574,76.041535,201.14,0,3503.8588,0.19960766768764843,58,0.0,0,0,0,17.42,10.59,1015.4,0,11.88,0.0,10.479999999999999,0.0,10.31,1115.5947
54.313756,62.202524,387.15,0,7452.6375,0.18125854993160057,53,0.0,0,0,0,19.25,11.93,1015.1,0,12.24,0.0,11.703333333333333,0.0,11.21,1750.9692
43.205671,48.849745,562.48,1,12076.4456,0.15273912158034078,45,0.0,0,0,0,21.47,11.72,1015.2,0,12.6,0.0,11.703333333333333,0.0,11.37,2200.0145
32.969454,36.582104,709.33,1,16775.6545,0.1280323450134771,38,0.0,0,0,0,23.65,11.61,1014.1,0,12.6,0.0,11.36,0.0,10.9,2453.6475
25.062603,26.987063,819.69,1,21041.442300000002,0.11043437520915601,33,0.0,0,0,0,25.67,10.81,1013.1,0,16.56,0.0,10.813333333333333,0.0,10.46,2558.405
22.25788,23.505535,886.44,1,25068.523200000003,0.0862555153767044,26,0.0,0,0,0,28.28,10.82,1012.6,0,19.44,0.0,10.83,0.0,10.46,2495.1962
26.1973,28.339024,903.35,1,26693.9925,0.07928642220019821,24,0.0,0,0,0,29.55,13.2,1012.1,0,20.88,0.0,12.943333333333333,0.0,12.43,2288.0522
34.69362,38.595815,872.2,1,26331.718,0.0758225093953979,23,0.0,0,0,0,30.19,14.35,1011.4,0,22.68,0.0,14.196666666666667,0.0,13.55,1920.3614
45.165285,51.128144,793.88,1,24126.0132,0.07577255056994137,23,0.0,0,0,0,30.39,14.66,1010.7,0,22.68,0.0,14.563333333333333,0.0,13.71,1371.9026
56.357258,64.598537,675.51,0,20481.4632,0.07908524730615878,24,0.0,0,0,0,30.32,16.08,1010.3,0,20.52,0.0,15.68,0.0,14.88,656.61438
67.694704,78.496108,522.43,0,15484.8252,0.08586809339806467,26,0.0,0,0,0,29.64,17.65,1010.0,0,20.88,0.0,17.24,0.0,16.64,17.714167
87.458193,104.06705,0.0,0,0.0,0.3289588801399825,94,100.0,100,100,0,12.6,9.69,1013.5,0,9.72,0.0,8.593333333333332,0.0,7.97,40.009167
76.953296,90.071632,28.48,0,369.9552,0.31453134829104634,90,100.0,200,100,100,12.99,7.97,1013.3,0,8.28,0.0,7.329999999999999,0.0,6.95,398.88417
65.779372,75.993649,185.12,0,2749.032,0.2743055555555556,79,43.0,43,43,0,14.85,7.34,1013.4,0,8.28,0.0,6.93,0.0,6.57,1101.5092
54.451294,62.130252,371.13,0,6617.247899999999,0.22681971269503062,66,0.0,0,0,0,17.83,8.35,1012.9,0,7.2,0.0,8.236666666666666,0.0,8.05,1722.8833
43.353472,48.745695,539.34,1,11078.0436,0.1906772447138139,56,0.0,0,0,0,20.54,11.44,1012.5,0,7.56,0.0,11.299999999999999,0.0,11.09,2138.0197
33.141805,36.433292,683.52,1,15413.376,0.16909029421711194,50,0.0,0,0,0,22.55,12.41,1011.4,0,12.6,0.0,12.38,0.0,12.07,2374.1589
25.274437,26.780294,797.44,1,19409.6896,0.14790413123130192,44,0.0,0,0,0,24.34,11.73,1010.5,0,11.88,0.0,11.806666666666667,0.0,11.38,2417.7144
22.494033,23.271505,810.79,1,21721.0641,0.12002400480096019,36,10.0,20,10,10,26.79,8.47,1010.7,0,14.4,0.0,8.733333333333334,0.0,8.47,1711.1493
26.410413,28.152281,833.04,1,22950.252,0.10974393082806784,33,10.0,20,10,10,27.55,5.96,1010.2,0,13.32,0.0,6.073333333333333,0.0,5.82,1596.1809
34.873032,38.470129,614.99,1,16254.1857,0.113492222444756,34,10.0,20,10,10,26.43,5.5,1009.8,0,13.32,0.0,5.626666666666668,0.0,5.19,1123.3994
45.324711,51.046192,447.67,0,11800.5812,0.11351874728723582,34,10.0,20,10,10,26.36,6.88,1009.3,0,11.88,0.0,6.773333333333333,0.0,6.52,1135.7866
56.509071,64.547466,593.63,0,16372.3154,0.10308249925182059,31,10.0,20,10,10,27.58,8.91,1008.8,0,13.68,0.0,8.606666666666667,0.0,8.56,199.85139
67.848295,78.470234,485.05,0,13173.958,0.1065565582231694,32,10.0,20,10,10,27.16,10.5,1008.6,0,14.04,0.0,9.893333333333333,0.0,9.83,3.3902778
96.298003,116.01648,0.0,0,0.0,0.21037384466823011,61,100.0,100,0,100,16.81,23.68,1008.7,0,19.8,0.0,17.993333333333332,0.0,16.04,12.173077
87.609068,104.05373,0.0,0,0.0,0.22871400353467097,66,0.0,0,0,0,15.42,28.23,1008.8,0,21.6,0.0,20.383333333333336,0.0,18.45,135.0075
77.097019,90.04135,31.15,0,509.614,0.224517287831163,65,0.0,0,0,0,16.36,29.53,1008.8,0,24.84,0.0,22.573333333333334,0.0,19.96,336.61436
65.917575,75.942756,189.57,0,3700.4064,0.20842587214268632,61,0.0,0,0,0,19.52,23.8,1008.4,0,25.56,0.0,22.00666666666667,0.0,21.29,689.50537
54.590451,62.054766,365.79,0,7923.0114,0.18316882059631626,54,10.0,10,10,0,21.66,24.63,1008.3,0,33.48,0.0,22.793333333333333,0.0,21.92,556.37806
43.503387,48.638128,525.99,1,12176.6685,0.1451231859601755,43,0.0,0,0,0,23.15,28.99,1008.5,0,36.72,0.0,26.94333333333333,0.0,25.92,1521.9956
33.317147,36.280447,679.07,1,16195.819500000001,0.13131313131313133,39,10.0,20,10,10,23.85,31.35,1007.9,0,36.0,0.0,29.49,0.0,28.56,2675.3517
25.490473,26.568714,793.88,1,19727.918,0.11073825503355705,33,10.0,10,10,0,24.85,29.97,1007.4,0,34.92,0.0,28.28333333333333,0.0,27.44,1742.7047
22.735609,23.033112,873.09,1,23145.6159,0.07675365414136022,23,0.0,0,0,0,26.51,24.22,1008.0,0,24.84,0.0,23.11,0.0,22.69,1430.7367
26.629659,27.963857,879.32,1,23908.7108,0.07325031630818406,22,2.0,2,2,0,27.19,19.86,1007.6,0,32.04,0.0,18.843333333333334,0.0,18.84,630.9
35.058476,38.344691,690.64,1,17963.5464,0.08022462896109106,24,2.0,2,2,0,26.01,14.28,1007.5,0,29.16,0.0,13.496666666666664,0.0,13.48,665.04427
45.489815,50.96538,402.28,0,10423.074799999999,0.08025145455761386,24,10.0,20,10,10,25.91,8.89,1006.9,0,22.32,0.0,9.046666666666667,0.0,8.09,231.70045
56.666279,64.497993,263.44,0,6654.4944000000005,0.10053282396702524,30,10.0,20,10,10,25.26,20.07,1007.3,0,29.16,0.0,18.94333333333333,0.0,18.89,79.649167
68.005055,78.443609,345.32,0,8253.148,0.11782528193906751,35,10.0,20,10,10,23.9,23.56,1008.4,0,31.68,0.0,22.283333333333335,0.0,21.76,22.528889
87.762516,104.03844,0.0,0,0.0,0.3442219880576045,98,48.0,48,48,0,11.55,2.97,1014.3,0,3.6,0.0,2.83,0.0,2.62,102.90479
77.242116,90.008214,30.26,0,370.685,0.3293622985283812,94,59.0,59,59,0,12.25,0.8,1014.0,0,3.6,0.0,0.3866666666666667,0.0,0.0,393.79111
66.057168,75.888877,188.68,0,2809.4452,0.28468268296069993,82,0.0,0,0,0,14.89,3.22,1014.1,0,7.92,0.0,3.0433333333333334,0.0,2.81,1165.19
54.731209,61.976099,370.24,0,6856.8448,0.236568724928858,69,0.0,0,0,0,18.52,1.84,1013.9,0,3.96,0.0,1.7533333333333332,0.0,1.48,1770.8722
43.655387,48.527075,525.99,1,11303.525099999999,0.19345642139560143,57,10.0,10,10,0,21.49,4.07,1013.4,0,3.24,0.0,4.303333333333334,0.0,4.33,2199.4086
33.495385,36.123552,655.93,1,15361.8806,0.1551067201672455,46,10.0,10,10,0,23.42,7.93,1012.7,0,8.28,0.0,8.003333333333332,0.0,7.99,2499.5614
25.710462,26.352139,768.07,1,19132.6237,0.13755619673891162,41,10.0,10,10,0,24.91,7.99,1012.3,0,9.72,0.0,7.6933333333333325,0.0,7.7,2592.0194
22.982242,22.79008,885.55,1,21076.09,0.11449739013301903,34,0.0,0,0,0,23.8,8.56,1014.2,0,8.64,0.0,8.743333333333334,0.0,8.56,2582.7331
26.854791,27.773694,906.91,1,22790.648299999997,0.09722408475258147,29,0.0,0,0,0,25.13,7.09,1014.0,0,9.0,0.0,7.383333333333333,0.0,7.09,2352.3226
35.249834,38.219543,876.65,1,22915.631,0.08687226435898293,26,0.0,0,0,0,26.14,6.92,1013.3,0,8.28,0.0,7.103333333333334,0.0,6.76,1923.9832
45.660535,50.885758,797.44,0,21315.571200000002,0.08336668000533547,25,0.0,0,0,0,26.73,8.43,1012.4,0,9.36,0.0,8.62,0.0,8.43,1379.5286
56.82884,64.450147,677.29,0,18259.7384,0.08330278897737498,25,0.0,0,0,0,26.96,9.69,1012.1,0,9.36,0.0,9.799999999999999,0.0,9.57,657.64806
68.168031,78.420172,522.43,0,13985.451099999998,0.08335556148306215,25,0.0,0,0,0,26.77,10.95,1011.8,0,11.52,0.0,11.003333333333332,0.0,10.95,29.984722
76.575154,89.021453,346.21,0,9036.081,0.0835421888053467,25,0.0,0,0,0,26.1,12.68,1011.9,0,14.04,0.0,12.253333333333336,0.0,11.98,0.003333333
87.918548,104.02122,0.0,0,0.0,0.32168799723279146,93,15.0,15,15,0,15.95,34.76,1015.9,0,25.56,0.0,28.179999999999996,0.0,25.77,56.349652
77.388551,89.97224,29.37,0,479.3184,0.3212768162503887,93,30.0,30,30,0,16.32,33.79,1015.9,0,25.2,0.0,28.396666666666665,0.0,26.05,415.75889
66.198137,75.832051,161.98,0,2821.6916,0.2994115015314726,87,100.0,100,100,0,17.42,32.91,1016.2,0,26.64,0.0,28.726666666666663,0.0,26.58,1128.3819
54.873572,61.894315,349.77,0,6775.0449,0.2563927252837413,75,4.0,4,4,0,19.37,29.63,1016.3,0,24.84,0.0,27.22666666666667,0.0,26.01,1755.8591
43.80949,48.412629,544.68,1,12282.534,0.1927629354075076,57,0.0,0,0,0,22.55,25.92,1016.0,0,23.76,0.0,24.366666666666664,0.0,23.41,2179.8189
33.676559,35.962739,692.42,1,17358.969399999998,0.147542083025954,44,0.0,0,0,0,25.07,24.49,1015.3,0,23.76,0.0,23.166666666666668,0.0,22.68,2432.1765
25.934449,26.130741,807.23,1,21843.643799999998,0.1199160587588688,36,0.0,0,0,0,27.06,23.49,1014.6,0,20.52,0.0,22.64333333333333,0.0,21.83,2526.7089
23.233933,22.542595,872.2,1,24944.920000000002,0.1060480530240265,32,0.0,0,0,0,28.6,18.17,1015.0,0,19.08,0.0,17.543333333333333,0.0,17.17,2449.4839
27.085769,27.581978,892.67,1,26503.3723,0.08915598996169595,27,0.0,0,0,0,29.69,15.86,1014.5,0,22.68,0.0,15.37,0.0,14.84,2244.2042
35.447067,38.094821,865.08,1,26384.940000000002,0.08233163181294254,25,0.0,0,0,0,30.5,15.04,1014.1,0,22.68,0.0,14.62,0.0,14.29,1881.4507
45.836834,50.807407,787.65,0,24283.249499999998,0.07895256266859663,24,0.0,0,0,0,30.83,13.76,1013.6,0,14.4,0.0,13.329999999999998,0.0,12.98,1344.7772
56.929829,64.332214,668.39,0,20673.3027,0.07892659826361484,24,0.0,0,0,0,30.93,10.74,1013.2,0,24.84,0.0,10.389999999999999,0.0,10.2,682.70821
96.843037,116.04066,0.0,0,0.0,0.15804844528431544,46,0.0,0,0,0,17.9,7.49,1015.9,0,8.28,0.0,8.15,0.0,8.4,10.751282
88.077008,104.00196,0.0,0,0.0,0.14423572238057625,42,0.0,0,0,0,18.04,20.52,1015.8,0,15.12,0.0,16.02333333333333,0.0,15.94,172.57722
77.536306,89.933443,26.7,0,476.0609999999999,0.1615231287373703,47,0.0,0,0,0,17.83,30.26,1016.0,0,19.08,0.0,20.953333333333333,0.0,17.37,375.825
66.34047,75.772311,179.78,0,3856.281,0.1697216564833673,50,10.0,10,0,10,21.45,22.69,1015.5,0,23.04,0.0,19.930000000000003,0.0,19.09,856.22472
55.017532,61.809463,345.32,0,8570.8424,0.15102191495788167,45,12.0,12,0,12,24.82,22.35,1015.4,0,24.84,0.0,20.31,0.0,19.47,1047.8055
43.965685,48.294848,332.86,1,8547.8448,0.14054813773717498,42,10.0,10,0,10,25.68,20.88,1015.5,0,22.68,0.0,19.439999999999998,0.0,18.72,1150.65
33.860616,35.798044,501.96,1,14642.173200000001,0.112463614712887,34,10.0,10,0,10,29.17,22.8,1014.1,0,32.04,0.0,21.570000000000004,0.0,20.78,899.50944
26.162279,25.904447,749.38,1,22975.9908,0.09216286494848754,28,10.0,10,0,10,30.66,29.96,1013.5,0,34.2,0.0,28.02,0.0,27.22,473.39635
23.490448,22.29053,817.02,1,26013.9168,0.08196990065248042,25,10.0,10,0,10,31.84,29.27,1013.8,0,32.04,0.0,27.64,0.0,26.67,615.54611
27.322417,27.388745,830.37,1,26928.8991,0.0785391714117416,24,10.0,10,0,10,32.43,27.96,1013.4,0,30.24,0.0,26.526666666666667,0.0,25.66,1677.8271
35.65008,37.970606,801.89,1,26157.651799999996,0.07849036857768912,24,10.0,10,0,10,32.62,27.5,1013.1,0,34.2,0.0,26.063333333333333,0.0,25.49,1352.4752
46.018655,50.730389,728.02,0,23689.7708,0.07523962183911806,23,10.0,10,0,10,32.54,25.26,1012.6,0,28.08,0.0,24.080000000000002,0.0,23.47,847.23539
57.169853,64.359514,620.33,0,20011.8458,0.07858288857601259,24,10.0,10,0,10,32.26,25.48,1012.3,0,36.0,0.0,23.94333333333334,0.0,23.18,492.26472
68.509358,78.378996,477.93,0,15021.3399,0.08536345131000066,26,0.0,0,0,0,31.43,26.47,1012.1,0,41.76,0.0,24.689999999999998,0.0,24.18,72.951568
76.740588,88.775486,332.86,0,10122.2726,0.09223876663592041,28,0.0,0,0,0,30.41,25.48,1011.8,0,37.8,0.0,23.27666666666667,0.0,22.96,0.42857143
88.237882,103.98068,0.0,0,0.0,0.3199666121795987,92,0.0,0,0,0,14.38,15.7,1017.6,0,13.68,0.0,10.09,0.0,8.16,51.456436
77.685352,89.891843,25.81,0,387.4081,0.3123264852859523,90,0.0,0,0,0,15.01,12.88,1017.4,0,8.64,0.0,7.783333333333334,0.0,5.32,418.6265
66.484154,75.709702,182.45,0,3280.451,0.2541819805585134,74,0.0,0,0,0,17.98,7.21,1017.4,0,4.32,0.0,7.083333333333333,0.0,7.2,1122.1889
55.163094,61.721611,364.9,0,7491.397,0.21111413783710165,62,0.0,0,0,0,20.53,5.82,1017.2,0,5.04,0.0,5.846666666666668,0.0,5.69,1741.4426
44.123989,48.173827,539.34,1,12631.342800000002,0.16522237583032673,49,0.0,0,0,0,23.42,6.64,1016.8,0,5.4,0.0,6.583333333333333,0.0,6.41,2171.7997
34.047587,35.629597,687.08,1,17706.051600000003,0.13716044426602436,41,0.0,0,0,0,25.77,7.2,1015.7,0,8.28,0.0,7.083333333333333,0.0,6.92,2429.7108
26.393978,25.67341,801.0,1,22027.5,0.1197405621154166,36,0.0,0,0,0,27.5,2.55,1014.6,0,7.56,0.0,2.4766666666666666,0.0,2.28,2514.0139
23.75177,22.034048,875.76,1,25169.342399999998,0.09606147934678194,29,0.0,0,0,0,28.74,1.8,1015.5,0,9.0,0.0,1.2,0.0,1.44,2426.4308
27.564683,27.194178,895.34,1,26752.7592,0.0858000858000858,26,0.0,0,0,0,29.88,1.14,1014.8,0,10.08,0.0,1.0,0.0,1.14,2238.3523
35.858824,37.84703,863.3,1,26408.346999999998,0.07901494699413973,24,0.0,0,0,0,30.59,1.44,1014.1,0,11.16,0.0,1.6066666666666667,0.0,1.44,1857.439
46.205952,50.654784,783.2,0,24200.88,0.07893438579181057,24,0.0,0,0,0,30.9,2.9,1013.3,0,12.96,0.0,3.17,0.0,2.9,1217.6811
57.348211,64.316801,663.05,0,20461.722999999998,0.08223413703496596,25,0.0,0,0,0,30.86,4.68,1012.9,0,13.68,0.0,4.86,0.0,4.21,250.13028
68.687612,78.361279,509.08,0,15496.3952,0.08564181955927402,26,0.0,0,0,0,30.44,5.0,1012.9,0,12.96,0.0,5.3933333333333335,0.0,4.69,49.488611
76.92207,88.772821,339.98,0,10083.8068,0.09246722367160926,28,2.0,2,2,0,29.66,5.09,1012.6,0,11.88,0.0,5.6066666666666665,0.0,5.09,0.38452381
88.401094,103.95737,0.0,0,0.0,0.13812631651645432,40,10.8,36,0,0,16.44,18.5,1015.1,36,15.48,0.0,14.176666666666668,0.0,13.1,83.949167
77.835638,89.847459,29.37,0,480.19950000000006,0.16234887737478412,47,9.9,33,0,0,16.35,19.88,1015.1,33,17.28,0.0,15.32,0.0,13.68,392.18089
66.629171,75.64427,194.91,0,3999.5532,0.143017672898151,42,8.1,27,0,0,20.52,16.7,1014.6,27,17.64,0.0,13.456666666666665,0.0,11.75,1123.1703
55.310264,61.630836,376.47,0,9351.5148,0.11745360582569887,35,6.9,23,0,0,24.84,19.16,1014.1,23,23.76,0.0,17.71666666666667,0.0,16.92,1700.4577
44.284441,48.049683,546.46,1,14508.513,0.0900900900900901,27,5.7,19,0,0,26.55,24.65,1014.3,19,26.28,0.0,23.03333333333333,0.0,22.87,2271.7903
34.237552,35.457581,687.97,1,19256.2803,0.07969715082685794,24,5.4,18,0,0,27.99,24.88,1013.5,18,29.88,0.0,23.583333333333332,0.0,22.78,2337.6061
26.629689,25.437931,795.66,1,23384.4474,0.06610696106299994,20,5.1,17,0,0,29.39,22.45,1013.2,17,30.6,0.0,21.28333333333333,0.0,20.7,2409.8939
24.018065,21.773588,885.55,1,26982.708499999997,0.04940386008826823,15,0.0,0,0,0,30.47,20.66,1013.3,0,38.16,0.0,19.903333333333332,0.0,19.41,2516.371
27.812648,26.998635,906.02,1,28358.426,0.04598456232550501,14,0.0,0,0,0,31.3,19.41,1013.0,0,33.84,0.0,18.746666666666666,0.0,18.16,2284.5681
36.073309,37.724293,876.65,1,28035.267,0.04260479140038672,13,0.0,0,0,0,31.98,17.57,1012.6,0,32.04,0.0,17.146666666666665,0.0,16.81,1913.4215
46.398705,50.580699,798.33,0,25897.8252,0.03599594227559803,11,0.3,1,0,0,32.44,15.63,1011.8,1,29.52,0.0,15.226666666666667,0.0,15.07,1363.0129
57.531748,64.275894,674.62,0,21884.6728,0.03599594227559803,11,0.0,0,0,0,32.44,12.92,1011.6,0,27.72,0.0,12.86,0.0,12.22,662.58884
68.87085,78.3455,521.54,0,16193.817,0.042735042735042736,13,0.0,0,0,0,31.05,16.98,1011.8,0,14.76,0.0,16.53,0.0,15.91,26.366205
77.109248,88.773255,342.65,0,10193.8375,0.04621987454605481,14,0.0,0,0,0,29.75,16.58,1012.2,0,14.04,0.0,15.766666666666666,0.0,15.14,0.000595238
88.566417,103.93186,0.0,0,0.0,0.08993738974021932,26,0.0,0,0,0,15.94,15.82,1015.2,0,15.48,0.0,12.386666666666665,0.0,11.09,38.994444
77.987165,89.800309,24.92,0,398.2216,0.1037595545256459,30,0.0,0,0,0,15.98,20.88,1015.0,0,16.56,0.0,14.923333333333332,0.0,13.58,425.99949
66.775512,75.576046,185.12,0,3559.8576000000003,0.08892537109241398,26,0.0,0,0,0,19.23,15.82,1015.0,0,18.0,0.0,10.59,0.0,8.05,1143.205
55.459024,61.537176,373.8,0,8829.156,0.06739225662971325,20,0.0,0,0,0,23.62,9.18,1014.5,0,19.08,0.0,8.833333333333334,0.0,8.65,1757.7222
44.446989,47.922447,551.8,1,15031.031999999997,0.04993508439029262,15,0.0,0,0,0,27.24,11.3,1013.7,0,17.64,0.0,10.726666666666667,0.0,10.19,2185.4592
34.430369,35.281959,699.54,1,20608.4484,0.036350418029807346,11,0.0,0,0,0,29.46,17.6,1012.9,0,28.8,0.0,16.526666666666667,0.0,16.3,2467.6794
26.86907,25.197723,812.57,1,25197.795700000002,0.02630194634402946,8,0.0,0,0,0,31.01,19.62,1012.6,0,31.68,0.0,18.69,0.0,18.36,2590.5403
24.288832,21.508652,854.4,1,27674.016,0.022910257249459977,7,44.0,44,0,44,32.39,18.36,1012.7,0,32.04,0.0,17.43,0.0,16.83,1464.256
28.065944,26.801945,895.34,1,29770.055,0.02284595300261097,7,0.0,0,0,0,33.25,17.71,1012.4,0,35.64,0.0,16.849999999999998,0.0,16.64,1827.2729
36.293348,37.602403,870.42,1,29550.759000000002,0.026050146532074245,8,0.0,0,0,0,33.95,12.43,1011.9,0,33.84,0.0,12.026666666666666,0.0,11.72,934.935
46.596814,50.508166,789.43,0,26887.9858,0.02604081898375704,8,0.0,0,0,0,34.06,10.03,1011.4,0,33.12,0.0,9.9,0.0,9.36,1507.5567
57.7204,64.236813,644.36,0,21618.278,0.026084121291164004,8,10.0,10,0,10,33.55,12.25,1011.5,0,30.6,0.0,12.133333333333333,0.0,11.53,537.54667
69.059027,78.331663,487.72,0,15880.163200000003,0.0294396650420333,9,0.0,0,0,0,32.56,14.06,1011.5,0,31.68,0.0,14.030000000000001,0.0,13.34,139.29611
77.484977,89.012663,331.08,0,10233.682799999999,0.032888245740972176,10,0.0,0,0,0,30.91,18.0,1011.9,0,33.48,0.0,17.28333333333333,0.0,16.56,14.931733
88.733877,103.90423,0.0,0,0.0,0.25972227031893896,75,27.0,27,0,27,15.62,9.36,1015.6,0,7.56,0.0,5.43,0.0,3.83,45.754402
78.13986,89.750411,25.81,0,400.055,0.2632946474969687,76,21.0,21,0,21,15.5,7.07,1016.0,0,5.04,0.0,4.793333333333334,0.0,3.76,419.53556
66.923149,75.505082,186.9,0,3465.1259999999997,0.2159827213822894,63,18.0,18,0,18,18.54,3.05,1016.0,0,3.6,0.0,2.5066666666666664,0.0,2.28,1103.9186
55.609384,61.440722,365.79,0,7988.8536,0.162717380250178,48,0.0,0,0,0,21.84,1.94,1015.7,0,8.28,0.0,2.21,0.0,2.41,1676.2972
44.611702,47.792273,533.11,1,13620.960500000001,0.11047874121191832,33,0.0,0,0,0,25.55,2.04,1015.3,0,6.48,0.0,1.9266666666666667,0.0,1.8,2162.6519
34.626205,35.103012,679.96,1,19616.846,0.0728476821192053,22,0.0,0,0,0,28.85,1.84,1014.0,0,5.76,0.0,1.4866666666666666,0.0,1.48,2422.7314
27.112452,24.953346,794.77,1,24844.5102,0.049275647974770874,15,0.0,0,0,0,31.26,2.41,1013.4,0,15.84,0.0,2.17,0.0,1.94,2480.4978
24.564478,21.240051,861.52,1,25914.521599999996,0.07255218810803682,22,0.0,0,0,0,30.08,10.24,1014.6,0,29.88,0.0,10.443333333333333,0.0,10.24,2441.3278
28.324802,26.604662,878.43,1,27055.644,0.0723803257114657,22,42.0,42,0,42,30.8,11.54,1014.2,0,29.88,0.0,11.656666666666666,0.0,11.18,2184.9475
36.519013,37.48163,750.27,1,23183.342999999997,0.06906758756783425,21,100.0,167,0,100,30.9,11.17,1014.0,67,29.52,0.0,11.286666666666667,0.0,10.81,1752.3178
46.800279,50.437323,621.22,0,19388.2762,0.06242607438559601,19,100.0,198,0,100,31.21,11.88,1013.2,98,29.52,0.0,11.886666666666665,0.0,11.52,1099.8365
57.914131,64.19963,566.93,0,17705.223899999997,0.05913660555884093,18,100.0,157,0,100,31.23,12.57,1013.2,57,29.16,0.0,12.339999999999998,0.0,11.79,654.33422
69.252077,78.319796,481.49,0,14704.7046,0.059270967104613256,18,73.0,84,0,73,30.54,13.68,1013.3,11,30.24,0.0,13.63,0.0,13.36,92.023889
77.405832,88.660988,333.75,0,9742.1625,0.06284315671098764,19,1.2,4,0,0,29.19,14.24,1013.2,4,30.96,0.0,14.046666666666667,0.0,13.44,0.20432099
96.943447,114.81855,0.0,0,0.0,0.3119304640403757,89,100.0,294,100,94,12.17,11.84,1019.1,100,7.92,0.0,10.863333333333335,0.0,10.5,0.29310345
88.903192,103.87426,0.0,0,0.0,0.31244514656836936,89,100.0,206,100,6,11.7,13.28,1019.8,100,8.28,0.0,12.123333333333333,0.0,11.79,103.5013
78.293716,89.697779,20.47,0,249.32459999999998,0.3014053902498861,86,100.0,158,100,27,12.18,11.37,1019.7,31,8.64,0.0,10.713333333333333,0.0,10.59,433.3314
67.072063,75.431405,169.99,0,2310.1641,0.27551091581223414,79,10.0,10,0,10,13.59,11.01,1020.0,0,9.72,0.0,10.713333333333333,0.0,10.59,789.46842
55.761314,61.341509,339.09,0,5428.8309,0.235163923087564,68,0.0,0,0,0,16.01,9.53,1020.2,0,8.28,0.0,9.37,0.0,9.11,1600.4072
44.77851,47.659185,525.1,1,10171.187000000002,0.17776562286339398,52,0.0,0,0,0,19.37,9.36,1019.3,0,7.56,0.0,9.540000000000001,0.0,9.23,2233.9267
34.824889,34.920687,681.74,1,15148.262799999999,0.15573687239733217,46,0.0,0,0,0,22.22,12.98,1018.2,0,9.72,0.0,12.903333333333334,0.0,12.52,2438.5142
27.359453,24.704467,799.22,1,19229.2332,0.1413142222670839,42,0.0,0,0,0,24.06,15.73,1018.1,0,15.48,0.0,15.58,0.0,15.28,2549.1047
24.844472,20.967245,861.52,1,23528.1112,0.09651867137056513,29,0.0,0,0,0,27.31,7.57,1017.6,0,10.44,0.0,7.59,0.0,7.57,2497.5328
28.588842,26.406624,884.66,1,25212.809999999998,0.08619260732637163,26,0.0,0,0,0,28.5,15.23,1016.9,0,21.96,0.0,15.086666666666666,0.0,14.87,2304.7931
36.750109,37.361992,854.4,1,24401.663999999997,0.08948990752709556,27,0.0,0,0,0,28.56,18.0,1017.0,0,25.56,0.0,17.64,0.0,17.28,1942.19
47.008998,50.368209,776.08,0,22226.931200000003,0.08283906027370026,25,0.0,0,0,0,28.64,19.44,1016.3,0,27.0,0.0,18.959999999999997,0.0,18.36,1394.7378
58.112876,64.164371,657.71,0,18639.5014,0.07960463033599789,24,0.0,0,0,0,28.34,19.49,1016.5,0,27.0,0.0,18.883333333333333,0.0,18.03,691.37376
69.449955,78.309909,504.63,0,13983.2973,0.07312371202552684,22,0.0,0,0,0,27.71,19.08,1016.7,0,27.72,0.0,18.599999999999998,0.0,18.0,20.510556
89.074325,103.84199,0.0,0,0.0,0.3383736914454901,96,3.0,3,3,0,10.56,2.62,1021.1,0,2.52,0.0,1.4866666666666666,0.0,1.48,40.020278
78.448669,89.642426,19.58,0,222.23299999999998,0.31985940246045697,91,0.0,0,0,0,11.35,2.1,1020.7,0,2.52,0.0,2.7733333333333334,0.0,3.32,430.66889
67.222223,75.355058,169.99,0,2435.9567,0.24349519966606376,70,0.0,0,0,0,14.33,0.8,1020.0,0,10.44,0.0,1.6066666666666667,0.0,2.41,1156.2622
55.91481,61.239613,351.55,0,6721.636,0.14712423444075684,43,0.0,0,0,0,19.12,5.9,1019.4,0,5.04,0.0,5.7,0.0,5.4,1780.1068
44.947444,47.523304,523.32,1,11732.834400000002,0.1048820922285753,31,0.0,0,0,0,22.42,11.71,1019.2,0,15.84,0.0,11.22,0.0,11.21,2240.5258
35.026503,34.735191,668.39,1,16743.1695,0.08383635144198524,25,0.0,0,0,0,25.05,9.45,1018.0,0,12.96,0.0,9.466666666666667,0.0,9.45,2522.2417
27.610232,24.451447,780.53,1,21448.9644,0.07650600405814456,23,0.0,0,0,0,27.48,10.39,1017.2,0,12.24,0.0,10.273333333333333,0.0,10.04,2610.7439
25.128996,20.690742,885.55,1,24255.2145,0.05989219405070873,18,0.0,0,0,0,27.39,12.85,1019.2,0,16.56,0.0,12.83,0.0,12.5,2552.4529
28.858143,26.208225,904.24,1,25553.8224,0.05640157924421885,17,0.0,0,0,0,28.26,12.43,1018.8,0,16.56,0.0,12.526666666666666,0.0,12.07,2331.9806
36.986642,37.243705,872.2,1,25189.136000000002,0.056285799423898296,17,0.0,0,0,0,28.88,11.37,1018.2,0,15.84,0.0,11.493333333333334,0.0,11.09,1933.9055
47.222944,50.300942,790.32,0,23077.344,0.052918802712088646,16,0.0,0,0,0,29.2,11.87,1017.2,0,18.36,0.0,11.876666666666665,0.0,11.62,1372.2514
58.316592,64.1311,666.61,0,19465.012,0.052918802712088646,16,0.0,0,0,0,29.2,12.76,1017.1,0,19.8,0.0,12.696666666666667,0.0,12.41,672.71056
69.652599,78.30203,505.52,0,14493.2584,0.04969849579219402,15,0.0,0,0,0,28.67,14.04,1017.0,0,19.44,0.0,13.796666666666667,0.0,13.57,26.886389
89.247144,103.80735,0.0,0,0.0,0.2049678652075734,59,0.0,0,0,0,14.7,37.14,1018.4,0,19.08,0.0,25.863333333333333,0.0,21.67,77.754652
78.604676,89.584364,20.47,0,324.0401,0.21454771956536786,62,29.0,29,0,29,15.83,37.61,1018.0,0,25.92,0.0,26.603333333333335,0.0,22.01,413.44972
67.373599,75.276074,172.66,0,3653.4856,0.15969555910434577,47,90.0,91,1,90,21.16,28.44,1017.0,0,25.92,0.0,24.843333333333334,0.0,23.77,1072.3517
56.069852,61.135088,243.86,0,5696.5696,0.13153013389093118,39,100.0,103,3,100,23.36,22.73,1016.2,0,17.64,0.0,20.213333333333335,0.0,19.16,1674.7322
45.11849,47.38471,221.61,1,5699.8092,0.1104158998895841,33,100.0,100,0,100,25.72,20.99,1015.7,0,16.2,0.0,19.069999999999997,0.0,18.13,2111.6142
35.23102,34.546621,407.62,1,11274.7692,0.0997307270370001,30,74.0,148,74,74,27.66,15.75,1014.5,0,20.16,0.0,15.333333333333334,0.0,14.92,2409.753
27.86472,24.194366,464.58,1,13904.8794,0.0857859311072984,26,10.0,20,10,10,29.93,13.1,1014.2,0,18.72,0.1,12.87,0.1,12.07,2297.5583
25.417933,20.410621,863.3,1,26727.768,0.05261254151458355,16,0.0,0,0,0,30.96,15.91,1015.1,0,13.32,0.0,15.446666666666667,0.0,14.57,2486.2347
29.132593,26.009635,881.99,1,27844.4243,0.05578892097663429,17,0.0,0,0,0,31.57,16.7,1014.7,0,14.04,0.0,16.15666666666667,0.0,15.35,1592.5647
37.228531,37.126906,849.06,1,27144.4482,0.05571578395385422,17,0.0,0,0,0,31.97,16.78,1014.4,0,15.84,0.0,16.226666666666663,0.0,15.41,1745.3692
47.442057,50.235609,768.96,0,24560.582400000003,0.05899898390638828,18,0.0,0,0,0,31.94,16.36,1013.2,0,17.64,0.0,15.856666666666667,0.0,15.07,1032.6849
58.525225,64.09987,628.34,0,19924.6614,0.0590434953749262,18,100.0,100,0,100,31.71,16.55,1013.1,0,20.16,0.0,15.87,0.0,15.28,492.4
69.859955,78.296181,385.37,0,11907.932999999999,0.06577865482650881,20,100.0,106,6,100,30.9,14.76,1012.9,0,20.88,0.0,14.17,0.0,13.49,38.6675
89.421477,103.77024,0.0,0,0.0,0.16422046597557222,48,0.0,0,0,0,19.14,18.78,1012.4,0,14.76,0.0,14.200000000000001,0.0,13.36,65.8875
78.761688,89.523602,16.91,0,329.40680000000003,0.1332741003998223,39,0.0,0,0,0,19.48,29.37,1012.5,0,19.08,0.0,20.243333333333336,0.0,16.39,408.48878
67.52616,75.194487,162.87,0,3833.9598,0.10448616400957228,31,0.0,0,0,0,23.54,25.52,1011.5,0,24.48,0.0,21.05333333333333,0.0,18.95,1079.1839
56.22642,61.027992,344.43,0,8497.0881,0.137667047209724,41,0.0,0,0,0,24.67,26.28,1011.5,0,20.88,0.0,24.040000000000003,0.0,22.88,1703.1508
45.291631,47.243485,517.09,0,13449.510900000001,0.15042117930204574,45,0.0,0,0,0,26.01,28.24,1012.3,0,22.68,0.0,26.290000000000003,0.0,25.28,2160.9162
35.438415,34.35508,655.93,1,17736.347199999997,0.14990506012858523,45,0.0,0,0,0,27.04,27.87,1011.2,0,22.32,0.0,26.30333333333333,0.0,25.68,2209.1659
28.122855,23.933304,754.72,1,21592.5392,0.1325556733828208,40,0.0,0,0,0,28.61,25.56,1010.7,0,21.24,0.0,24.366666666666664,0.0,23.77,1870.9742
25.711186,20.126997,828.59,1,23846.820200000002,0.10267280495479086,31,10.0,20,10,10,28.78,20.52,1012.2,0,18.72,0.0,19.80666666666667,0.0,19.45,1993.7503
29.412097,25.811059,458.35,1,12893.3855,0.10953266064790229,33,20.0,30,20,10,28.13,13.05,1011.8,0,12.96,0.0,12.69,0.0,12.25,983.39111
37.475705,37.011743,569.6,1,17099.392,0.0956559026288881,29,10.0,20,10,10,30.02,8.77,1011.2,0,16.2,0.0,8.656666666666666,0.0,8.09,1061.6614
47.666282,50.172303,381.81,0,11335.938900000001,0.08915598996169595,27,100.0,110,100,10,29.69,11.17,1011.0,0,19.08,0.0,10.926666666666668,0.0,10.09,1284.5586
58.738721,64.070731,410.29,0,12214.3333,0.0759276376601083,23,100.0,100,100,0,29.77,16.92,1011.2,0,20.88,0.0,16.326666666666668,0.0,15.84,622.15305
70.071967,78.292384,469.03,0,13855.1462,0.06937791139449602,21,0.0,0,0,0,29.54,16.58,1011.3,0,19.08,0.0,16.22,0.0,15.52,40.427886
89.773752,103.68805,0.0,0,0.0,0.3119632654491921,89,100.0,100,100,0,12.14,13.36,1019.5,0,14.76,0.0,12.483333333333334,0.0,12.02,36.511742
79.078556,89.394034,9.79,0,115.03249999999998,0.3123903123903124,89,100.0,100,100,0,11.75,13.36,1019.3,0,17.28,0.0,12.766666666666666,0.0,12.26,387.15318
67.834709,75.023644,109.47,0,1347.5757,0.2837525397603868,81,100.0,100,100,0,12.31,14.51,1019.6,0,18.36,0.0,14.04,0.0,13.24,1075.8994
56.544044,60.80631,342.65,0,4824.512,0.2158548898095603,62,1.0,1,1,0,14.08,18.09,1019.8,0,21.6,0.0,17.266666666666666,0.0,16.3,1893.0317
45.644113,46.953457,534.0,0,8549.34,0.176372942315673,51,0.0,0,0,0,16.01,19.67,1019.7,0,28.44,0.0,18.973333333333333,0.0,18.17,2327.195
35.861677,33.96347,682.63,1,12362.4293,0.16823456705349174,49,0.0,0,0,0,18.11,20.97,1018.3,0,31.68,0.0,20.069999999999997,0.0,18.97,2598.7353
28.649708,23.399466,793.88,1,15687.068800000001,0.15704482605578507,46,0.0,0,0,0,19.76,22.27,1017.8,0,31.32,0.0,21.50333333333333,0.0,20.47,2389.8005
26.310075,19.549388,861.52,1,17609.468800000002,0.11240164855751218,33,0.0,0,0,0,20.44,22.45,1019.1,0,23.76,0.0,21.666666666666668,0.0,20.9,2332.7353
29.985729,25.414573,879.32,1,18870.2072,0.1120124910899155,33,0.0,0,0,0,21.46,21.2,1018.6,0,22.32,0.0,20.423333333333332,0.0,19.41,1893.0283
37.985529,36.786853,846.39,1,18747.5385,0.11513714866237726,34,0.0,0,0,0,22.15,21.17,1018.1,0,23.76,0.0,20.400000000000002,0.0,19.64,645.65022
48.129789,50.052104,764.51,0,17170.8946,0.11501640675213966,34,0.0,0,0,0,22.46,21.39,1017.3,0,28.08,0.0,20.623333333333335,0.0,19.86,781.24077
59.180071,64.018919,641.69,0,14328.9377,0.11845133342358198,35,35.0,35,35,0,22.33,21.44,1016.9,0,24.84,0.0,20.593333333333334,0.0,19.64,501.22695
70.509725,78.291025,406.73,0,8667.4163,0.13244583305032942,39,10.0,10,10,0,21.31,21.07,1016.9,0,29.52,0.0,20.136666666666667,0.0,19.27,20.416648
97.557653,113.94198,0.0,0,0.0,0.280839710735098,80,100.0,100,100,0,11.71,21.07,1018.7,0,16.2,0.0,14.953333333333333,0.0,12.41,1.1594203
89.951452,103.64289,0.0,0,0.0,0.33304988662131524,94,0.0,0,0,0,9.09,20.62,1018.8,0,19.08,0.0,14.013333333333335,0.0,11.59,129.21222
79.238305,89.325256,16.91,0,159.2922,0.3220440952684291,91,2.7,9,0,0,9.42,17.56,1019.0,9,12.6,0.0,12.96,0.0,10.63,460.01333
67.990637,74.934467,169.99,0,1946.3855,0.26352775825720315,75,4.5,17,2,0,11.45,15.26,1019.0,15,12.96,0.0,14.12,0.0,13.32,1079.5974
56.705073,60.691856,351.55,0,4675.615000000001,0.2269156920928609,65,0.0,0,0,0,13.3,15.5,1018.9,0,13.68,0.0,14.780000000000001,0.0,14.04,1463.9189
45.823458,46.804852,520.65,0,7945.119,0.19763531084220382,57,0.0,0,0,0,15.26,14.8,1019.0,0,13.68,0.0,14.313333333333333,0.0,13.72,1181.2256
36.077574,33.763693,665.72,1,11430.412400000001,0.17222375310002755,50,2.1,7,0,0,17.17,13.0,1017.8,7,14.04,0.0,12.756666666666666,0.0,12.29,1772.7464
28.918467,23.127097,779.64,1,14875.531199999998,0.14714437258323926,43,0.0,0,0,0,19.08,12.25,1016.8,0,14.4,0.0,12.25,0.0,11.88,2177.1027
26.61572,19.25597,743.15,1,13451.015000000001,0.15107296137339055,44,100.0,200,0,100,18.1,14.76,1018.5,100,14.04,0.0,14.520000000000001,0.0,14.04,1815.2601
30.279787,25.217233,771.63,1,15664.089,0.12267848014994037,36,100.0,161,0,100,20.3,12.65,1017.2,61,12.24,0.0,12.76,0.0,12.29,1734.6906
38.248078,36.677464,688.86,1,14727.826799999999,0.10864767595830646,32,56.0,80,0,56,21.38,15.5,1016.9,24,17.64,0.0,15.266666666666666,0.0,14.78,1484.8372
48.368966,49.9954,747.6,0,16305.155999999999,0.10170870626525631,30,56.0,89,0,56,21.81,18.36,1015.8,33,19.8,0.0,17.88,0.0,17.28,876.38765
59.407813,63.996348,623.89,0,13525.9352,0.09157819760539973,27,77.0,177,0,77,21.68,17.37,1015.4,100,20.52,0.0,16.873333333333335,0.0,16.3,539.13643
70.735345,78.293502,459.24,0,9758.85,0.08831521739130435,26,100.0,200,0,100,21.25,18.03,1015.5,100,21.24,0.0,17.303333333333335,0.0,16.6,64.232778
90.130015,103.59492,0.0,0,0.0,0.33664068036853295,95,0.0,0,0,0,9.05,18.36,1017.2,0,19.8,0.0,12.993333333333334,0.0,11.73,86.391111
79.398883,89.25384,12.46,0,121.36040000000001,0.32521474778182335,92,2.0,2,2,0,9.74,16.24,1017.3,0,18.36,0.0,12.18,0.0,10.64,423.13833
68.14763,74.842838,154.86,0,1866.0630000000003,0.2805049088359046,80,0.0,0,0,0,12.05,13.34,1017.1,0,18.0,0.0,12.65,0.0,12.29,1224.5454
56.867549,60.575072,339.09,0,4815.0779999999995,0.24012528275622066,69,0.0,0,0,0,14.2,14.15,1016.9,0,18.36,0.0,13.623333333333335,0.0,13.0,1914.5412
46.004834,46.653958,506.41,0,8300.0599,0.20031774538923813,58,10.0,10,10,0,16.39,15.89,1017.2,0,16.56,0.0,15.323333333333332,0.0,14.69,1932.8497
36.296232,33.561381,623.89,1,11186.3477,0.16490311941734231,48,10.0,10,10,0,17.93,17.87,1016.4,0,18.36,0.0,17.38,0.0,16.81,2224.6643
29.190606,22.851097,741.37,1,14360.3369,0.13674278681799537,40,0.0,0,0,0,19.37,16.87,1015.8,0,16.2,0.0,16.5,0.0,15.82,2304.7087
26.92525,18.959431,840.16,1,18122.2512,0.10518458197611293,31,35.0,37,0,35,21.57,11.44,1014.5,2,17.28,0.0,11.323333333333332,0.0,10.66,2358.0372
30.578454,25.020674,851.73,1,19163.925,0.09808895653644513,29,13.0,13,0,13,22.5,10.59,1013.9,0,19.44,0.0,10.703333333333333,0.0,10.14,1999.5948
38.515568,36.570269,822.36,1,19078.752,0.09448287497891009,28,46.0,56,10,46,23.2,11.44,1013.6,0,22.32,0.0,11.443333333333333,0.0,10.97,975.68861
48.612986,49.941056,748.49,0,17522.1509,0.09441596978688967,28,2.0,2,2,0,23.41,13.4,1012.5,0,20.16,0.0,13.280000000000001,0.0,12.73,672.89753
59.640177,63.976049,635.46,0,14837.991000000002,0.09443507588532883,28,0.6,2,0,0,23.35,14.97,1012.5,2,20.52,0.0,14.65,0.0,14.01,354.94234
70.965374,78.298098,401.39,0,9159.719799999999,0.10136162448896849,30,97.0,113,97,0,22.82,14.37,1012.8,16,19.08,0.0,14.106666666666667,0.0,13.44,41.159167
90.309409,103.54418,0.0,0,0.0,0.28526148969889065,81,2.1,7,0,0,10.8,12.68,1015.3,7,12.24,0.0,10.236666666666666,0.0,10.11,27.198889
79.560244,89.17981,11.57,0,132.0137,0.29519257801518134,84,0.0,0,0,0,11.41,16.52,1014.6,0,15.84,0.0,12.386666666666665,0.0,11.61,425.52278
68.305665,74.748807,151.3,0,2316.4030000000002,0.2565347015184081,74,0.0,0,0,0,15.31,15.14,1014.2,0,12.6,0.0,13.693333333333333,0.0,13.32,1159.1381
57.031463,60.456031,334.64,0,5943.2064,0.21999931250214846,64,0.0,0,0,0,17.76,14.04,1013.8,0,12.6,0.0,13.200000000000001,0.0,12.96,1655.2028
46.188243,46.50088,509.08,0,10283.416,0.16703596386568947,49,0.0,0,0,0,20.2,8.05,1013.9,0,11.88,0.0,7.840000000000001,0.0,7.9,1083.7403
36.517661,33.356682,654.15,1,14515.5885,0.13543712331550078,40,0.0,0,0,0,22.19,8.67,1013.2,0,14.4,0.0,8.316666666666666,0.0,7.93,699.35858
29.466128,22.571655,732.47,1,17081.2004,0.12480183492427566,37,100.0,100,100,0,23.32,9.66,1012.1,0,16.92,0.0,9.456666666666667,0.0,8.71,1198.7233
27.238644,18.660021,803.67,1,18918.391799999998,0.12133877110789039,36,52.0,52,52,0,23.54,9.18,1012.3,0,18.36,0.0,9.24,0.0,8.85,1417.4953
30.881673,24.825164,443.22,1,10623.983400000001,0.1245288099084545,37,100.0,110,100,10,23.97,11.97,1011.9,0,19.08,0.0,11.893333333333333,0.0,11.21,1966.3816
38.787933,36.465422,389.82,1,9612.9612,0.1242402874315839,37,100.0,100,100,0,24.66,12.48,1011.5,0,19.08,0.0,12.479999999999999,0.0,11.68,890.89
48.861784,49.889155,509.97,0,12937.938900000001,0.12059493501272947,36,100.0,100,100,0,25.37,18.28,1010.7,0,20.16,0.0,17.673333333333336,0.0,16.87,369.54419
59.877097,63.958064,388.93,0,9637.6854,0.12419024603094689,37,100.0,100,100,0,24.78,22.07,1010.8,0,21.6,0.0,21.24,0.0,20.47,275.53917
71.199741,78.30482,363.12,0,8940.0144,0.12425697686133594,37,2.0,2,2,0,24.62,21.57,1010.9,0,20.16,0.0,20.403333333333332,0.0,19.47,42.713216
90.489677,103.49073,0.0,0,0.0,0.33222591362126247,95,0.0,0,0,0,12.8,6.73,1013.3,0,4.32,0.0,5.233333333333333,0.0,4.39,35.704298
79.722349,89.103192,10.68,0,137.3448,0.328659837068634,94,0.0,0,0,0,12.86,2.41,1013.3,0,2.52,0.0,3.2100000000000004,0.0,4.32,429.98723
68.464718,74.652422,146.85,0,2414.214,0.2589868434683518,75,0.0,0,0,0,16.44,1.8,1012.8,0,2.88,0.0,1.4533333333333331,0.0,1.48,1157.1476
57.196804,60.334805,329.3,0,6352.197,0.2120093010532075,62,0.0,0,0,0,19.29,2.88,1012.2,0,5.4,0.0,2.7699999999999996,0.0,2.88,1628.6011
46.373678,46.345717,490.39,0,10734.6371,0.17285791757049893,51,10.0,10,10,0,21.89,4.55,1012.1,0,6.84,0.0,4.1066666666666665,0.0,4.1,2218.885
36.741843,33.149725,516.2,1,11485.45,0.16249153689911985,48,10.0,20,10,10,22.25,3.88,1011.3,0,4.68,0.0,3.513333333333333,0.0,3.76,2245.0872
29.744988,22.288893,305.27,1,7005.946499999999,0.1485984464707869,44,100.0,110,100,10,22.95,2.9,1010.8,0,4.32,0.0,2.4933333333333336,0.0,2.74,2669.6589
27.555822,18.357894,795.66,1,19740.3246,0.13424620754463687,40,10.0,10,10,0,24.81,10.08,1011.4,0,14.04,0.0,10.206666666666665,0.0,9.72,2706.2756
31.189349,24.630929,677.29,1,16627.4695,0.13100436681222707,39,58.0,58,58,0,24.55,10.8,1011.1,0,13.68,0.0,10.686666666666667,0.0,10.45,2050.5335
39.065087,36.363061,397.83,1,9957.6849,0.12408612247635659,37,92.0,92,92,0,25.03,9.75,1010.8,0,14.4,0.0,9.766666666666666,0.0,9.37,669.83167
49.115285,49.839768,389.82,0,9866.3442,0.12061917844937346,36,10.0,10,10,0,25.31,9.23,1009.8,0,15.48,0.0,9.270000000000001,0.0,8.89,950.4599
60.118503,63.942423,325.74,0,8290.083,0.11386470194239787,34,51.0,51,51,0,25.45,11.49,1009.8,0,14.4,0.0,11.223333333333334,0.0,10.69,440.54806
71.438373,78.313673,384.48,0,9834.9984,0.11046764636963145,33,100.0,100,100,0,25.58,11.75,1009.7,0,17.28,0.0,11.436666666666667,0.0,10.95,44.813056
90.670693,103.43453,0.0,0,0.0,0.30425963488843816,87,1.0,1,1,0,12.79,10.7,1012.8,0,9.72,0.0,8.203333333333333,0.0,7.7,54.931111
79.885179,89.024022,9.79,0,121.2002,0.3081987882184009,88,0.0,0,0,0,12.38,6.64,1013.0,0,6.12,0.0,4.023333333333333,0.0,3.24,441.99167
68.624772,74.553733,146.85,0,2218.9035,0.25671268993269963,74,0.0,0,0,0,15.11,2.52,1013.1,0,2.16,0.0,2.1733333333333333,0.0,2.16,1133.3865
57.363551,60.211463,331.97,0,6151.404100000001,0.20227646736149207,59,0.0,0,0,0,18.53,3.62,1012.7,0,3.96,0.0,3.7266666666666666,0.0,3.96,1762.0738
46.561102,46.188554,505.52,0,10964.7288,0.15940849274182609,47,0.0,0,0,0,21.69,10.85,1012.6,0,7.2,0.0,10.72,0.0,10.85,2230.1981
36.968693,32.940592,631.01,1,14456.4391,0.14186313585084104,42,10.0,10,10,0,22.91,13.14,1012.2,0,11.16,0.0,12.783333333333333,0.0,12.43,2496.2165
30.027007,22.002757,763.62,1,18563.602199999998,0.1277482686747798,38,0.6,2,0,0,24.31,9.23,1012.0,2,12.24,0.0,9.453333333333335,0.0,9.23,2556.4758
27.876534,18.052884,845.5,1,21889.995,0.09697699304440878,29,0.0,0,0,0,25.89,11.16,1012.0,0,13.32,0.0,11.163333333333332,0.0,10.8,2510.7549
31.501262,24.438047,864.19,1,23013.3797,0.0934018280072053,28,0.0,0,0,0,26.63,12.24,1012.1,0,16.2,0.0,12.243333333333334,0.0,11.88,2281.6144
39.346879,36.263273,831.26,1,22477.270399999998,0.08994303607715114,27,0.0,0,0,0,27.04,13.34,1012.3,0,17.64,0.0,13.339999999999998,0.0,13.0,1827.1442
49.373382,49.792947,749.38,0,20353.1608,0.08657720355632513,26,0.0,0,0,0,27.16,13.04,1011.5,0,18.0,0.0,12.9,0.0,12.32,1315.0325
60.364311,63.929147,626.56,0,16967.244799999997,0.08660027312393832,26,0.0,0,0,0,27.08,13.04,1011.5,0,20.88,0.0,13.043333333333331,0.0,12.73,614.01856
71.681196,78.324652,469.03,0,12466.817399999998,0.08674473692990359,26,0.0,0,0,0,26.58,13.98,1012.1,0,21.96,0.0,13.703333333333333,0.0,13.28,34.814176
90.852459,103.37565,0.0,0,0.0,0.3101477557847784,89,0.0,0,0,0,13.81,33.36,1016.8,0,14.04,0.0,23.80333333333333,0.0,19.92,36.909167
80.048656,88.942324,8.9,0,128.427,0.306001808192503,88,9.0,9,9,0,14.43,33.09,1016.8,0,15.48,0.0,24.906666666666666,0.0,20.96,435.51139
68.785809,74.452808,144.18,0,2504.4066000000003,0.265041993666529,77,9.0,9,9,0,17.37,29.52,1016.6,0,24.84,0.0,25.819999999999997,0.0,24.19,1156.1971
57.531727,60.086105,328.41,0,6262.778700000001,0.24296762713024436,71,5.0,5,5,0,19.07,26.83,1016.6,0,18.36,0.0,24.996666666666666,0.0,24.22,1786.2442
46.75059,46.029546,501.96,0,10827.2772,0.20697611292073834,61,0.0,0,0,0,21.57,23.09,1017.0,0,16.92,0.0,21.983333333333334,0.0,21.25,2207.8272
37.19837,32.729558,649.7,1,15488.848000000002,0.17172295363480256,51,0.0,0,0,0,23.84,19.0,1015.9,0,18.0,0.0,18.293333333333333,0.0,17.94,2470.6783
30.312473,21.71384,725.35,1,18685.016000000003,0.1405105215616741,42,10.0,20,10,10,25.76,14.97,1015.8,0,15.12,0.0,14.496666666666668,0.0,14.26,2601.1618
28.201125,17.745962,839.27,1,22870.1075,0.09653794940079895,29,0.0,0,0,0,27.25,6.03,1016.0,0,9.36,0.0,5.62,0.0,5.59,2527.7304
31.817614,24.247111,857.07,1,24297.934500000003,0.08291873963515754,25,0.0,0,0,0,28.35,3.05,1015.6,0,8.64,0.0,2.8200000000000003,0.0,2.81,2311.5195
39.633364,36.166297,825.03,1,24074.375399999997,0.07607581119968247,23,0.0,0,0,0,29.18,3.55,1015.3,0,9.36,0.0,3.4933333333333336,0.0,3.22,1882.3234
49.63606,49.748793,744.04,0,21941.739599999997,0.07269362939466033,22,0.0,0,0,0,29.49,6.92,1014.8,0,11.52,0.0,6.923333333333333,0.0,6.7,1316.8029
60.614465,63.918277,621.22,0,18257.6558,0.07271765716929994,22,0.0,0,0,0,29.39,8.59,1014.6,0,14.4,0.0,8.49,0.0,8.09,601.00722
71.928124,78.337758,463.69,0,13409.9148,0.07283080080775979,22,0.0,0,0,0,28.92,9.51,1014.7,0,13.68,0.0,9.406666666666666,0.0,9.02,38.288611
91.03513,103.31423,0.0,0,0.0,0.2849497862876603,82,0.0,0,0,0,14.62,32.81,1020.1,0,20.52,0.0,22.613333333333333,0.0,19.21,47.984167
80.212788,88.858146,8.01,0,120.0699,0.3158186992434234,91,0.0,0,0,0,14.99,31.09,1020.3,0,26.28,0.0,22.75333333333333,0.0,19.83,433.83667
68.947813,74.3497,140.62,0,2683.0296,0.256647161482394,75,0.0,0,0,0,19.08,22.91,1020.2,0,15.12,0.0,19.80666666666667,0.0,18.78,1131.2842
57.7013,59.958797,324.85,0,7357.8525,0.18931710615280598,56,0.0,0,0,0,22.65,14.21,1019.9,0,10.8,0.0,13.583333333333334,0.0,13.4,1746.6781
46.94207,45.868763,501.96,0,13136.2932,0.11359080582654016,34,0.0,0,0,0,26.17,4.9,1019.5,0,6.84,0.0,5.066666666666666,0.0,4.61,2166.9175
37.430704,32.516649,652.37,1,18305.5022,0.07635868663058996,23,0.0,0,0,0,28.06,5.86,1019.1,0,12.24,0.0,5.84,0.0,5.45,2416.8733
30.601047,21.421877,769.85,1,22402.635000000002,0.06947890818858561,21,0.0,0,0,0,29.1,6.85,1018.9,0,10.8,0.0,6.8933333333333335,0.0,6.49,2650.0081
28.529137,17.436577,840.16,1,25272.012799999997,0.06265870791148634,19,0.0,0,0,0,30.08,9.79,1018.8,0,11.52,0.0,9.68,0.0,9.29,2422.2056
32.138035,24.058024,861.52,1,26465.894399999997,0.05594497647020107,17,0.0,0,0,0,30.72,8.94,1018.9,0,11.16,0.0,9.126666666666667,0.0,8.71,2373.6456
39.924313,36.072159,828.59,1,25810.5785,0.05257969109431483,16,0.0,0,0,0,31.15,7.15,1018.7,0,11.88,0.0,7.223333333333333,0.0,6.88,1233.1646
49.903173,49.707328,746.71,0,23327.2204,0.05256414468280824,16,0.0,0,0,0,31.24,6.19,1017.6,0,9.72,0.0,6.336666666666666,0.0,5.9,837.35059
60.868862,63.909816,622.11,0,19316.5155,0.055884286653517426,17,0.0,0,0,0,31.05,5.69,1017.5,0,9.36,0.0,5.7633333333333345,0.0,5.19,363.24215
72.179076,78.352977,462.8,0,14138.54,0.05597629239380968,17,3.0,3,0,3,30.55,5.35,1017.4,0,8.64,0.0,5.516666666666667,0.0,5.09,101.51511
91.218072,103.24988,0.0,0,0.0,0.1655343656240301,48,0.0,0,0,0,16.82,29.22,1020.4,0,11.88,0.0,20.573333333333334,0.0,17.67,43.228766
80.377525,88.771526,7.12,0,115.98479999999999,0.24184632393587618,70,0.0,0,0,0,16.29,33.55,1020.6,0,21.6,0.0,23.19333333333333,0.0,19.47,432.58153
69.110773,74.244477,138.84,0,2850.3852,0.20089893761917738,59,0.0,0,0,0,20.53,21.96,1020.1,0,11.88,0.0,17.64,0.0,15.84,1061.2881
57.872279,59.829634,323.07,0,8047.6737,0.13420116755015768,40,0.0,0,0,0,24.91,14.04,1019.4,0,11.88,0.0,13.446666666666667,0.0,12.96,1757.9489
47.135573,45.706339,497.51,0,13960.130599999999,0.08631851532153648,26,0.0,0,0,0,28.06,12.31,1018.9,0,10.44,0.0,12.136666666666665,0.0,11.79,1898.3633
37.665759,32.302073,645.25,1,18776.775,0.0794044665012407,24,0.0,0,0,0,29.1,13.45,1017.9,0,14.76,0.0,13.303333333333333,0.0,13.01,2295.9717
30.892827,21.127218,760.95,1,22539.339000000004,0.07926809129041848,24,0.0,0,0,0,29.62,15.84,1017.7,0,15.48,0.0,15.42,0.0,15.04,2527.6392
28.86067,17.125265,776.97,1,23728.6638,0.0691494616220488,21,10.0,20,10,10,30.54,15.94,1017.9,0,18.72,0.0,15.406666666666666,0.0,15.14,1906.6982
32.462551,23.871172,606.09,1,17825.106900000002,0.07271285034373347,22,10.0,10,0,10,29.41,15.89,1017.6,0,18.0,0.1,15.37,0.1,15.11,378.04582
40.219692,35.981024,616.77,1,19119.87,0.06575702778234424,20,10.0,10,0,10,31.0,17.78,1017.1,0,18.72,0.2,17.05,0.2,16.85,568.57668
50.174659,49.668623,690.64,0,21188.835199999998,0.06582628443537505,20,10.0,10,0,10,30.68,18.53,1016.4,0,18.0,0.2,17.94666666666667,0.2,17.73,316.96778
61.127428,63.903785,501.07,0,14616.2119,0.07607832759989415,23,10.0,20,10,10,29.17,18.36,1016.2,0,16.92,0.2,17.56,0.2,17.4,125.47389
72.433964,78.370297,332.86,0,9736.155,0.07605820105820106,23,10.0,20,10,10,29.25,16.92,1016.0,0,18.72,0.2,16.073333333333334,0.2,15.65,16.687533
91.401786,103.18301,0.0,0,0.0,0.18962247888295125,55,0.0,0,0,0,16.9,22.77,1015.4,0,8.64,0.0,16.076666666666664,0.0,14.21,45.284444
80.542863,88.682516,6.23,0,100.3653,0.2177971375233354,63,0.0,0,0,0,16.11,33.0,1015.4,0,15.48,0.0,22.88,0.0,19.44,438.81139
69.274677,74.137204,136.17,0,2576.3364,0.22597322559660357,66,0.0,0,0,0,18.92,27.8,1014.8,0,19.08,0.0,23.326666666666668,0.0,21.27,1130.5908
58.044645,59.698698,321.29,0,7013.7607,0.18984337921215,56,0.0,0,0,0,21.83,25.21,1014.3,0,21.6,0.0,22.936666666666667,0.0,21.97,1787.7698
47.331054,45.542369,500.18,0,12394.4604,0.13761621857483303,41,0.0,0,0,0,24.78,23.84,1013.6,0,22.68,0.0,22.563333333333333,0.0,21.75,2252.2699
37.903421,32.085911,644.36,1,16804.9088,0.1136249707582796,34,0.0,0,0,0,26.08,26.76,1012.2,0,25.2,0.0,25.203333333333333,0.0,24.27,2515.3178
31.187585,20.829751,735.14,1,19819.3744,0.09329912365465998,28,0.0,0,0,0,26.96,34.64,1011.9,0,30.96,0.0,32.18666666666667,0.0,31.1,661.30815
29.195422,16.811749,776.97,1,20822.796000000002,0.1033505584264044,31,10.0,20,10,10,26.8,11.44,1012.9,0,15.12,0.0,11.113333333333335,0.0,10.95,141.84712
32.790901,23.686602,793.88,1,21657.0464,0.09319974702925808,28,10.0,20,10,10,27.28,10.01,1011.9,0,16.56,0.0,9.6,0.0,9.5,124.52844
40.519317,35.892954,763.62,1,20961.369,0.09314703925482369,28,10.0,20,10,10,27.45,10.18,1011.1,0,13.68,0.0,10.156666666666666,0.0,9.83,1127.6914
50.450389,49.632704,686.19,0,18732.987,0.09319354301880513,28,10.0,20,10,10,27.3,10.08,1010.6,0,14.04,0.0,10.206666666666665,0.0,9.72,979.84961
61.390058,63.900184,356.0,0,9152.76,0.10372749782506861,31,40.0,50,40,10,25.71,11.18,1010.2,0,14.76,0.0,11.24,0.0,10.82,436.01972
71.371085,76.692276,178.0,0,4458.900000000001,0.11066398390342053,33,29.0,39,29,10,25.05,11.25,1010.1,0,15.48,0.0,11.31,0.0,10.54,49.022101
91.58613,103.11359,0.0,0,0.0,0.30158507504558846,86,100.0,175,100,50,12.01,19.88,1011.8,25,24.84,0.0,17.89,0.0,16.87,59.597928
80.708745,88.591157,7.12,0,79.744,0.27782662212062603,79,100.0,110,100,10,11.2,18.86,1012.4,0,21.24,0.0,16.813333333333333,0.0,15.79,545.03389
69.439516,74.027959,137.95,0,1640.2255,0.2561044063991019,73,17.0,17,17,0,11.89,16.64,1012.9,0,18.72,0.0,15.506666666666668,0.0,14.57,980.55528
58.218417,59.566094,323.07,0,4419.5976,0.21266952550291116,61,0.0,0,0,0,13.68,15.78,1012.3,0,17.28,0.0,14.956666666666665,0.0,14.19,1863.6147
47.528564,45.377004,500.18,0,7852.826,0.17656222953089842,51,0.0,0,0,0,15.7,14.17,1012.3,0,18.72,0.0,13.906666666666666,0.0,13.04,2312.6614
38.143784,31.868403,648.81,1,11263.341599999998,0.15145778114350625,44,0.0,0,0,0,17.36,15.04,1011.0,0,24.48,0.0,14.69,0.0,13.71,2594.8739
31.485479,20.529917,763.62,1,14524.0524,0.11979327104083241,35,0.0,0,0,0,19.02,15.73,1010.6,0,23.76,0.0,15.533333333333337,0.0,14.59,2664.4003
29.533564,16.496747,833.04,1,17452.188,0.09860591635498131,29,0.0,0,0,0,20.95,15.55,1010.5,0,27.72,0.0,15.020000000000001,0.0,14.47,2598.9283
33.123161,23.504769,850.84,1,18556.8204,0.09831841605641443,29,0.0,0,0,0,21.81,17.06,1009.8,0,28.08,0.0,16.783333333333335,0.0,15.99,2393.5026
40.823177,35.808121,816.13,1,18264.9894,0.09812878557168478,29,0.0,0,0,0,22.38,18.29,1008.9,0,31.68,0.0,17.87,0.0,16.81,1993.2708
50.730307,49.599636,732.47,0,16473.2503,0.10147476660803681,30,0.0,0,0,0,22.49,19.21,1008.5,0,32.4,0.0,18.95,0.0,17.81,1479.1111
61.656675,63.899027,606.98,0,13232.164,0.1118833700627225,33,0.0,0,0,0,21.8,24.61,1008.5,0,23.76,0.0,23.72,0.0,22.82,645.00889
72.955179,78.411153,447.67,0,9226.4787,0.12935729847494554,38,0.0,0,0,0,20.61,28.67,1008.7,0,25.92,0.0,26.646666666666665,0.0,25.41,51.830278
91.771113,103.04168,0.0,0,0.0,0.31636570453576,89,0.0,0,0,0,8.17,21.25,1013.9,0,18.72,0.0,15.776666666666669,0.0,14.49,51.122335
80.875173,88.497514,5.34,0,43.0938,0.30581039755351686,86,0.0,0,0,0,8.07,20.12,1013.9,0,23.04,0.0,15.183333333333332,0.0,13.68,522.08411
69.605286,73.916817,135.28,0,1327.0968,0.2650551314673452,75,0.0,0,0,0,9.81,19.77,1014.5,0,21.96,0.0,17.71,0.0,16.68,1243.309
58.393583,59.431915,324.85,0,3713.0355,0.23543467566237966,67,0.0,0,0,0,11.43,20.93,1014.7,0,21.24,0.0,19.473333333333333,0.0,18.36,1820.2157
47.728064,45.210353,502.85,0,6582.306500000001,0.20612073784237006,59,0.0,0,0,0,13.09,19.91,1014.9,0,20.52,0.0,18.896666666666665,0.0,17.88,1505.6722
38.38675,31.649656,638.13,1,9361.3671,0.1876172607879925,54,10.0,10,10,0,14.67,18.37,1014.9,0,18.72,0.0,17.703333333333333,0.0,16.87,1938.5708
31.786307,20.227662,650.59,1,10305.3456,0.16609571265441714,48,16.0,16,16,0,15.84,16.49,1015.3,0,18.72,0.0,16.153333333333332,0.0,15.48,2453.9663
29.874818,16.180039,841.05,1,15357.573,0.12010569300984868,35,0.0,0,0,0,18.26,14.62,1015.2,0,21.24,0.0,14.336666666666668,0.0,13.55,1834.0144
33.459082,23.325732,860.63,1,16722.0409,0.10937179574817145,32,0.0,0,0,0,19.43,14.48,1014.8,0,23.76,0.0,14.090000000000002,0.0,13.39,2360.3841
41.131089,35.726578,825.92,1,16700.1024,0.10566860960561748,31,0.0,0,0,0,20.22,13.98,1014.7,0,23.76,0.0,13.950000000000001,0.0,13.18,2018.5128
51.014278,49.569436,742.26,0,15297.978599999999,0.10552832244008716,31,0.0,0,0,0,20.61,14.98,1014.3,0,19.08,0.0,14.69,0.0,13.9,1415.88
61.927168,63.900304,614.99,0,12674.9439,0.10212418300653595,30,0.0,0,0,0,20.61,15.63,1014.4,0,23.4,0.0,15.353333333333333,0.0,14.57,642.78306
73.221311,78.434636,453.01,0,9105.501,0.10912190963341858,32,0.0,0,0,0,20.1,16.32,1015.0,0,23.76,0.0,15.886666666666665,0.0,15.28,44.675278
91.956541,102.96722,0.0,0,0.0,0.24468952799744675,69,0.0,0,0,0,8.84,2.6,1021.1,0,1.8,0.0,4.38,0.0,5.45,26.596389
81.042116,88.401644,4.45,0,38.4925,0.24840312278211502,70,0.0,0,0,0,8.65,2.16,1021.0,0,2.16,0.0,4.92,0.0,6.84,455.57043
69.771985,73.803863,130.83,0,1496.6952,0.20731578762430164,59,0.0,0,0,0,11.44,2.19,1020.7,0,1.8,0.0,3.5799999999999996,0.0,4.45,1227.4575
58.570159,59.29627,318.62,0,4817.5344,0.1665105630138412,48,0.0,0,0,0,15.12,2.97,1020.2,0,4.68,0.0,2.83,0.0,2.9,1864.3468
47.929585,45.04256,497.51,0,9104.433,0.12352032938754504,36,0.0,0,0,0,18.3,3.32,1020.2,0,3.6,0.0,2.893333333333333,0.0,2.81,2306.9997
38.632363,31.429883,647.92,1,13496.173599999998,0.09184298251581742,27,0.0,0,0,0,20.83,2.31,1019.6,0,2.16,0.0,1.9066666666666665,0.0,1.8,2554.545
32.090123,19.923309,764.51,1,17407.8927,0.07772370911057043,23,0.0,0,0,0,22.77,1.14,1019.1,0,4.68,0.0,0.62,0.0,0.72,2669.8543
30.219223,15.862082,829.48,1,20363.734,0.08397715821296607,25,0.0,0,0,0,24.55,11.3,1018.3,0,11.16,0.0,10.653333333333334,0.0,10.5,2604.2594
33.798639,23.149818,849.06,1,21727.445399999997,0.08033741715203857,24,0.0,0,0,0,25.59,11.73,1017.8,0,11.52,0.0,11.496666666666668,0.0,11.38,2375.3303
41.442984,35.648447,815.24,1,21424.5072,0.07681261062685771,23,0.0,0,0,0,26.28,12.92,1017.4,0,15.48,0.0,12.57,0.0,12.22,1967.3468
51.302215,49.54214,732.47,0,19461.7279,0.07340184171893768,22,0.0,0,0,0,26.57,12.07,1016.9,0,15.12,0.0,11.816666666666668,0.0,11.72,1360.3592
62.201441,63.904008,606.98,0,16127.4586,0.07340184171893768,22,0.0,0,0,0,26.57,12.65,1016.7,0,13.68,0.0,12.063333333333333,0.0,11.93,607.85417
73.397253,78.339146,445.89,0,11642.187899999999,0.07351466951814475,22,0.0,0,0,0,26.11,13.04,1016.3,0,13.68,0.0,12.596666666666666,0.0,12.73,42.373293
92.142369,102.89022,0.0,0,0.0,0.3342036553524804,96,7.0,7,7,0,14.1,32.14,1017.1,0,22.32,0.0,25.176666666666666,0.0,22.91,28.901073
81.209573,88.303618,3.56,0,50.4808,0.33759092332857693,97,100.0,100,100,0,14.18,31.78,1016.9,0,25.92,0.0,26.55,0.0,25.01,446.25336
69.939615,73.689185,125.49,0,2019.1341,0.29041626331074544,84,10.0,10,10,0,16.09,29.91,1016.9,0,25.56,0.0,25.709999999999997,0.0,23.42,1212.3762
58.748136,59.159264,314.17,0,5834.1369,0.22624434389140274,66,0.0,0,0,0,18.57,24.88,1016.7,0,24.84,0.0,22.939999999999998,0.0,21.97,1860.5789
48.133093,44.873749,490.39,0,11136.7569,0.13181910363009533,39,0.0,0,0,0,22.71,18.1,1016.0,0,18.36,0.0,17.36,0.0,16.77,2272.63
38.880525,31.209205,639.91,1,15952.9563,0.0939345142243693,28,0.0,0,0,0,24.93,16.29,1015.3,0,23.04,0.0,15.449999999999998,0.0,15.02,2529.3587
32.396731,19.616799,755.61,1,19668.5283,0.09024667424293069,27,0.0,0,0,0,26.03,16.81,1014.9,0,21.96,0.0,16.05333333333333,0.0,15.82,2537.5319
30.566522,15.542691,825.92,1,22514.5792,0.07656203188975068,23,0.0,0,0,0,27.26,10.95,1015.1,0,20.16,0.0,10.616666666666667,0.0,10.46,2620.045
34.141599,22.977122,841.94,1,23751.1274,0.0730023891691001,22,0.0,0,0,0,28.21,8.85,1014.5,0,19.08,0.0,8.589999999999998,0.0,8.22,1390.2645
41.758682,35.57378,795.66,1,22827.4854,0.0728862973760933,22,30.0,100,0,0,28.69,9.36,1014.1,100,19.8,0.0,9.13,0.0,9.03,1749.2973
51.593977,49.517755,694.2,0,20041.554000000004,0.06953181908482882,21,6.3,21,0,0,28.87,11.04,1013.2,21,20.16,0.0,10.806666666666665,0.0,10.37,1256.9811
62.479376,63.910116,596.3,0,17095.921,0.06957789410907163,21,59.0,59,0,59,28.67,13.32,1013.3,0,21.6,0.0,13.36,0.0,12.61,480.18018
73.386813,78.000099,440.55,0,12101.9085,0.07650854899873595,23,5.0,5,0,5,27.47,19.16,1014.0,0,17.28,0.0,18.5,0.0,17.7,39.105589
92.328804,102.81095,0.0,0,0.0,0.25114234887857967,72,3.3,11,0,0,13.54,7.7,1017.0,11,7.56,0.0,9.17,0.0,11.16,73.565556
81.377491,88.203491,4.45,0,59.363,0.2373555796013823,68,3.0,10,0,0,13.34,15.38,1016.8,10,12.6,0.0,12.803333333333335,0.0,12.72,367.83684
70.108186,73.572882,130.83,0,2125.9875,0.1900483759502419,55,0.0,0,0,0,16.25,13.78,1016.6,0,13.32,0.0,11.013333333333334,0.0,9.23,1182.3179
58.927564,59.021027,309.72,0,6448.370400000001,0.13266659863251354,39,0.0,0,0,0,20.82,11.79,1015.9,0,18.0,0.0,11.076666666666668,0.0,10.14,1861.7247
48.33868,44.704098,486.83,0,11766.6811,0.10090138571236379,30,0.0,0,0,0,24.17,21.61,1015.5,0,23.76,0.0,20.113333333333333,0.0,19.34,2188.9931
39.131398,30.987919,634.57,1,16181.535000000002,0.09040683073832245,27,0.0,0,0,0,25.5,26.14,1014.6,0,26.28,0.0,24.456666666666667,0.0,23.9,2481.646
32.70639,19.308774,749.38,1,20180.8034,0.08331111703545721,25,0.0,0,0,0,26.93,20.88,1014.5,0,23.04,0.0,20.2,0.0,19.6,2555.2162
30.916992,15.222921,806.34,1,22746.851400000003,0.05309264666843643,16,4.8,16,0,0,28.21,12.29,1014.4,16,18.72,0.0,12.12,0.0,11.57,2376.9769
34.488111,22.808159,822.36,1,23609.9556,0.056317498177963304,17,3.6,12,0,0,28.71,14.76,1014.2,12,19.44,0.0,14.573333333333332,0.0,14.04,2163.7159
42.078203,35.502726,789.43,1,22948.730099999997,0.05955926146515784,18,1.2,4,0,0,29.07,14.4,1014.1,4,20.88,0.0,14.333333333333334,0.0,13.68,1909.8967
51.889515,49.496318,712.0,0,20690.719999999998,0.06287018960325602,19,0.0,0,0,0,29.06,15.68,1013.5,0,21.6,0.0,15.64,0.0,14.56,1259.5536
62.760885,63.918616,591.85,0,16938.747000000003,0.07290320442721278,22,0.0,0,0,0,28.62,17.03,1013.8,0,17.64,0.0,16.810000000000002,0.0,15.98,598.1148
73.757762,78.151067,430.76,0,11944.9748,0.08308960382876894,25,0.0,0,0,0,27.73,17.87,1013.9,0,18.36,0.0,17.463333333333335,0.0,16.74,35.454203
92.515894,102.72948,0.0,0,0.0,0.246331055060195,71,0.0,0,0,0,15.08,5.4,1017.9,0,5.76,0.0,2.76,0.0,1.44,26.158027
81.545926,88.101368,2.67,0,39.1956,0.25709620261960187,74,0.0,0,0,0,14.68,6.16,1017.7,0,5.4,0.0,5.413333333333333,0.0,5.04,453.7975
70.277704,73.455048,119.26,0,1989.2568,0.22771969775385573,66,0.0,0,0,0,16.68,6.92,1018.2,0,5.4,0.0,5.47,0.0,4.8,1221.2642
59.108409,58.88166,305.27,0,6340.457899999999,0.17011431682090367,50,0.0,0,0,0,20.77,6.64,1017.6,0,6.48,0.0,6.263333333333333,0.0,6.21,1835.1403
48.546245,44.53371,483.27,0,11554.9857,0.13128660876590587,39,0.0,0,0,0,23.91,7.93,1017.3,0,7.2,0.0,7.580000000000001,0.0,7.57,2250.6703
39.384742,30.766072,631.9,1,16549.461,0.10690185073829092,32,0.0,0,0,0,26.19,7.95,1016.5,0,8.28,0.0,7.71,0.0,7.59,2491.9956
33.018646,18.998812,747.6,1,20865.516,0.0896831196439248,27,0.0,0,0,0,27.91,9.37,1015.8,0,10.8,0.0,9.13,0.0,9.01,2574.2581
31.27006,14.901822,804.56,1,23710.383199999997,0.06939395942105611,21,1.2,4,0,0,29.47,14.76,1016.6,4,15.12,0.0,14.28,0.0,14.04,2506.9982
34.837704,22.642745,832.15,1,25189.1805,0.06261947135983127,19,3.6,12,0,0,30.27,15.12,1015.8,12,15.12,0.0,14.64,0.0,14.4,2295.7552
42.401235,35.435253,790.32,1,24444.5976,0.05590634043672718,17,4.2,14,0,0,30.93,15.52,1015.4,14,15.48,0.0,15.026666666666666,0.0,14.78,1900.2189
52.188622,49.477794,712.0,0,22107.600000000002,0.05259697567389875,16,0.0,0,0,0,31.05,16.04,1014.8,0,18.36,0.0,15.546666666666667,0.0,15.33,1299.1597
63.045819,63.92946,593.63,0,18319.4218,0.05262984770237821,16,0.0,0,0,0,30.86,16.81,1014.6,0,15.48,0.0,16.176666666666666,0.0,15.68,584.91611
73.848609,77.937353,432.54,0,13045.4064,0.052751310540371237,16,0.0,0,0,0,30.16,18.29,1014.5,0,15.12,0.0,17.383333333333333,0.0,17.11,37.154545
92.703431,102.64575,0.0,0,0.0,0.20035234377698716,58,0.0,0,0,0,16.34,37.46,1018.1,0,28.8,0.0,27.763333333333335,0.0,23.8,33.411234
81.714827,87.997311,2.67,0,42.346199999999996,0.20760527317393862,60,0.0,0,0,0,15.86,40.01,1018.4,0,36.36,0.0,28.96666666666667,0.0,24.34,434.43609
70.44819,73.335795,119.26,0,2274.2882,0.16768188351242216,49,0.0,0,0,0,19.07,34.03,1018.1,0,19.44,0.0,28.043333333333333,0.0,25.41,1167.671
59.290728,58.741304,306.16,0,6701.8424,0.13896420824295014,41,0.0,0,0,0,21.89,30.6,1017.7,0,20.16,0.0,27.17,0.0,25.81,1818.8888
48.755883,44.362774,483.27,0,12047.9211,0.11406333870101987,34,0.0,0,0,0,24.93,27.95,1017.8,0,23.76,0.0,25.896666666666665,0.0,25.05,2228.2461
39.640712,30.54396,630.12,1,17139.264,0.09655402030963876,29,1.5,5,0,0,27.2,26.34,1016.7,5,24.84,0.0,24.786666666666665,0.0,24.19,2493.6701
33.33374,18.687534,740.48,1,21392.4672,0.08608131373328037,26,1.8,6,0,0,28.89,25.57,1016.2,6,25.92,0.0,24.13,0.0,23.41,2571.189
31.625988,14.580437,814.35,1,24829.5315,0.07904096956922672,24,0.0,0,0,0,30.49,24.91,1016.2,0,24.84,0.0,23.8,0.0,23.07,2466.4392
35.190516,22.481375,821.47,1,25629.864,0.07557088877936587,23,4.5,15,0,0,31.2,26.65,1015.3,15,25.92,0.0,25.44333333333333,0.0,24.84,2239.9772
42.72779,35.371488,784.09,1,24988.9483,0.06884794439708872,21,6.3,21,0,0,31.87,27.19,1014.7,21,28.08,0.0,25.95,0.0,25.33,1721.6919
52.49124,49.462203,705.77,0,22464.659099999997,0.06557807069316021,20,4.8,16,0,0,31.83,26.21,1014.1,16,27.0,0.0,24.926666666666666,0.0,24.38,1197.7567
63.334084,63.942621,587.4,0,18555.966,0.062348231279123194,19,6.3,21,0,0,31.59,26.08,1013.7,21,24.48,0.0,24.52333333333333,0.0,23.81,466.43023
74.037301,77.847685,428.09,0,13240.823699999999,0.06577216521967903,20,30.0,110,0,10,30.93,24.34,1013.8,100,20.16,0.0,22.843333333333334,0.0,22.26,18.702344
92.891328,102.55978,0.0,0,0.0,0.23766877927803803,69,0.0,0,0,0,17.17,40.1,1017.0,0,29.88,0.0,30.900000000000002,0.0,26.83,38.628804
81.884239,87.891428,1.78,0,29.921799999999998,0.2448613601876121,71,0.0,0,0,0,16.81,40.78,1017.2,0,33.12,0.0,31.650000000000002,0.0,27.95,299.33823
70.619659,73.215227,112.14,0,2176.6374,0.20508613617719443,60,0.0,0,0,0,19.41,37.73,1016.6,0,34.92,0.0,31.906666666666663,0.0,29.52,1118.6208
59.474513,58.600077,296.37,0,6561.6318,0.16255206745910802,48,0.0,0,0,0,22.14,37.98,1016.3,0,32.04,0.0,33.21,0.0,31.0,1767.7775
48.967541,44.19142,473.48,0,11685.4864,0.1343048047543901,40,0.0,0,0,0,24.68,37.59,1016.2,0,31.68,0.0,33.843333333333334,0.0,32.14,2219.8267
39.899162,30.321707,621.22,1,16735.666800000003,0.11329934353027427,34,0.0,0,0,0,26.94,37.8,1015.0,0,33.12,0.0,34.42666666666667,0.0,32.69,2498.3902
33.651388,18.374774,728.91,1,20854.1151,0.0994167550371156,30,45.0,56,0,45,28.61,38.52,1014.8,11,34.2,0.0,35.45666666666667,0.0,33.88,2532.109
31.984406,14.258259,806.34,1,24415.9752,0.08568697887486407,26,0.0,0,0,0,30.28,23.44,1014.9,0,32.76,0.0,22.53,0.0,21.9,2413.0292
35.546222,22.324024,792.1,1,24555.100000000002,0.08219628472793031,25,10.0,20,10,10,31.0,24.92,1014.5,0,35.64,0.0,23.653333333333332,0.0,23.02,1728.42
43.057628,35.311427,736.92,1,23087.703599999997,0.0788229111928534,24,10.0,20,10,10,31.33,29.22,1014.3,0,38.52,0.0,27.52333333333333,0.0,26.81,1055.2497
51.193997,47.2446,656.82,0,20479.6476,0.07886176190319719,24,10.0,20,10,10,31.18,30.6,1013.8,0,38.16,0.2,28.503333333333334,0.2,27.7,50.525
64.736464,65.419181,524.21,0,15794.4473,0.08243207596940122,25,63.0,192,63,63,30.13,29.63,1013.7,66,37.44,0.5,27.426666666666666,0.5,26.73,9.5052083
74.784316,78.480443,273.23,0,8131.324800000001,0.08253276550790664,25,10.0,20,10,10,29.76,22.96,1013.4,0,36.0,0.5,21.33666666666667,0.5,20.7,74.309538
93.079884,102.47187,0.0,0,0.0,0.3159991756543244,92,1.2,4,0,0,17.99,32.74,1015.0,4,25.2,0.3,26.513333333333332,0.3,24.29,83.309722
82.054109,87.783779,1.78,0,31.8442,0.322979659153381,94,4.8,18,2,0,17.89,33.14,1014.7,16,26.64,0.0,26.41,0.0,23.77,217.5825
70.792141,73.093462,120.15,0,2383.7760000000003,0.28669920475101546,84,14.7,60,4,7,19.84,29.16,1014.9,49,27.36,0.0,25.320000000000004,0.0,23.76,643.89694
59.659831,58.458126,291.03,0,6233.8625999999995,0.2478188546016227,73,64.0,164,0,64,21.42,27.8,1014.8,100,28.08,0.0,25.613333333333333,0.0,24.52,1255.5147
49.181331,44.019843,421.86,0,9694.3428,0.21612129807854658,64,73.0,173,0,73,22.98,28.17,1014.8,100,26.64,0.0,26.040000000000003,0.0,25.15,704.55639
40.160273,30.099626,505.52,1,12172.921599999998,0.18840628469535378,56,100.0,200,0,100,24.08,25.28,1014.1,100,25.2,0.0,23.72,0.0,22.77,305.31662
33.971865,18.061232,566.04,1,14411.3784,0.15739593449650047,47,100.0,200,0,100,25.46,22.1,1013.7,100,25.92,0.0,21.006666666666668,0.0,20.46,272.77528
32.345608,13.936486,219.83,1,5159.4101,0.15170925763603263,45,100.0,285,85,100,23.47,7.42,1015.6,100,28.08,1.3,7.533333333333334,1.3,6.95,1821.2948
35.904986,22.171194,209.15,1,4825.0905,0.1620417257443792,48,100.0,290,100,100,23.07,12.24,1015.7,90,30.96,1.5,12.136666666666668,1.5,12.24,561.15694
43.390778,35.255182,170.88,1,3778.1567999999997,0.17950281108175845,53,79.0,237,79,79,22.11,9.36,1016.0,79,31.68,1.1,9.36,1.1,9.36,1084.9256
53.10643,49.439729,590.96,0,14259.864800000001,0.14464477933261574,43,100.0,212,56,100,24.13,2.6,1014.8,56,22.32,1.2,2.2833333333333337,1.2,2.41,1015.3472
63.920091,63.975691,303.49,0,7253.411,0.13465746507322002,40,4.0,4,0,4,23.9,4.33,1014.3,0,24.48,0.7,4.09,0.7,3.98,572.11778
74.139776,77.304181,168.21,0,3771.2682000000004,0.13871502520553508,41,19.0,19,0,19,22.42,8.89,1014.4,0,24.12,0.4,8.610000000000001,0.4,8.23,44.193197
93.269003,102.38204,0.0,0,0.0,0.29391182645206443,84,3.0,10,0,0,12.65,9.79,1017.4,10,9.72,0.0,8.276666666666666,0.0,8.21,64.873545
82.224476,87.674474,1.78,0,22.0898,0.3046645188401737,87,5.4,18,0,0,12.41,8.91,1017.1,18,10.8,0.0,6.666666666666667,0.0,5.94,381.79807
70.965656,72.970613,120.15,0,1752.9885000000002,0.2780287759783138,80,4.2,14,0,0,14.59,7.86,1017.6,14,10.44,0.0,5.646666666666667,0.0,4.39,891.69046
59.846681,58.315576,307.05,0,5342.67,0.2340388917570126,68,3.0,10,0,0,17.4,8.12,1017.5,10,10.8,0.0,7.819999999999999,0.0,7.7,1269.5775
49.397206,43.848185,477.04,0,9125.7752,0.20528260572054197,60,10.0,10,10,0,19.13,11.09,1017.3,0,12.6,0.0,10.616666666666667,0.0,10.38,1107.8203
40.423913,29.877858,590.96,1,12191.5048,0.183811015045272,54,10.0,10,10,0,20.63,12.23,1016.8,0,12.24,0.0,11.97,0.0,11.71,2033.7906
34.294914,17.746795,612.32,1,12975.060800000001,0.17326900862947614,51,10.0,10,10,0,21.19,12.1,1016.2,0,11.88,0.0,11.703333333333333,0.0,11.53,1157.9547
32.709264,13.614714,756.5,1,18534.25,0.11422812027549135,34,27.6,92,0,0,24.5,10.45,1016.4,92,10.8,0.0,10.209999999999999,0.0,10.09,1193.5586
36.266511,22.022888,811.68,1,20681.6064,0.10380738706760875,31,0.0,0,0,0,25.48,7.56,1015.6,0,9.72,0.0,7.32,0.0,7.2,1552.9784
43.727013,35.202744,789.43,1,20580.4401,0.09691865517010896,29,5.0,5,5,0,26.07,5.24,1015.2,0,10.08,0.0,5.126666666666667,0.0,5.24,904.50111
53.418778,49.432814,695.98,0,18311.233799999998,0.09684098043144328,29,10.0,10,10,0,26.31,4.8,1014.2,0,16.56,0.0,4.883333333333333,0.0,4.8,374.29917
64.217597,63.995503,438.77,0,11210.5735,0.10713090056913291,32,61.0,61,61,0,25.55,8.09,1014.0,0,19.08,0.0,8.093333333333332,0.0,7.63,296.52917
73.864287,76.603726,253.65,0,6384.370500000001,0.11061946902654868,33,100.0,100,100,0,25.17,9.45,1014.0,0,19.08,0.0,9.486666666666666,0.0,9.22,35.414341
93.458571,102.29027,0.0,0,0.0,0.247145641882484,71,0.0,0,0,0,14.13,20.72,1014.1,0,19.44,0.0,15.816666666666668,0.0,15.16,30.983479
82.395352,87.563609,0.89,0,11.7836,0.28632284646810297,82,5.0,5,5,0,13.24,29.6,1013.7,0,14.4,0.0,19.733333333333334,0.0,16.98,455.80712
71.140223,72.846794,106.8,0,1777.152,0.29331584940819216,85,5.0,5,5,0,16.64,23.04,1013.5,0,17.64,0.0,20.52,0.0,20.16,1084.5632
60.035082,58.172562,299.93,0,5821.6413,0.2358490566037736,69,4.5,15,0,0,19.41,20.19,1013.1,15,16.2,0.0,18.863333333333333,0.0,18.37,1143.7022
49.615173,43.676608,453.9,0,9790.623,0.18322475570032576,54,49.0,156,10,49,21.57,14.93,1013.1,97,16.2,0.0,14.44,0.0,14.15,1016.2909
40.690052,29.656611,373.8,1,7786.254,0.173481189196544,51,100.0,210,10,100,20.83,13.01,1012.5,100,15.48,0.0,12.43,0.0,12.14,1934.4925
34.620456,17.431646,251.87,1,5359.7936,0.16302686546887207,48,100.0,210,10,100,21.28,10.54,1012.3,100,16.92,0.0,10.37,0.0,10.11,1734.7664
33.075252,13.293078,591.85,1,14541.754500000001,0.09404809888485827,28,100.0,200,0,100,24.57,5.86,1012.7,100,11.16,0.0,5.603333333333334,0.0,5.6,1577.1615
36.630655,21.879281,611.43,1,15499.7505,0.09045226130653267,27,100.0,200,0,100,25.35,4.69,1011.9,100,11.88,0.0,4.463333333333334,0.0,4.38,1678.8285
44.066192,35.154142,620.33,1,16184.4097,0.08688677984226709,26,100.0,200,0,100,26.09,4.51,1011.3,100,13.32,0.0,4.536666666666666,0.0,4.2,1409.7319
53.734103,49.428741,623.89,0,16533.085,0.08676789587852496,26,87.0,149,87,59,26.5,8.67,1010.7,3,23.76,0.0,8.763333333333334,0.0,8.44,1145.9691
64.51793,64.017428,380.03,0,9379.140399999998,0.10744384380351207,32,81.0,158,81,77,24.68,14.53,1010.8,0,25.92,0.0,13.93,0.0,14.02,233.65528
74.441859,77.009875,204.7,0,5123.641,0.10061036957542425,30,100.0,156,100,56,25.03,10.51,1010.5,0,23.04,0.0,9.99,0.0,9.73,32.082246
93.648783,102.19681,0.0,0,0.0,0.33549936431699395,95,0.0,0,0,0,10.01,16.09,1013.5,0,13.32,0.0,9.66,0.0,7.41,39.335556
82.566728,87.451272,0.89,0,8.499500000000001,0.3431199151043509,97,4.0,4,4,0,9.55,11.77,1013.6,0,12.6,0.0,8.450000000000001,0.0,7.42,162.56417
71.315863,72.72212,105.02,0,1251.8383999999999,0.3051881993896236,87,98.0,98,98,0,11.92,8.71,1013.9,0,7.92,0.0,8.016666666666667,0.0,7.7,246.46157
60.225056,58.029217,290.14,0,3998.1291999999994,0.2753284773289653,79,88.0,88,88,0,13.78,9.42,1013.8,0,8.28,0.0,9.046666666666667,0.0,8.71,1464.7262
49.835245,43.505278,469.92,0,7349.5488000000005,0.23892794071816895,69,0.0,0,0,0,15.64,10.11,1013.9,0,9.72,0.0,10.0,0.0,9.78,2338.9581
40.958687,29.436112,622.11,1,11409.4974,0.19554701705032765,57,0.0,0,0,0,18.34,12.6,1013.0,0,11.52,0.0,12.603333333333333,0.0,12.25,2649.3127
34.948464,17.116055,723.57,1,14377.335900000002,0.17063681659954952,50,10.0,10,10,0,19.87,14.04,1012.4,0,12.96,0.0,13.92,0.0,13.32,2768.5681
33.44352,12.971926,775.19,1,15844.883600000003,0.163493306992745,48,10.0,29,10,0,20.44,16.3,1013.4,19,12.96,0.0,16.04,0.0,15.58,2647.0167
36.997329,21.740604,773.41,1,16782.997,0.1390537561471935,41,11.4,48,10,0,21.7,14.97,1013.2,38,17.28,0.0,14.82,0.0,14.26,2269.6594
44.408201,35.109414,712.89,1,15933.0915,0.12521150592216582,37,30.0,100,0,0,22.35,15.04,1012.8,100,17.28,0.0,14.663333333333332,0.0,13.98,1284.2861
54.052285,49.427489,610.54,0,13608.936599999999,0.12523693474140266,37,100.0,203,3,100,22.29,16.74,1012.0,100,18.72,0.0,16.25,0.0,15.94,618.34583
64.820967,64.041413,467.25,0,10232.775,0.12879173021521778,38,100.0,300,100,100,21.9,19.59,1012.1,100,19.44,0.0,18.939999999999998,0.0,18.33,251.24394
74.361279,76.557575,293.7,0,6208.818,0.1393183594413674,41,100.0,300,100,100,21.14,21.42,1012.2,100,20.52,0.0,20.16,0.0,19.67,12.449206
92.671169,100.56599,0.0,0,0.0,0.32197572798358276,91,80.0,108,28,80,9.48,10.5,1014.9,0,9.36,0.0,8.796666666666667,0.0,8.47,21.046181
82.738569,87.337533,0.0,0,0.0,0.3037581237637751,86,52.0,62,52,10,9.97,8.56,1015.1,0,7.92,0.0,7.176666666666667,0.0,6.49,266.24556
71.492593,72.596704,47.17,0,520.7568,0.2815018121679158,80,84.0,117,33,84,11.04,4.69,1015.4,0,7.2,0.0,4.803333333333334,0.0,4.68,605.38972
60.416634,57.885678,285.69,0,3765.3941999999997,0.24447316033946845,70,20.0,20,0,20,13.18,3.83,1015.2,0,4.32,0.0,3.8066666666666666,0.0,3.71,1079.3241
50.057467,43.334367,457.46,0,7365.106000000001,0.20397579948141745,59,100.0,100,0,100,16.1,4.84,1014.6,0,3.96,0.0,4.8100000000000005,0.0,4.9,2403.8989
41.229874,29.216617,297.26,1,4863.1736,0.20724672722876586,60,67.0,134,67,67,16.36,3.32,1014.0,0,3.96,0.3,3.4899999999999998,0.3,3.6,1550.3039
35.279007,16.80047,358.67,1,6699.9556,0.1713326251584827,50,31.0,62,31,31,18.68,4.02,1013.7,0,2.88,0.8,4.263333333333333,0.8,4.45,1563.2864
33.814123,12.65196,639.02,1,13080.739399999999,0.1362305020093999,40,10.0,20,10,10,20.47,11.89,1014.7,0,11.52,0.0,11.89,0.0,11.52,1722.4261
37.366523,21.607161,762.73,1,16116.4849,0.1223324724751937,36,10.0,20,10,10,21.13,11.54,1014.2,0,14.4,0.0,11.306666666666667,0.0,10.81,1548.2603
44.752974,35.068615,337.31,1,6756.3193,0.12279145917183984,36,10.0,20,10,10,20.03,9.39,1014.6,0,12.6,0.0,9.273333333333333,0.0,8.65,1343.9304
54.373228,49.429041,530.44,0,10863.4112,0.11579198310799306,34,10.0,20,10,10,20.48,11.93,1014.1,0,15.12,0.0,11.573333333333332,0.0,10.82,1220.4851
65.126596,64.067411,474.37,0,10047.1566,0.10872150307478001,32,10.0,20,10,10,21.18,13.68,1013.9,0,16.2,0.0,13.44,0.0,12.96,553.63422
74.754664,76.720764,377.36,0,7743.4272,0.10896584601763887,32,10.0,20,10,10,20.52,14.87,1014.1,0,17.64,0.0,14.386666666666665,0.0,13.85,30.536552
94.03088,102.00495,0.0,0,0.0,0.3264610908058621,92,0.0,0,0,0,8.66,0.72,1019.0,0,0.72,0.0,1.7533333333333332,0.0,1.94,55.36
82.910886,87.22249,0.0,0,0.0,0.3339609905140868,94,0.0,0,0,0,8.32,4.1,1019.4,0,3.6,0.0,4.38,0.0,4.21,423.013
71.670418,72.470656,99.68,0,1030.6912,0.28925182546121564,82,0.0,0,0,0,10.34,6.12,1019.4,0,4.68,0.0,4.08,0.0,2.41,1061.1883
60.609809,57.74207,288.36,0,4103.3628,0.21922193611246435,63,0.0,0,0,0,14.23,1.94,1019.2,0,6.48,0.0,1.46,0.0,1.14,1688.5569
50.281799,43.164026,468.14,0,8440.5642,0.16484648670925203,48,0.0,0,0,0,18.03,5.63,1019.1,0,3.6,0.0,5.706666666666667,0.0,5.8,2307.8286
41.503511,28.998312,603.42,1,12008.057999999999,0.13308309162259002,39,0.0,0,0,0,19.9,8.94,1017.9,0,9.0,0.0,8.93,0.0,8.94,2594.7578
35.611904,16.484962,733.36,1,15635.235200000001,0.11546167691106056,34,2.0,2,2,0,21.32,7.64,1017.5,0,9.36,0.0,7.566666666666666,0.0,7.64,2675.8306
34.186833,12.333091,789.43,1,17241.1512,0.10508830807823996,31,15.0,44,15,0,21.84,12.03,1018.0,29,13.32,0.0,12.003333333333332,0.0,11.75,1858.341
37.73802,21.479058,716.45,1,16041.3155,0.09812546525005077,29,100.0,112,100,0,22.39,11.59,1017.5,12,11.88,0.0,11.456666666666669,0.0,11.3,1476.3919
45.100326,35.031751,724.46,1,16669.824600000004,0.09116693679092383,27,18.0,22,18,0,23.01,11.89,1017.2,4,12.6,0.0,11.479999999999999,0.0,11.3,1075.6294
54.696777,49.433367,517.09,0,11520.765200000002,0.09477710455945572,28,100.0,113,100,0,22.28,12.82,1016.6,13,13.32,0.0,12.436666666666667,0.0,12.26,605.14689
65.434681,64.095371,304.38,0,6802.893,0.09137055837563451,27,100.0,112,100,0,22.35,11.81,1016.6,12,12.24,0.0,11.513333333333334,0.0,11.25,136.06338
76.186939,78.240064,254.54,0,5620.243199999999,0.09145412051620772,27,100.0,122,100,10,22.08,12.39,1016.3,12,12.24,0.0,11.910000000000002,0.0,11.59,28.103148
94.223018,101.90693,0.0,0,0.0,0.29878027347182684,85,65.0,65,0,65,11.34,26.2,1020.0,0,10.8,0.0,18.01,0.0,15.46,66.335556
83.083633,87.106206,0.0,0,0.0,0.32024211711711714,91,52.0,52,0,52,11.01,28.04,1019.9,0,11.88,0.0,19.786666666666665,0.0,17.64,517.18194
71.849348,72.344081,102.35,0,1502.4979999999998,0.27099329465309385,78,0.0,0,0,0,14.68,19.42,1019.7,0,12.24,0.0,16.876666666666665,0.0,15.94,1182.7783
60.804599,57.598521,283.02,0,4743.4152,0.2380048980718154,69,8.0,8,0,8,16.76,16.87,1019.9,0,15.48,0.0,15.493333333333334,0.0,14.92,1554.2433
50.508262,42.994418,461.91,0,8840.957400000001,0.1915905436381676,56,0.0,0,0,0,19.14,17.32,1020.1,0,15.12,0.0,16.14,0.0,16.06,2090.435
41.779624,28.781443,591.85,1,12340.072500000002,0.16326530612244897,48,10.0,34,10,10,20.85,17.99,1019.4,14,14.04,0.0,17.039999999999996,0.0,16.74,2126.076
35.947187,16.169954,671.95,1,14796.339,0.12535149236033474,37,10.0,41,10,10,22.02,15.33,1019.2,21,10.8,0.0,14.953333333333333,0.0,14.56,2252.7467
34.561669,12.015981,744.93,1,16552.344599999997,0.10833869384162237,32,10.0,20,10,10,22.22,13.08,1019.9,0,11.16,0.0,12.626666666666665,0.0,12.37,596.27306
38.111788,21.35657,768.07,1,17657.9293,0.10130343756331465,30,0.0,0,0,0,22.99,11.18,1019.8,0,9.72,0.0,10.94,0.0,10.82,385.07562
45.450181,34.998868,592.74,0,13674.5118,0.10127607859023699,30,100.0,110,100,10,23.07,11.54,1019.7,0,13.68,0.0,11.18,0.0,11.18,178.72944
55.022832,49.44045,309.72,0,6761.1876,0.10848193097837143,32,100.0,110,100,10,21.83,10.31,1019.6,0,8.28,0.0,9.726666666666667,0.0,9.61,37.107669
94.415253,101.80701,0.0,0,0.0,0.2897842329446268,83,25.0,35,25,10,13.27,24.8,1021.7,0,14.04,0.0,17.57,0.0,14.87,25.241827
83.256859,86.9888,0.0,0,0.0,0.29335754697213107,84,17.0,27,17,10,13.19,25.81,1021.7,0,17.28,0.1,19.099999999999998,0.1,17.02,447.02637
72.029368,72.21708,64.08,0,942.6168,0.2640172305982075,76,0.0,0,0,0,14.71,20.17,1022.0,0,8.28,0.0,17.403333333333336,0.0,16.56,1352.9128
61.000955,57.455144,269.67,0,4659.8976,0.22036291016768245,64,0.0,0,0,0,17.28,15.5,1021.5,0,6.12,0.0,14.526666666666666,0.0,14.4,1805.9656
50.736745,42.825674,456.57,0,9003.560399999998,0.1809676648342268,53,0.0,0,0,0,19.72,9.26,1021.0,0,8.64,0.0,8.91,0.0,8.91,1217.4404
42.057988,28.566149,490.39,1,9837.223399999999,0.13301047031138094,39,23.0,33,23,10,20.06,5.15,1020.6,0,6.84,0.0,5.033333333333334,0.0,4.8,2715.2189
36.284491,15.85523,268.78,1,5461.6096,0.12607762292568236,37,10.0,20,10,10,20.32,3.6,1020.7,0,7.2,0.6,3.36,0.6,3.24,2797.9506
34.938205,11.699928,451.23,1,9435.2193,0.11222199551112018,33,10.0,20,10,10,20.91,8.77,1020.3,0,7.92,0.5,8.433333333333332,0.5,7.97,2694.2201
38.487462,21.239689,603.42,1,12991.632599999999,0.10180534817429078,30,10.0,20,10,10,21.53,8.79,1019.9,0,9.72,0.4,8.333333333333334,0.4,7.99,2436.4659
45.80227,34.96995,577.61,0,12603.450200000001,0.09492490761772385,28,16.0,26,16,10,21.82,7.93,1019.9,0,9.36,0.3,7.5566666666666675,0.3,7.15,1965.7719
55.351194,49.450253,307.94,0,6993.3174,0.08787940242006356,26,10.0,20,10,10,22.71,6.92,1018.9,0,9.0,0.0,6.513333333333333,0.0,6.13,1108.2341
66.057723,64.156992,329.3,0,7366.441000000001,0.08459664320519762,25,60.0,120,60,60,22.37,7.59,1018.7,0,7.92,0.3,7.206666666666667,0.3,6.79,395.16639
75.477138,76.603873,276.79,0,6130.8985,0.08804605485946497,26,10.0,20,10,10,22.15,9.34,1018.8,0,9.72,0.0,8.966666666666667,0.0,8.71,13.49878
94.608673,101.70652,0.0,0,0.0,0.19372336303758236,55,0.0,0,0,0,10.76,13.32,1019.9,0,15.12,0.0,10.219999999999999,0.0,8.94,24.434444
83.430417,86.870272,0.0,0,0.0,0.15821672174952536,45,0.0,0,0,0,11.27,12.78,1019.6,0,11.52,0.0,10.51,0.0,10.11,469.48361
72.210499,72.089757,91.67,0,1304.4641000000001,0.13918853086505673,40,0.0,0,0,0,14.23,11.09,1019.6,0,12.24,0.0,7.973333333333334,0.0,7.42,1249.0342
61.19895,57.312071,280.35,0,5032.2825,0.12366884232222605,36,0.0,0,0,0,17.95,7.65,1019.1,0,9.0,0.0,6.716666666666668,0.0,6.37,1884.2839
50.967393,42.657981,461.02,0,9390.9774,0.10902153175252113,32,0.0,0,0,0,20.37,10.5,1019.0,0,16.56,0.0,10.116666666666667,0.0,9.69,2386.9821
42.338868,28.352779,610.54,1,13077.7668,0.10184336490477645,30,0.0,0,0,0,21.42,13.71,1017.9,0,18.72,0.0,13.51,0.0,12.92,2660.8495
36.624228,15.541913,727.13,1,16258.6268,0.08798348617644074,26,0.0,0,0,0,22.36,14.69,1017.6,0,15.48,0.0,14.433333333333332,0.0,13.85,2731.1986
35.316889,11.387007,797.44,1,18301.248,0.0844309354947653,25,0.0,0,0,0,22.95,15.18,1017.1,0,15.12,0.0,14.803333333333333,0.0,13.91,2632.0703
38.865332,21.128938,812.57,1,19168.5263,0.0775089303767608,23,0.0,0,0,0,23.59,16.1,1017.0,0,15.84,0.0,15.723333333333334,0.0,14.81,2382.0987
46.156701,34.945087,775.19,0,18604.56,0.07740198552919401,23,0.0,0,0,0,24.0,16.49,1016.8,0,15.84,0.0,15.89,0.0,15.0,1925.0153
55.681861,49.462777,686.19,0,16550.902800000003,0.07400679516937465,22,0.0,0,0,0,24.12,17.24,1015.9,0,16.2,0.0,16.703333333333333,0.0,15.95,1250.5091
66.372458,64.190567,555.36,0,13295.318400000002,0.07405163418492713,22,0.6,2,0,0,23.94,16.92,1015.6,2,16.92,0.0,16.39,0.0,15.65,473.95111
74.655632,75.168828,391.6,0,9147.776,0.07756905332029274,23,0.0,0,0,0,23.36,17.32,1015.6,0,16.56,0.0,16.45,0.0,15.72,1.8488506
94.802526,101.60455,0.0,0,0.0,0.21420043542383596,61,2.1,7,0,0,11.63,7.65,1017.8,7,8.28,0.0,9.176666666666666,0.0,10.59,46.585556
83.604397,86.750769,0.0,0,0.0,0.2141177296500404,61,6.9,23,0,0,11.74,11.09,1017.2,23,9.36,0.0,10.520000000000001,0.0,10.64,356.84285
72.392707,71.962206,93.45,0,1338.2040000000002,0.18784568824573,54,68.0,168,0,68,14.32,13.1,1017.5,100,9.72,0.0,9.956666666666667,0.0,7.77,763.24361
61.398489,57.169406,244.75,0,4488.715,0.15094857456516522,44,100.0,200,0,100,18.34,10.39,1017.5,100,9.72,0.0,9.469999999999999,0.0,8.76,1175.5718
51.200008,42.49145,412.07,0,8793.5738,0.11884953648680772,35,100.0,191,0,100,21.34,9.18,1017.1,91,9.0,0.0,8.856666666666667,0.0,8.37,1712.3222
42.621887,28.141418,567.82,1,13082.5728,0.09453391404166245,28,100.0,119,0,100,23.04,7.9,1015.8,19,10.44,0.0,7.903333333333333,0.0,7.59,1559.6756
36.965809,15.229404,699.54,1,16844.923199999997,0.08410994852471151,25,3.9,13,0,0,24.08,10.16,1015.5,13,13.32,0.0,9.783333333333333,0.0,9.5,1644.86
35.697052,11.075752,753.83,1,18710.0606,0.08054502131087023,24,100.0,122,0,100,24.82,9.5,1014.7,22,14.04,0.0,9.229999999999999,0.0,8.85,2442.7704
39.244857,21.024177,744.04,1,18995.3412,0.07700549082630241,23,100.0,119,0,100,25.53,9.42,1014.4,19,14.4,0.0,9.19,0.0,8.76,1704.5685
46.513106,34.924232,679.07,0,17703.354900000002,0.0735244970255999,22,100.0,118,0,100,26.07,14.41,1013.9,18,14.76,0.0,14.21,0.0,13.63,714.86037
56.014583,49.477975,625.67,0,16248.649899999999,0.0635196576624766,19,100.0,117,0,100,25.97,17.45,1013.3,17,22.68,0.0,17.386666666666667,0.0,16.65,245.10278
66.689137,64.225919,534.89,0,13645.0439,0.05357262438893726,16,15.3,53,0,2,25.51,20.19,1013.5,51,16.92,0.0,19.636666666666667,0.0,18.72,132.45813
74.96424,75.212737,332.86,0,8021.926,0.04373423044575273,13,100.0,200,0,100,24.1,23.83,1014.2,100,19.8,0.0,22.223333333333333,0.0,21.26,0.003448276
94.997075,101.50155,0.0,0,0.0,0.26858278977292543,77,100.0,200,0,100,13.54,5.86,1015.6,100,5.04,0.0,2.9800000000000004,0.0,1.14,64.233889
83.778682,86.630305,0.0,0,0.0,0.29355233269264375,84,19.0,62,0,19,13.0,3.6,1015.4,43,3.6,0.0,3.14,0.0,2.74,512.45361
72.576004,71.834527,93.45,0,1366.239,0.27452479410640446,79,7.8,26,0,0,14.62,2.74,1015.7,26,2.88,0.0,2.64,0.0,2.28,957.59484
61.599618,57.027272,278.57,0,4861.0464999999995,0.24088093599449417,70,8.1,27,0,0,17.45,2.1,1015.3,27,5.04,0.0,2.08,0.0,2.04,1832.8106
51.434677,42.32625,448.56,0,8980.1712,0.1910154517856534,56,8.4,28,0,0,20.02,2.62,1014.7,28,6.12,0.0,2.4833333333333334,0.0,2.55,2256.6111
42.907204,27.932368,582.06,1,12671.446199999998,0.16275600162756004,48,10.0,37,10,0,21.77,5.99,1013.7,27,11.88,0.0,5.546666666666667,0.0,5.5,2544.22
37.309482,14.918587,667.5,1,15365.85,0.15193976432454337,45,10.0,30,10,0,23.02,8.05,1013.2,20,10.8,0.0,7.466666666666668,0.0,7.73,2510.2417
36.078959,10.767739,779.64,1,17362.5828,0.13540044682147453,40,0.0,0,0,0,22.27,5.86,1013.8,0,12.24,0.0,5.890000000000001,0.0,5.62,2537.5557
39.626193,20.925795,792.1,1,18875.743,0.1077513637281972,32,0.0,0,0,0,23.83,8.16,1013.2,0,15.48,0.0,8.12,0.0,7.7,2323.1164
46.871518,34.907442,752.94,0,18575.029800000004,0.09737425290443892,29,0.0,0,0,0,24.67,10.19,1012.6,0,16.2,0.0,10.393333333333333,0.0,10.0,1878.7339
56.349318,49.495834,663.94,0,16412.5968,0.09400073857723168,28,0.0,0,0,0,24.72,13.22,1012.1,0,16.56,0.0,13.166666666666666,0.0,12.88,1259.4652
67.007672,64.263007,533.11,0,12885.2687,0.09753800618861833,29,0.0,0,0,0,24.17,15.58,1012.1,0,19.08,0.0,15.280000000000001,0.0,14.88,475.06647
75.840359,76.001706,369.35,0,8535.6785,0.09788699115641666,29,0.0,0,0,0,23.11,16.42,1012.2,0,14.76,0.0,15.773333333333333,0.0,15.12,0.64190476
95.192197,101.3975,0.0,0,0.0,0.18210471020836985,52,0.0,0,0,0,12.4,10.39,1014.0,0,7.92,0.0,9.946666666666665,0.0,10.44,11.566667
83.953262,86.508965,0.0,0,0.0,0.18910211514217679,54,0.0,0,0,0,12.41,15.52,1013.8,0,12.24,0.0,13.113333333333335,0.0,13.0,477.5375
72.760376,71.706816,82.77,0,1165.4016,0.18103958500156672,52,0.0,0,0,0,14.08,19.35,1013.7,0,14.76,0.0,13.9,0.0,11.17,1271.3978
61.802309,56.885781,269.67,0,4889.1171,0.14762427904421863,43,0.9,3,0,0,18.13,14.87,1012.8,3,13.32,0.0,13.876666666666665,0.0,13.36,1919.0881
51.671345,42.162521,453.01,0,9454.3187,0.11563839194612612,34,4.8,16,0,0,20.87,14.24,1013.1,16,11.16,0.0,13.863333333333335,0.0,13.45,2279.8557
43.194714,27.725828,594.52,1,13400.4808,0.10145760762961209,30,4.8,16,0,0,22.54,12.07,1012.1,16,15.48,0.0,11.806666666666667,0.0,11.62,2612.3256
37.655085,14.609659,702.21,1,16544.0676,0.09436823834720771,28,5.4,18,0,0,23.56,15.63,1011.0,18,17.64,0.0,15.049999999999999,0.0,14.76,2680.6229
36.462418,10.463062,784.09,1,19845.3179,0.07036118742880118,21,0.0,0,0,0,25.31,13.1,1012.0,0,17.64,0.0,12.64,0.0,12.18,2564.167
40.00915,20.833904,796.55,1,20837.748,0.0668203534796699,20,0.0,0,0,0,26.16,11.11,1011.3,0,18.0,0.0,10.953333333333333,0.0,10.64,2355.4475
47.23177,34.894713,755.61,0,20197.4553,0.06669334400426838,20,0.0,0,0,0,26.73,12.9,1010.8,0,17.64,0.0,12.516666666666667,0.0,12.24,1943.1916
56.685921,49.516322,664.83,0,17797.4991,0.07001867164577222,21,0.0,0,0,0,26.77,13.78,1010.2,0,20.52,0.0,13.383333333333333,0.0,13.09,1247.4795
67.327934,64.301783,533.11,0,14084.766200000002,0.07010047735086958,21,2.7,9,0,0,26.42,16.8,1010.0,9,29.16,0.0,16.04,0.0,16.04,442.39097
75.120876,74.690914,374.69,0,9356.0093,0.07044143298000805,21,0.6,2,0,0,24.97,21.89,1010.2,2,16.56,0.0,20.36666666666667,0.0,20.37,0.21654896
94.80909,100.52939,0.0,0,0.0,0.20180230332973803,58,100.0,215,15,100,14.26,11.61,1012.6,100,5.4,0.0,9.573333333333332,0.0,9.83,46.447431
84.128079,86.3868,0.0,0,0.0,0.2268444196272772,65,100.0,168,0,100,13.39,11.61,1012.7,68,12.24,0.0,9.273333333333333,0.0,9.0,221.15777
72.945814,71.579169,73.87,0,1070.3763000000001,0.21554721179251843,62,100.0,101,0,100,14.49,9.39,1013.1,1,11.88,0.0,8.916666666666666,0.0,8.65,368.78828
62.006547,56.745047,259.88,0,4249.0380000000005,0.18652849740932642,54,100.0,100,0,100,16.35,7.64,1013.4,0,10.44,0.0,7.52,0.0,7.28,641.99242
51.90998,42.000407,320.4,0,5655.0599999999995,0.16850068775790925,49,100.0,100,0,100,17.65,4.2,1013.3,0,7.56,0.0,4.359999999999999,0.0,4.2,1966.1829
43.484356,27.522016,317.73,1,5947.9056,0.1541782300339192,45,100.0,103,3,100,18.72,3.42,1012.4,0,6.12,0.0,3.5866666666666664,0.0,3.32,1583.9978
38.002531,14.302909,418.3,1,8700.640000000001,0.1360775642116006,40,100.0,105,5,100,20.8,5.4,1012.2,0,5.76,0.0,5.5200000000000005,0.0,5.4,2806.1374
36.847329,10.162192,772.52,1,18416.8768,0.08417791844843261,25,2.0,2,0,2,23.84,21.57,1011.2,0,33.48,0.0,20.573333333333334,0.0,20.27,2658.3089
40.393618,20.748681,783.2,1,19235.392,0.07725639044707938,23,2.0,2,2,0,24.56,19.68,1010.8,0,29.88,0.0,18.78,0.0,18.5,2382.784
47.593742,34.88605,665.72,0,16669.6288,0.07042489687782957,21,0.0,0,0,0,25.04,17.32,1010.2,0,29.52,0.0,16.556666666666665,0.0,16.29,1940.5486
57.02427,49.539404,656.82,0,16341.6816,0.07046270509680234,21,0.0,0,0,0,24.88,21.48,1009.7,0,31.32,0.0,20.186666666666667,0.0,20.24,1102.7219
67.649803,64.342196,532.22,0,13140.511800000002,0.06715014773032502,20,0.0,0,0,0,24.69,19.3,1009.5,0,28.44,0.0,18.563333333333333,0.0,18.22,429.71139
75.809413,75.232302,368.46,0,8780.4018,0.0808135227961479,24,5.7,19,0,0,23.83,17.38,1009.4,19,25.56,0.0,17.05666666666667,0.0,15.98,0.95416667
94.616014,99.913115,0.0,0,0.0,0.28049507380526634,80,100.0,200,0,100,12.06,8.4,1011.2,100,14.04,0.0,7.603333333333333,0.0,7.56,45.047
84.303094,86.263878,0.0,0,0.0,0.28770920318585314,82,100.0,210,10,100,11.86,3.89,1010.8,100,2.52,0.0,4.183333333333334,0.0,4.33,457.55058
73.132313,71.451685,31.15,0,385.9485,0.2801709042515935,80,100.0,295,95,100,12.39,10.51,1011.4,100,7.56,0.0,9.936666666666666,0.0,10.01,362.10029
62.212331,56.605185,227.84,0,3135.0784,0.24397894810219234,70,74.0,88,6,74,13.76,11.53,1011.6,8,15.48,0.0,11.416666666666666,0.0,10.97,1018.6906
52.150576,41.840057,446.78,0,6849.1374,0.19412090959511927,56,11.0,11,0,11,15.33,13.85,1012.1,0,16.2,0.0,13.53,0.0,12.4,1335.8483
43.776118,27.321169,593.63,1,10180.7545,0.12400964519462626,36,0.0,0,0,0,17.15,15.29,1011.2,0,23.76,0.0,15.133333333333333,0.0,13.85,1473.3861
44.069862,27.123484,587.4,1,7912.278,0.18491382318051774,53,76.0,135,0,76,13.47,13.51,1015.9,59,22.32,0.0,13.246666666666668,0.0,12.74,657.13472
38.702687,13.697639,677.29,1,10735.046499999999,0.1453287197231834,42,100.0,143,0,100,15.85,11.59,1014.8,43,20.16,0.0,11.4,0.0,10.8,2766.8408
37.621165,9.5738652,766.29,1,14191.690799999998,0.1268556930777934,37,11.7,43,0,4,18.52,10.97,1014.1,39,23.04,0.0,11.016666666666666,0.0,10.16,2708.8561
41.166655,20.598803,774.3,1,15478.256999999998,0.10916285733779083,32,30.0,100,0,0,19.99,11.3,1013.5,100,23.4,0.0,11.016666666666666,0.0,10.16,2423.5081
48.322365,34.880894,727.13,0,15204.2883,0.09521866285792015,28,30.0,100,0,0,20.91,12.18,1012.9,100,25.92,0.0,11.973333333333334,0.0,11.17,1979.8217
57.70572,49.593196,649.7,0,13903.58,0.08148022407061621,24,8.4,28,0,0,21.4,14.0,1011.7,28,26.64,0.0,13.783333333333331,0.0,12.98,1295.0132
68.297868,64.427716,528.66,0,11175.8724,0.08495021917156548,25,4.2,14,0,0,21.14,14.37,1011.7,14,26.28,0.0,14.246666666666668,0.0,13.38,424.87056
95.979356,100.97342,0.0,0,0.0,0.24044411442311092,68,100.0,214,14,100,9.66,5.96,1011.4,100,4.68,0.0,5.256666666666667,0.0,5.01,32.780833
84.653673,86.016105,0.0,0,0.0,0.25483117434699515,72,100.0,280,80,100,9.39,6.49,1010.6,100,9.0,0.0,5.993333333333333,0.0,5.8,286.38583
73.508438,71.197594,22.25,0,213.6,0.2581786030061892,73,100.0,246,100,100,9.6,6.76,1011.1,46,9.72,0.1,6.526666666666667,0.1,6.44,433.45028
62.628405,56.328528,104.13,0,1065.2499,0.2576046298256758,73,100.0,200,0,100,10.23,5.51,1011.3,100,11.88,0.1,5.536666666666666,0.1,5.51,214.98889
52.637387,41.525205,201.14,0,2371.4405999999994,0.228118200322875,65,100.0,300,100,100,11.79,9.61,1010.8,100,18.0,0.0,9.173333333333334,0.0,8.91,1067.0928
44.365519,26.929187,333.75,1,5193.150000000001,0.16625679747843858,48,100.0,191,9,100,15.56,17.87,1009.1,82,28.8,0.0,16.97,0.0,16.7,650.42278
39.055097,13.399654,555.36,1,10063.1232,0.11673018161842964,34,100.0,219,19,100,18.12,20.24,1007.6,100,32.76,0.0,19.376666666666665,0.0,19.11,376.29806
38.009745,9.2868636,376.47,1,6633.401400000001,0.1375657736355195,40,100.0,200,0,100,17.62,26.81,1007.4,100,33.12,0.0,24.99333333333333,0.0,23.47,465.77028
41.554881,20.534352,371.13,1,6650.649600000001,0.140859587040918,41,30.0,100,0,0,17.92,31.07,1007.5,100,27.72,0.0,28.56,0.0,27.38,487.93806
48.688699,34.88436,485.05,0,9046.182499999999,0.1370801919122687,40,100.0,200,0,100,18.65,34.88,1007.1,100,43.56,0.0,31.900000000000002,0.0,30.63,392.30528
58.048533,49.623814,502.85,0,9810.603500000001,0.15034511036697876,44,100.0,132,0,100,19.51,31.83,1006.2,32,43.56,0.0,29.69666666666667,0.0,28.46,206.12
68.6238,64.472708,430.76,0,8524.740399999999,0.15702874308732165,46,100.0,135,1,100,19.79,29.17,1005.5,34,44.64,0.0,27.44333333333333,0.0,25.87,96.620556
95.792497,100.35751,0.0,0,0.0,0.2933063305283006,84,6.0,6,6,0,13.24,44.76,1001.0,0,55.44,0.2,37.28,0.2,34.18,32.832738
84.829169,85.891397,0.0,0,0.0,0.28216114536524195,81,100.0,100,100,0,13.92,43.99,1000.3,0,56.52,0.2,37.20333333333333,0.2,34.45,380.41088
73.698049,71.071187,61.41,0,929.1333,0.26363257943665885,76,10.0,10,10,0,15.13,43.54,1000.7,0,59.04,0.0,37.196666666666665,0.0,34.52,1331.7458
62.838671,56.191963,139.73,0,2325.1072,0.24155422892439354,70,21.0,21,21,0,16.64,42.13,1000.5,0,58.32,0.0,36.53333333333333,0.0,34.13,1786.6067
52.88355,41.370995,179.78,0,3162.3302,0.23044644699731723,67,32.0,32,32,0,17.59,39.46,1001.2,0,58.68,0.1,34.89000000000001,0.1,32.62,2579.8419
44.663065,26.738514,234.07,1,4428.6044,0.19173485808196666,56,11.0,11,11,0,18.92,41.75,1000.7,0,58.68,0.1,36.986666666666665,0.1,34.36,1720.0847
39.408998,13.105404,429.87,1,8438.3481,0.16053009085320036,47,10.0,10,10,0,19.63,52.26,1000.8,0,62.28,0.0,45.586666666666666,0.0,42.94,2226.871
38.399355,9.0055709,314.17,1,5931.5296,0.18491250898880254,54,32.0,32,32,0,18.88,41.14,1001.1,0,57.24,0.0,36.98666666666667,0.0,34.57,2320.0448
41.944135,20.477074,637.24,1,12725.682799999999,0.1466975982532751,43,10.0,10,10,0,19.97,48.54,1001.3,0,60.84,0.0,43.19333333333333,0.0,41.05,2445.8767
49.056241,34.891829,709.33,0,13704.2556,0.14018531815228913,41,0.0,0,0,0,19.32,50.32,1002.1,0,60.48,0.0,44.673333333333325,0.0,42.14,835.90167
58.392584,49.65685,634.57,0,12183.744,0.14024285958611254,41,10.0,10,10,0,19.2,44.3,1001.7,0,62.28,0.0,39.62333333333333,0.0,37.36,333.33917
68.950837,64.519107,476.15,0,8418.332,0.17879861087233093,52,100.0,100,100,0,17.68,37.69,1002.6,0,56.88,0.0,34.56333333333333,0.0,33.16,321.61207
76.425214,74.569843,246.53,0,3833.5415000000003,0.22168340838240388,64,10.0,10,10,0,15.55,37.18,1003.3,0,55.08,0.0,32.87,0.0,31.09,1.3507937
96.280702,100.63074,0.0,0,0.0,0.328484279680901,91,0.0,0,0,0,3.88,21.22,1013.3,0,15.12,0.0,13.963333333333333,0.0,11.25,26.818079
85.004718,85.766212,0.0,0,0.0,0.3323579350456992,92,0.0,0,0,0,3.66,22.96,1013.8,0,15.12,0.0,15.410000000000002,0.0,12.73,306.50634
73.88869,70.945338,68.53,0,472.1717,0.2892443936580489,81,49.0,49,49,0,6.89,23.4,1014.2,0,21.24,0.0,19.353333333333335,0.0,18.06,551.08028
63.05043,56.056729,256.32,0,2181.2832,0.25917773201732586,73,7.0,7,7,0,8.51,21.3,1014.4,0,23.4,0.0,19.529999999999998,0.0,18.4,552.735
53.13156,41.219126,435.21,0,4826.4789,0.20405291303124123,58,0.0,0,0,0,11.09,18.6,1014.2,0,19.8,0.0,17.576666666666668,0.0,16.55,750.27137
44.962523,26.551711,584.73,1,7507.9332,0.1713346620511207,49,0.0,0,0,0,12.84,19.62,1013.8,0,18.0,0.0,18.610000000000003,0.0,17.85,919.18266
39.764428,12.815612,695.09,1,9557.487500000001,0.1742767514813524,50,31.0,31,31,0,13.75,18.09,1013.9,0,20.52,0.0,17.573333333333334,0.0,16.81,1077.9411
38.790023,8.7310809,758.28,1,11169.4644,0.1563151313047103,45,43.0,43,43,0,14.73,16.55,1014.7,0,19.8,0.0,16.123333333333335,0.0,15.27,1259.6425
42.334395,20.427095,714.67,1,10955.891099999999,0.15252357182473658,44,100.0,100,100,0,15.33,16.04,1014.9,0,24.48,0.0,15.700000000000001,0.0,14.76,1372.3356
49.424921,34.903275,660.38,0,10295.3242,0.14892290642100162,43,97.0,97,97,0,15.59,15.79,1014.9,0,20.52,0.0,15.533333333333331,0.0,14.77,858.09917
58.737775,49.692252,612.32,0,9686.9024,0.1453438073156383,42,100.0,100,100,0,15.82,17.06,1014.5,0,19.8,0.0,16.643333333333334,0.0,16.04,597.69222
69.278865,64.566849,448.56,0,6939.2232,0.14898482433649782,43,100.0,100,100,0,15.47,16.64,1014.8,0,20.88,0.0,16.25,0.0,15.41,101.54405
96.384562,100.39581,0.0,0,0.0,0.33246344689522045,93,0.0,0,0,0,6.58,6.73,1020.3,0,9.0,0.0,6.976666666666667,0.0,7.28,9.0094828
85.180393,85.640699,0.0,0,0.0,0.3269500233535731,91,0.0,0,0,0,5.18,2.62,1020.7,0,7.92,0.0,6.47,0.0,8.89,539.61267
74.080339,70.820148,66.75,0,416.52000000000004,0.3149719030745553,88,0.0,0,0,0,6.24,1.61,1021.7,0,3.96,0.0,4.783333333333334,0.0,6.44,1368.8592
63.263625,55.922938,257.21,0,2582.3883999999994,0.2577774638934991,73,0.0,0,0,0,10.04,1.61,1020.8,0,6.48,0.0,1.2766666666666666,0.0,1.14,2016.6536
53.381307,41.069733,439.66,0,5746.3562,0.20264132485500666,58,0.0,0,0,0,13.07,5.05,1020.5,0,5.4,0.0,4.69,0.0,4.69,2460.1158
45.263699,26.368975,592.74,1,9151.9056,0.15593055892442567,45,0.0,0,0,0,15.44,4.69,1019.5,0,5.04,0.0,4.363333333333333,0.0,4.2,2711.3911
40.12111,12.530382,707.55,1,12424.577999999998,0.12039489525644113,35,0.0,0,0,0,17.56,7.24,1018.3,0,6.48,0.0,6.923333333333335,0.0,6.92,2777.9056
39.181445,8.4632291,771.63,1,14637.8211,0.10269752156647953,30,0.0,0,0,0,18.97,5.86,1019.2,0,7.2,0.0,5.873333333333334,0.0,5.86,2692.0972
42.725391,20.384431,783.2,1,15617.008000000002,0.09894571633286704,29,0.0,0,0,0,19.94,8.5,1019.1,0,9.0,0.0,8.396666666666667,0.0,8.29,2411.5733
49.794521,34.918647,739.59,0,15117.219600000002,0.09196498518341906,27,0.0,0,0,0,20.44,9.89,1018.5,0,10.8,0.0,9.803333333333333,0.0,9.69,1944.105
59.083928,49.729957,645.25,0,13240.529999999999,0.09193993257738278,27,0.0,0,0,0,20.52,10.99,1017.9,0,13.32,0.0,10.876666666666665,0.0,10.69,1001.9728
69.607733,64.615865,508.19,0,10311.1751,0.09201199563794983,27,0.0,0,0,0,20.29,11.18,1018.1,0,13.32,0.0,10.996666666666664,0.0,10.69,240.92937
96.489777,100.1616,0.0,0,0.0,0.31989763275751765,90,0.0,0,0,0,8.19,33.14,1022.7,0,25.92,0.0,22.526666666666667,0.0,18.45,11.396615
85.356173,85.514941,0.0,0,0.0,0.32651902328222604,92,0.0,0,0,0,8.61,34.17,1022.3,0,32.76,0.0,23.51,0.0,19.25,524.07728
74.27299,70.695719,63.19,0,698.8814,0.2885190528130608,82,0.0,0,0,0,11.06,30.93,1022.5,0,29.16,0.0,23.02333333333333,0.0,19.25,1331.5383
63.47825,55.790706,249.2,0,3548.6079999999997,0.22617349246668292,65,0.0,0,0,0,14.24,27.47,1022.8,0,27.72,0.0,24.11,0.0,22.61,1983.2978
53.632776,40.922963,429.87,0,7049.8679999999995,0.17958901744085654,52,0.0,0,0,0,16.4,26.05,1022.4,0,25.2,0.0,23.83666666666667,0.0,22.73,2482.4658
45.566572,26.190543,580.28,0,10619.124,0.15096929147366617,44,0.0,0,0,0,18.3,24.57,1022.1,0,23.04,0.0,22.876666666666665,0.0,22.03,2707.7561
40.479016,12.250414,695.09,1,13832.291,0.13308309162259002,39,0.0,0,0,0,19.9,23.44,1021.8,0,16.2,0.0,22.19666666666667,0.0,21.54,2769.6178
39.573579,8.2028653,761.84,1,15800.561599999999,0.136105345537446,40,0.0,0,0,0,20.74,17.31,1022.5,0,11.88,0.0,16.723333333333333,0.0,16.24,2668.1111
43.117049,20.349154,774.3,1,16887.482999999997,0.1186601573094657,35,0.0,0,0,0,21.81,13.36,1022.4,0,9.36,0.0,13.133333333333333,0.0,13.0,2386.6203
50.164936,34.937901,732.47,0,16605.0949,0.09803258738422013,29,0.0,0,0,0,22.67,9.83,1022.1,0,7.2,0.0,9.729999999999999,0.0,9.47,1931.8496
59.430925,49.769904,639.02,0,14633.557999999999,0.0945786184766087,28,0.0,0,0,0,22.9,7.17,1021.0,0,6.12,0.0,7.169999999999999,0.0,7.17,914.83232
69.937315,64.666087,502.85,0,11495.151,0.09459139893922502,28,0.0,0,0,0,22.86,5.96,1020.8,0,5.4,0.0,5.739999999999999,0.0,5.63,165.79746
96.499211,99.800474,0.0,0,0.0,0.18316953749691783,52,0.0,0,0,0,10.74,11.72,1022.8,0,10.08,0.0,10.773333333333333,0.0,10.59,8.985357
85.53213,85.389091,0.0,0,0.0,0.1869950252266874,53,0.0,0,0,0,10.28,12.98,1022.8,0,10.8,0.0,11.82,0.0,11.79,521.5043
74.466635,70.572154,61.41,0,710.5137,0.18263557178982862,52,0.0,0,0,0,11.57,13.04,1023.0,0,10.08,0.0,11.093333333333334,0.0,10.51,1327.7521
63.694289,55.660149,249.2,0,3914.9320000000002,0.1453991553001454,42,0.0,0,0,0,15.71,11.44,1022.7,0,6.84,0.0,7.823333333333333,0.0,5.9,1958.3396
53.885937,40.778957,430.76,0,8494.5872,0.11267797999112233,33,0.0,0,0,0,19.72,6.48,1022.5,0,6.48,0.0,6.123333333333334,0.0,6.12,2381.9945
45.871088,26.016644,582.06,0,12584.1372,0.09159683821284392,27,0.0,0,0,0,21.62,6.62,1021.0,0,6.48,0.0,6.536666666666666,0.0,6.11,2640.6503
40.838078,11.976235,696.87,1,15979.2291,0.0810591731964334,24,0.0,0,0,0,22.93,7.49,1020.6,0,8.28,0.0,7.489999999999999,0.0,6.99,2697.166
39.96635,7.9509043,757.39,1,18071.325399999998,0.07743847008518231,23,0.0,0,0,0,23.86,7.9,1020.7,0,11.88,0.0,8.066666666666668,0.0,7.39,2611.4247
43.509274,20.321323,768.07,1,18894.522,0.07388748950461797,22,0.0,0,0,0,24.6,7.93,1020.3,0,11.52,0.0,7.93,0.0,7.42,2351.034
50.536053,34.960986,725.35,0,18162.764,0.07042489687782957,21,0.0,0,0,0,25.04,9.45,1020.0,0,12.96,0.0,9.373333333333333,0.0,8.71,1898.4455
59.778643,49.812026,631.01,0,15813.110599999998,0.07042017370309514,21,0.0,0,0,0,25.06,10.8,1019.2,0,12.24,0.0,10.729999999999999,0.0,10.09,855.43
70.267484,64.71744,494.84,0,12192.8576,0.07051949360287452,21,0.0,0,0,0,24.64,12.78,1018.9,0,13.32,0.0,12.449999999999998,0.0,11.79,113.37028
96.705859,99.698538,0.0,0,0.0,0.16576729093923043,47,0.0,0,0,0,10.38,3.24,1019.8,0,3.96,0.0,7.010000000000001,0.0,9.2,9.4851515
85.708267,85.263251,0.0,0,0.0,0.16594873243415015,47,0.0,0,0,0,10.07,5.6,1019.5,0,6.12,0.0,8.36,0.0,10.09,517.47077
74.661269,70.449557,58.74,0,676.0974,0.15457036464554208,44,0.0,0,0,0,11.51,10.51,1020.3,0,9.72,0.0,10.146666666666667,0.0,10.2,1314.0028
63.911732,55.531383,245.64,0,3861.4608,0.12116176826946377,35,0.0,0,0,0,15.72,12.86,1019.1,0,12.6,0.0,8.16,0.0,5.32,1943.3806
54.140762,40.637859,427.2,0,8761.872000000001,0.09194306340666078,27,0.0,0,0,0,20.51,10.24,1018.2,0,11.88,0.0,9.096666666666666,0.0,9.06,2366.6283
46.177201,25.847509,577.61,0,13002.001100000001,0.08455658526686059,25,0.0,0,0,0,22.51,15.04,1017.3,0,16.92,0.0,14.376666666666665,0.0,13.91,2612.5305
41.198234,11.708596,690.64,1,16278.3848,0.08088433540037747,24,0.0,0,0,0,23.57,15.79,1016.2,0,18.72,0.0,15.299999999999999,0.0,14.33,2661.7455
40.359674,7.7081308,758.28,1,18304.8792,0.06727437855292813,20,0.0,0,0,0,24.14,12.03,1017.5,0,15.12,0.0,11.956666666666669,0.0,11.3,2567.2183
43.901959,20.300949,768.96,1,19177.8624,0.06373913918615184,19,0.0,0,0,0,24.94,12.48,1017.2,0,15.12,0.0,12.233333333333334,0.0,11.48,2330.1072
50.907748,34.987836,725.35,0,18452.904000000002,0.060283331658796346,18,0.0,0,0,0,25.44,14.02,1016.8,0,15.48,0.0,13.753333333333336,0.0,12.98,1881.0105
60.126952,49.856248,630.12,0,15998.7468,0.060293428016346226,18,0.0,0,0,0,25.39,16.56,1015.8,0,17.28,0.0,16.05333333333333,0.0,15.28,780.36639
70.598107,64.769845,493.06,0,12267.3328,0.06039660436868772,18,0.0,0,0,0,24.88,17.85,1015.8,0,17.64,0.0,17.073333333333334,0.0,16.3,75.061111
96.805084,99.45408,0.0,0,0.0,0.19613436987376082,55,0.0,0,0,0,7.27,9.57,1017.3,0,13.32,0.0,8.133333333333335,0.0,8.21,9.2493827
85.884823,85.137693,0.0,0,0.0,0.17805633702503473,50,0.0,0,0,0,7.66,9.89,1016.6,0,9.0,0.0,8.563333333333333,0.0,8.65,519.91333
74.85688,70.328035,56.96,0,525.1712,0.1629068243793604,46,0.0,0,0,0,9.22,14.84,1016.5,0,13.68,0.0,8.193333333333333,0.0,5.41,1321.7953
64.130547,55.404528,243.86,0,3460.3734,0.12876731398343427,37,0.0,0,0,0,14.19,12.18,1015.8,0,14.4,0.0,9.926666666666668,0.0,9.39,1982.2083
54.397193,40.499812,423.64,0,7485.718800000001,0.09627948559246269,28,0.0,0,0,0,17.67,14.65,1015.3,0,18.0,0.0,13.643333333333333,0.0,13.38,2450.8786
46.484811,25.683358,571.38,0,11090.4858,0.08545255674049768,25,0.0,0,0,0,19.41,14.69,1014.3,0,19.44,0.0,14.236666666666666,0.0,13.85,2727.4636
41.559348,11.447988,686.19,1,14279.6139,0.09184923118791673,27,0.0,0,0,0,20.81,15.38,1014.1,0,20.52,0.0,14.86,0.0,14.2,2790.1867
40.753404,7.4752598,752.94,1,16075.269000000002,0.10865874363327674,32,0.0,0,0,0,21.35,20.39,1014.4,0,23.76,0.0,19.476666666666663,0.0,18.63,2674.0361
44.294953,20.288029,765.4,1,16953.609999999997,0.08804605485946497,26,0.0,0,0,0,22.15,22.16,1014.1,0,24.84,0.0,21.24,0.0,20.39,2387.1175
51.279871,35.01838,720.01,0,16020.2225,0.08124576844955993,24,0.0,0,0,0,22.25,22.96,1014.4,0,25.2,0.0,22.05,0.0,21.2,1910.8269
60.475704,49.902493,621.22,0,13660.6278,0.08809378599986448,26,0.0,0,0,0,21.99,23.28,1013.4,0,25.56,0.0,22.189999999999998,0.0,21.25,726.43861
70.929041,64.823221,483.27,0,10346.8107,0.09505703422053231,28,0.0,0,0,0,21.41,24.06,1013.2,0,25.56,0.0,22.713333333333335,0.0,21.76,52.004722
96.440807,98.600846,0.0,0,0.0,0.3345433838707382,94,9.3,31,0,0,7.83,12.07,1017.6,31,15.84,0.0,7.796666666666667,0.0,5.82,15.225
86.061808,85.01253,0.0,0,0.0,0.33499643620812547,94,10.5,36,1,0,7.45,9.42,1017.6,35,10.08,0.0,6.373333333333332,0.0,5.35,324.31833
75.053461,70.207699,59.63,0,533.6885,0.2871322226160936,81,9.3,31,0,0,8.95,9.53,1018.3,31,13.68,0.0,6.6866666666666665,0.0,5.63,1004.1515
64.344589,55.270168,246.53,0,3074.2291,0.19606470135144596,56,9.0,30,0,0,12.47,11.57,1018.0,30,19.8,0.0,10.716666666666667,0.0,10.5,1491.0622
54.65524,40.364961,421.86,0,6079.0026,0.17387675615523718,50,8.4,28,0,0,14.41,14.62,1018.1,28,20.88,0.0,14.006666666666668,0.0,13.49,2194.7046
46.793933,25.524427,565.15,0,9200.642,0.1554780084994645,45,8.4,28,0,0,16.28,15.03,1017.4,28,17.28,0.0,14.506666666666666,0.0,13.9,2238.2937
41.92144,11.195407,671.95,1,12202.612000000001,0.13731076859702723,40,7.5,25,0,0,18.16,13.66,1016.3,25,15.12,0.0,13.393333333333333,0.0,12.86,2051.5311
41.147546,7.2536429,725.35,1,14115.311000000002,0.13328320973309185,39,5.4,18,0,0,19.46,16.42,1017.8,18,17.64,0.0,15.966666666666669,0.0,15.7,2238.1796
44.688216,20.282547,733.36,1,15107.216000000002,0.1225531914893617,36,9.9,33,0,0,20.6,15.35,1017.5,33,16.56,0.0,14.956666666666665,0.0,14.62,1813.1736
51.652338,35.052536,689.75,0,14684.7775,0.11547344110854503,34,16.8,56,0,0,21.29,13.61,1016.9,56,14.4,0.0,13.326666666666668,0.0,12.89,1312.5211
60.824792,49.950672,599.86,0,12920.9844,0.10858868641623401,32,27.0,85,0,27,21.54,12.9,1016.3,58,12.6,0.0,12.576666666666668,0.0,12.1,570.72393
71.260161,64.877477,472.59,0,10066.167,0.11207335710646969,33,15.3,51,0,0,21.3,14.01,1016.2,51,13.32,0.0,13.686666666666667,0.0,13.2,106.92861
96.925067,98.861421,0.0,0,0.0,0.2829955074463193,80,0.0,0,0,0,9.54,1.84,1019.7,0,3.24,0.0,4.83,0.0,6.79,18.324837
86.239645,84.888164,0.0,0,0.0,0.2868678283042924,81,0.0,0,0,0,9.21,1.3,1019.4,0,2.16,0.0,4.739999999999999,0.0,6.79,571.63472
75.251021,70.08866,50.73,0,530.6358,0.26444765699375905,75,0.0,0,0,0,10.46,0.72,1019.9,0,6.48,0.0,4.1866666666666665,0.0,6.44,1315.1194
64.572246,55.157031,231.4,0,3306.7059999999997,0.2017812413025327,58,0.0,0,0,0,14.29,1.14,1019.1,0,8.64,0.0,0.9866666666666667,0.0,1.02,1938.2463
54.914738,40.233449,410.29,0,7171.8692,0.15483604583146957,45,0.0,0,0,0,17.48,8.44,1018.9,0,9.0,0.0,7.976666666666667,0.0,7.7,2377.6437
47.10429,25.370922,559.81,0,10731.5577,0.12999452654625068,38,0.0,0,0,0,19.17,10.5,1018.0,0,11.52,0.0,10.213333333333333,0.0,10.0,2235.7222
42.284129,10.951103,671.95,1,13882.487000000001,0.11231748408835641,33,0.0,0,0,0,20.66,12.07,1017.4,0,13.68,0.0,11.81,0.0,11.59,2644.9907
41.541687,7.0427804,724.46,1,16054.0336,0.09142934543361214,27,59.0,59,0,59,22.16,14.97,1018.6,0,18.0,0.0,14.546666666666667,0.0,14.01,2702.8226
45.081389,20.284415,734.25,1,17071.3125,0.08097165991902834,24,46.0,46,0,46,23.25,14.08,1018.1,0,18.36,0.0,13.79,0.0,13.58,2161.3767
52.024864,35.090207,694.2,0,16695.510000000002,0.0740242261103634,22,39.0,39,0,39,24.05,14.19,1017.6,0,17.28,0.0,13.719999999999999,0.0,13.39,914.48278
61.173989,50.000692,604.31,0,14739.1209,0.07057874571486188,21,43.0,43,0,43,24.39,14.57,1017.0,0,17.28,0.0,14.1,0.0,13.83,462.87583
71.591282,64.932519,472.59,0,11450.8557,0.0706167193489811,21,46.0,46,0,46,24.23,14.76,1016.8,0,14.76,0.0,14.18,0.0,14.0,77.376389
96.841328,98.37649,0.0,0,0.0,0.17307148912122067,49,0.0,0,0,0,9.97,32.33,1020.0,0,25.2,0.0,22.05666666666666,0.0,18.72,17.614236
86.418409,84.764758,0.0,0,0.0,0.18373909049150208,52,0.0,0,0,0,9.86,32.31,1020.0,0,25.2,0.0,22.290000000000003,0.0,19.08,505.02472
75.449552,69.971036,55.18,0,692.509,0.16100805040252014,46,41.0,41,0,41,12.55,30.14,1020.3,0,24.48,0.0,20.903333333333332,0.0,16.66,1294.2744
64.795107,55.03664,242.08,0,4212.192,0.1170194458785063,34,18.0,31,0,18,17.4,20.57,1019.5,13,20.88,0.0,18.016666666666666,0.0,17.28,1863.9196
55.175789,40.105426,418.3,0,8709.006000000001,0.08164098377385448,24,8.4,28,0,0,20.82,18.84,1019.0,28,18.36,0.0,17.36,0.0,16.62,2330.3156
47.416042,25.223092,561.59,0,12714.3976,0.06085398424557964,18,12.0,42,0,2,22.64,17.23,1018.3,40,16.56,0.0,16.36,0.0,15.75,2553.9398
42.647637,10.716479,668.39,1,15880.9464,0.05388838368529184,16,10.0,42,0,10,23.76,17.38,1017.7,32,18.36,0.0,16.649999999999995,0.0,16.24,2241.6854
41.936051,6.8453225,730.69,1,18172.2603,0.053687671968324274,16,3.6,12,0,0,24.87,16.87,1018.3,12,18.0,0.0,16.146666666666665,0.0,15.75,1869.8674
45.474603,20.293605,736.03,0,18584.7575,0.050268096514745314,15,6.3,21,0,0,25.25,15.58,1017.8,21,16.2,0.0,15.093333333333334,0.0,14.83,2049.9486
52.397473,35.131297,683.52,0,17299.8912,0.050257991020572275,15,41.0,141,0,41,25.31,13.68,1017.5,100,15.12,0.0,13.44,0.0,13.32,1588.5048
61.523244,50.052453,476.15,0,11889.465499999998,0.05031530927143432,15,100.0,200,0,100,24.97,11.3,1017.2,100,11.16,0.0,10.826666666666668,0.0,10.59,432.94111
71.923085,64.98928,378.25,0,9327.645,0.05372552970014439,16,100.0,200,0,100,24.66,8.91,1016.8,100,9.72,0.0,8.676666666666668,0.0,8.56,24.00564
96.954752,98.15075,0.0,0,0.0,0.13672217353198948,39,6.6,22,0,0,12.1,27.0,1019.1,22,20.16,0.0,18.353333333333335,0.0,15.63,44.332979
86.598332,84.642584,0.0,0,0.0,0.13673176033376575,39,38.0,70,0,38,12.08,21.92,1018.5,32,15.12,0.0,16.34,0.0,15.03,342.57167
75.649052,69.854948,50.73,0,714.2783999999999,0.11837203634717823,34,100.0,136,0,100,14.08,15.48,1019.1,36,11.52,0.0,12.850000000000001,0.0,11.63,1143.4583
65.019275,54.918657,233.18,0,4218.2262,0.09614064002197502,28,68.0,100,0,68,18.09,10.7,1018.3,32,10.08,0.0,9.21,0.0,8.22,1275.9339
55.438275,39.98104,407.62,0,8792.3634,0.0746471226927253,22,52.0,86,0,52,21.57,8.44,1017.7,34,11.52,0.0,8.436666666666666,0.0,7.93,2167.074
47.728989,25.081149,545.57,0,12930.009,0.06400538992757286,19,82.0,98,0,82,23.7,8.71,1016.8,16,8.64,0.0,8.65,0.0,8.22,1824.7361
43.011687,10.492191,650.59,1,16121.620200000001,0.05706038331151614,17,75.0,75,0,75,24.78,7.28,1016.1,0,7.2,0.0,7.016666666666666,0.0,6.92,1235.1475
42.330331,6.6613891,596.3,1,14639.164999999999,0.06046355391333558,18,100.0,100,0,100,24.55,5.15,1015.9,0,9.72,0.0,5.18,0.0,4.8,1347.1894
45.867576,20.309998,292.81,0,6878.1069,0.06405070118662352,19,100.0,200,100,100,23.49,7.75,1016.2,0,10.08,0.2,7.533333333333334,0.2,6.95,1019.0242
52.769927,35.175691,259.88,0,6075.9944,0.06744680133544667,20,100.0,193,93,100,23.38,4.55,1016.6,0,8.64,0.7,4.669999999999999,0.7,4.45,1065.8286
61.872356,50.105847,246.53,0,5793.455,0.06741951795044666,20,100.0,102,2,100,23.5,3.26,1015.8,0,11.52,0.8,3.4266666666666663,0.8,3.42,575.82485
72.253053,65.044555,251.87,0,5881.164500000001,0.06745362563237774,20,100.0,100,0,100,23.35,5.05,1015.8,0,13.32,0.2,4.826666666666667,0.2,4.74,86.338333
97.247548,98.161223,0.0,0,0.0,0.15335285096891121,44,100.0,100,0,100,13.77,15.99,1019.1,0,11.52,0.0,11.986666666666665,0.0,10.95,24.141319
86.779815,84.522029,0.0,0,0.0,0.1497683814565846,43,100.0,100,0,100,13.96,17.94,1018.8,0,12.96,0.0,12.89,0.0,11.28,486.80308
75.849553,69.740515,20.47,0,302.75129999999996,0.14586372160866848,42,22.0,22,0,22,14.79,18.49,1019.0,0,12.96,0.0,13.106666666666667,0.0,10.93,1249.3095
65.244798,54.803211,183.34,0,3349.6218,0.12353304508956148,36,10.0,20,10,10,18.27,14.42,1019.0,0,7.2,0.0,12.270000000000001,0.0,11.54,1895.5031
55.702267,39.86044,372.02,0,7782.6584,0.10541707756656579,31,10.0,20,10,10,20.92,10.9,1018.6,0,6.84,0.0,10.153333333333334,0.0,10.14,2373.424
48.043234,24.945324,343.54,0,7719.3438,0.08795074758135445,26,0.0,0,0,0,22.47,4.55,1017.6,0,11.16,0.0,4.516666666666667,0.0,4.55,2626.5939
43.376417,10.279607,464.58,1,10234.697400000001,0.08469408496510605,25,10.0,20,10,10,22.03,6.88,1017.7,0,10.44,0.0,6.673333333333333,0.0,6.57,2714.4986
42.724658,6.4935539,673.73,1,15529.4765,0.09115462525320729,27,10.0,20,10,10,23.05,13.36,1017.6,0,16.92,0.0,13.219999999999999,0.0,12.5,2622.6328
46.26037,20.333498,683.52,0,16028.544,0.08428860418071478,25,10.0,20,10,10,23.45,13.9,1017.8,0,17.28,0.0,13.636666666666665,0.0,13.01,2337.0489
53.142206,35.223271,641.69,0,15118.216400000001,0.08088706144046376,24,10.0,20,10,10,23.56,13.71,1017.6,0,17.28,0.0,13.476666666666667,0.0,12.92,1802.4175
62.221249,50.160761,553.58,0,12931.6288,0.07756905332029274,23,10.0,20,10,10,23.36,14.62,1017.0,0,15.84,0.0,14.146666666666667,0.0,13.49,365.00083
72.583982,65.102088,425.42,0,9733.6096,0.08107286423673277,24,10.0,20,10,10,22.88,15.48,1017.0,0,16.56,0.0,15.006666666666668,0.0,14.4,28.334461
97.449846,98.053791,0.0,0,0.0,0.3185389679337439,90,0.0,0,0,0,9.39,38.14,1020.4,0,38.52,0.0,27.473333333333333,0.0,22.67,20.111806
86.962793,84.403164,0.0,0,0.0,0.3044032280900467,86,0.0,0,0,0,9.37,38.59,1020.4,0,40.68,0.0,28.913333333333338,0.0,24.57,498.409
76.051032,69.627864,40.05,0,456.16949999999997,0.23195332817881495,66,10.0,20,10,10,11.39,36.94,1020.9,0,41.04,0.0,29.846666666666668,0.0,26.48,1314.9356
65.471595,54.690434,213.6,0,3005.352,0.2019357983427338,58,10.0,20,10,10,14.07,38.48,1020.5,0,38.52,0.0,33.17,0.0,30.86,2006.4703
55.967595,39.743771,376.47,0,5925.6378,0.18346083284295062,53,10.0,20,10,10,15.74,38.05,1020.4,0,23.4,0.0,34.05,0.0,31.99,2470.9235
48.358493,24.815824,523.32,0,9116.234400000001,0.16175104105723234,47,10.0,20,10,10,17.42,37.44,1019.7,0,33.12,0.0,34.163333333333334,0.0,32.62,2738.9517
43.741436,10.079476,647.03,1,12067.109499999999,0.14736120630568886,43,0.0,0,0,0,18.65,36.45,1018.7,0,23.76,0.0,33.50333333333334,0.0,31.96,2783.9359
43.11861,6.3415196,713.78,1,14439.7694,0.12611629967959642,37,0.0,0,0,0,20.23,30.93,1019.6,0,20.88,0.0,29.05333333333333,0.0,28.04,2676.0733
46.652612,20.363945,709.33,0,14817.9037,0.11903142429601417,35,10.0,20,10,10,20.89,29.35,1019.4,0,19.8,0.0,27.683333333333334,0.0,26.94,2376.4394
53.514012,35.273907,638.13,0,13483.686899999999,0.1223324724751937,36,10.0,20,10,10,21.13,26.3,1018.8,0,17.64,0.0,24.819999999999997,0.0,24.02,1807.5761
62.569686,50.217077,548.24,0,11562.3816,0.11895051658510061,35,10.0,20,10,10,21.09,20.83,1018.1,0,14.76,0.0,19.843333333333334,0.0,19.35,300.63806
72.913664,65.159079,419.19,0,8668.8492,0.11911649593302251,35,10.0,20,10,10,20.68,18.72,1017.9,0,13.32,0.0,17.959999999999997,0.0,17.58,18.213611
97.459949,97.694866,0.0,0,0.0,0.34290158371040724,97,100.0,100,100,0,9.73,34.03,1019.8,0,28.08,0.0,26.87,0.0,24.03,32.645652
87.147618,84.28634,0.0,0,0.0,0.33913872893630553,96,100.0,100,100,0,9.92,32.08,1019.4,0,27.72,0.0,26.293333333333333,0.0,23.58,368.00444
76.253522,69.517116,36.49,0,388.9834,0.31359007786899684,89,100.0,100,100,0,10.66,29.02,1019.3,0,25.2,0.0,24.743333333333336,0.0,22.75,1150.3456
65.699717,54.580454,211.82,0,2645.6318,0.269570088222938,77,0.0,0,0,0,12.49,25.36,1018.5,0,19.44,0.0,22.580000000000002,0.0,21.35,1911.8638
56.234331,39.63118,388.93,0,5903.9574,0.21503138764609997,62,0.0,0,0,0,15.18,20.62,1018.5,0,15.84,0.0,19.23,0.0,18.71,2406.3922
48.674869,24.692867,535.78,0,9311.856399999999,0.18586720820569305,54,0.0,0,0,0,17.38,14.84,1017.4,0,14.76,0.0,14.306666666666667,0.0,14.04,756.10667
44.106885,9.8933734,646.14,1,12360.6582,0.15396195429040646,45,0.0,0,0,0,19.13,10.97,1016.0,0,12.96,0.0,10.703333333333333,0.0,10.44,1694.5157
43.512319,6.2083887,668.39,1,13641.839899999999,0.10900667665894535,32,10.0,20,10,10,20.41,5.04,1015.0,0,4.32,0.0,5.04,0.0,5.04,785.3251
47.044366,20.401202,503.74,0,9853.1544,0.11273957158962797,33,22.0,32,22,10,19.56,3.71,1015.7,0,4.68,0.0,3.6199999999999997,0.0,3.55,185.99861
53.885328,35.32747,239.41,0,4656.5244999999995,0.11278195488721805,33,21.0,31,21,10,19.45,4.1,1014.9,0,6.84,0.0,3.9599999999999995,0.0,3.76,284.38611
62.917593,50.274675,207.37,0,4004.3147,0.11283594337687206,33,10.0,20,10,10,19.31,5.77,1014.6,0,6.84,0.0,5.663333333333333,0.0,5.45,68.511111
97.474889,97.343431,0.0,0,0.0,0.31352379610385034,89,100.0,200,100,100,10.72,27.42,1016.5,0,17.28,0.0,23.14,0.0,21.57,48.75947
87.334283,84.171662,0.0,0,0.0,0.32481287953678867,92,66.0,71,66,5,10.09,28.04,1016.2,0,17.64,0.0,23.236666666666668,0.0,21.4,439.05518
76.457027,69.408393,40.05,0,448.55999999999995,0.30596096360119573,87,63.0,63,63,0,11.2,28.41,1016.6,0,17.64,0.0,23.96666666666667,0.0,22.1,1129.7692
65.929141,54.473398,213.6,0,2766.12,0.2691366655015729,77,38.0,38,38,0,12.95,27.83,1016.9,0,19.08,0.0,25.173333333333332,0.0,24.19,1806.7978
56.502417,39.522806,385.37,0,5479.9614,0.2505480739116818,72,29.0,33,29,4,14.22,28.19,1017.5,0,20.16,0.0,26.136666666666667,0.0,25.29,2018.1533
48.99226,24.576652,527.77,0,8074.881,0.2357427630438551,68,5.0,5,5,0,15.3,27.4,1017.0,0,19.08,0.0,25.713333333333335,0.0,24.86,213.84062
44.472622,9.722675,639.02,1,10754.706599999998,0.20346230774536178,59,0.0,0,0,0,16.83,25.57,1016.9,0,18.72,0.4,24.13,0.4,23.41,802.59306
43.905626,6.095989,529.55,1,9399.512499999999,0.14781711928497768,43,18.0,28,18,10,17.75,9.37,1017.4,0,10.08,0.0,9.25,0.0,9.37,1100.8892
47.435464,20.445096,576.72,0,11021.119200000001,0.13344282488195444,39,10.0,20,10,10,19.11,8.76,1017.1,0,10.8,0.0,8.843333333333334,0.0,8.71,1531.1657
54.255987,35.383823,630.12,0,12205.4244,0.1264870778066457,37,10.0,20,10,10,19.37,6.44,1017.0,0,8.64,0.0,6.496666666666666,0.0,6.29,420.62583
63.264808,50.333433,567.82,0,11117.9156,0.1229802206811738,36,0.0,0,0,0,19.58,4.9,1016.7,0,7.2,0.0,4.9,0.0,4.9,213.78389
73.570524,65.273321,439.66,0,8621.7326,0.1229676185271212,36,75.0,75,75,0,19.61,4.1,1017.1,0,8.64,0.0,4.136666666666667,0.0,4.21,12.270556
97.66811,97.227666,0.0,0,0.0,0.24314609909084503,69,77.0,77,77,0,10.63,8.29,1023.2,0,7.92,0.0,3.8633333333333333,0.0,2.16,22.849242
87.522733,84.059203,0.0,0,0.0,0.24280385671053561,69,100.0,100,100,0,11.03,7.93,1023.3,0,7.2,0.0,3.2466666666666666,0.0,1.3,528.74583
76.661542,69.301814,31.15,0,368.193,0.22809418535284418,65,100.0,100,100,0,11.82,6.13,1023.8,0,7.2,0.0,3.68,0.0,2.81,1333.6914
66.15984,54.369388,196.69,0,2857.9057,0.1877085650723026,54,0.0,0,0,0,14.53,2.55,1023.4,0,5.76,0.0,2.3366666666666664,0.0,2.62,1965.5447
56.771785,39.418784,385.37,0,6451.0938,0.1552312946289972,45,0.0,0,0,0,16.74,5.05,1023.5,0,9.36,0.0,4.923333333333333,0.0,4.68,2307.2553
49.310551,24.467369,534.0,0,9900.359999999999,0.12341869793273681,36,0.0,0,0,0,18.54,9.11,1022.9,0,11.52,0.0,8.976666666666667,0.0,8.71,2633.5367
44.838493,9.5689547,645.25,1,12653.352499999999,0.10588878262057659,31,0.0,0,0,0,19.61,10.93,1022.3,0,12.6,0.0,10.666666666666666,0.0,10.14,2602.1639
44.298357,6.0066812,710.22,1,14282.5242,0.09206847166337039,27,0.0,0,0,0,20.11,16.81,1022.2,0,19.44,0.0,16.383333333333333,0.0,15.53,2714.9986
47.825731,20.495444,719.12,0,14835.4456,0.091905507522636,27,0.0,0,0,0,20.63,17.65,1021.6,0,20.16,0.0,16.94666666666667,0.0,16.09,2362.3878
54.639383,35.461591,672.84,0,14055.627600000002,0.09182424159978235,27,0.0,0,0,0,20.89,19.8,1021.3,0,21.24,0.0,18.863333333333333,0.0,18.0,1486.8658
63.628957,50.416669,575.83,0,11959.9891,0.09186173108328798,27,0.0,0,0,0,20.77,21.76,1020.4,0,23.76,0.0,20.823333333333334,0.0,19.96,239.88803
73.825665,65.229758,436.1,0,8848.469000000001,0.09541984732824428,28,0.0,0,0,0,20.29,23.69,1020.2,0,24.84,0.0,21.986666666666665,0.0,20.88,12.779226
97.771653,96.995626,0.0,0,0.0,0.2685284640171859,75,0.0,0,0,0,6.15,19.16,1020.3,0,15.48,0.0,13.813333333333333,0.0,12.59,21.24529
87.713064,83.949135,0.0,0,0.0,0.24973242953977884,70,100.0,100,100,0,7.15,18.73,1019.7,0,16.2,0.0,13.54,0.0,12.1,510.74845
76.867081,69.197492,30.26,0,260.236,0.22715173025732033,64,91.0,95,91,4,8.6,19.47,1019.5,0,15.48,0.0,12.94,0.0,9.93,1281.2098
66.391827,54.268542,172.66,0,2284.2918,0.17110133389203158,49,0.0,0,0,0,13.23,12.18,1018.3,0,16.2,0.0,9.373333333333333,0.0,7.41,1354.6018
57.042449,39.319241,370.24,0,6208.9248,0.14831677704194263,43,100.0,200,100,100,16.77,18.72,1017.3,0,23.76,0.0,16.92,0.0,16.2,1395.5964
49.629762,24.365198,331.08,0,5668.0896,0.15158300892272714,44,100.0,200,100,100,17.12,20.88,1016.5,0,27.36,0.0,19.319999999999997,0.0,18.36,2447.7781
45.204529,9.4340523,307.94,1,5361.2354,0.15143171806167402,44,100.0,200,100,100,17.41,23.14,1015.8,0,35.28,0.0,21.30333333333333,0.0,20.24,2091.0356
44.690533,5.945223,658.6,1,12710.980000000001,0.12309796546418192,36,100.0,100,100,0,19.3,27.24,1015.8,0,38.16,0.0,25.560000000000002,0.0,24.29,2599.7489
48.215144,20.552059,587.4,0,11295.702,0.12654764347766606,37,100.0,100,100,0,19.23,28.71,1015.4,0,35.64,0.0,26.91333333333333,0.0,25.81,2012.8019
54.994753,35.504359,639.02,0,12173.331,0.13347022587268995,39,8.0,8,8,0,19.05,29.53,1015.2,0,38.52,0.0,27.736666666666668,0.0,26.64,949.23972
63.956568,50.453952,552.69,0,10534.2714,0.1368878546250984,40,15.0,25,15,10,19.06,30.98,1014.7,0,38.52,0.0,27.98333333333333,0.0,26.29,169.01667
73.614517,64.544713,404.95,0,7556.367,0.1439292690449265,42,15.0,25,15,10,18.66,31.42,1014.2,0,41.04,0.0,28.05333333333333,0.0,26.34,18.66212
87.905079,83.841431,0.0,0,0.0,0.28495102404274264,80,100.0,200,0,100,7.6,14.04,1016.4,100,23.04,0.0,9.046666666666665,0.0,7.2,47.9475
77.073622,69.095536,9.79,0,87.8163,0.26938891251949526,76,100.0,300,100,100,8.97,14.04,1016.2,100,19.44,0.0,9.406666666666666,0.0,7.09,446.53806
66.625049,54.17097,61.41,0,693.3188999999999,0.24258191534242723,69,100.0,222,100,100,11.29,10.99,1015.4,22,19.8,0.0,8.346666666666666,0.0,6.85,491.42528
57.314309,39.224295,279.46,0,4560.7872,0.18309323936850108,53,100.0,200,100,100,16.32,11.16,1015.4,0,25.2,0.0,10.356666666666667,0.0,9.37,1055.675
49.949736,24.2703,427.2,0,8317.583999999999,0.1366960563187752,40,100.0,200,100,100,19.47,27.42,1013.4,0,33.12,0.0,24.583333333333332,0.0,23.47,2028.7542
45.570526,9.3197312,566.04,0,11535.895199999999,0.13286546519946854,39,100.0,100,0,100,20.38,27.15,1013.4,0,32.4,0.0,25.02333333333333,0.0,23.89,1080.975
45.081935,5.917134,584.73,1,12519.069300000001,0.11542639869636068,34,100.0,122,10,100,21.41,19.49,1014.3,12,26.28,0.0,18.73333333333333,0.0,17.71,1234.1639
48.603493,20.614739,509.08,0,10700.8616,0.118978821769725,35,100.0,126,10,100,21.02,19.52,1014.2,16,27.72,0.0,18.863333333333333,0.0,18.06,1279.0097
55.362596,35.568268,502.85,0,11173.327,0.10833869384162237,32,94.0,115,0,94,22.22,18.58,1014.3,21,27.36,0.0,17.916666666666668,0.0,17.11,969.22472
64.300834,50.51548,545.57,0,12046.1856,0.10839006875994989,32,78.0,99,0,78,22.08,17.65,1013.4,21,24.12,0.0,17.09333333333333,0.0,16.18,245.40333
73.653824,64.205136,418.3,0,9052.012,0.10855185046982599,32,13.0,45,0,13,21.64,15.83,1014.1,32,22.32,0.0,15.486666666666666,0.0,14.69,53.347333
88.098688,83.736134,0.0,0,0.0,0.21615591116689328,62,100.0,217,100,100,13.68,28.66,1016.6,17,24.12,0.0,23.28,0.0,21.79,81.988611
77.281154,68.996049,16.91,0,233.52710000000002,0.24045163088932256,69,100.0,241,100,100,13.81,29.26,1017.4,41,27.72,0.0,24.566666666666666,0.0,22.96,1057.7308
66.859479,54.076775,118.37,0,1767.2641,0.23951680088864205,69,100.0,300,100,100,14.93,28.88,1017.8,100,33.12,0.0,25.496666666666666,0.0,24.14,1176.4411
57.587313,39.134056,252.76,0,4360.11,0.2100550964187328,61,75.0,175,0,75,17.25,30.76,1016.5,100,38.88,0.0,28.096666666666668,0.0,27.16,275.02111
50.270398,24.18282,376.47,0,6911.9892,0.19210318685465336,56,100.0,203,3,100,18.36,33.67,1016.2,100,44.64,0.0,30.546666666666667,0.0,29.22,606.56556
45.936395,9.2277858,432.54,0,8430.2046,0.18110989611809733,53,100.0,196,0,100,19.49,39.83,1016.1,96,40.32,0.0,35.88,0.0,34.31,151.70167
45.472463,5.9346371,621.22,0,12859.254,0.1803641313595372,53,100.0,200,0,100,20.7,34.31,1015.3,100,50.04,0.0,31.616666666666664,0.0,30.43,223.08861
48.990662,20.683276,557.14,0,11594.0834,0.18369846237583345,54,30.0,100,0,0,20.81,38.16,1015.6,100,55.8,0.0,35.050000000000004,0.0,33.65,323.24278
55.729218,35.634426,530.44,0,11011.934400000002,0.18713211527338303,55,30.0,100,0,0,20.76,38.48,1015.5,100,53.64,0.0,35.00333333333334,0.0,33.67,210.52389
64.643828,50.577701,491.28,0,10189.1472,0.19395011739086054,57,30.0,100,0,0,20.74,38.5,1015.4,100,55.44,0.0,34.78333333333333,0.0,33.49,48.530556
73.445128,63.518575,388.93,0,7790.267900000001,0.20806330581895086,61,30.0,109,9,0,20.03,37.84,1015.9,100,56.16,0.0,34.02333333333333,0.0,32.84,0.003409091
97.508496,95.55661,0.0,0,0.0,0.3122723014468617,90,100.0,300,100,100,15.06,17.97,1015.2,100,45.0,1.9,14.866666666666665,1.9,13.91,47.483333
88.293864,83.63333,0.0,0,0.0,0.31989985743593313,92,47.0,116,47,47,14.44,28.99,1014.8,22,44.64,0.9,23.103333333333335,0.9,21.43,162.59972
77.489659,68.899125,32.04,0,502.38719999999995,0.28390402659003566,82,30.0,108,8,0,15.68,35.75,1014.6,100,48.6,0.0,30.25333333333333,0.0,28.4,377.68769
67.095086,53.986053,158.42,0,2715.3188,0.25491749629680666,74,100.0,208,8,100,17.14,38.59,1014.7,100,51.84,0.0,33.46333333333333,0.0,31.45,934.46083
57.861412,39.048622,342.65,0,6291.053999999999,0.22983774141538885,67,61.0,88,3,61,18.36,40.43,1015.2,24,51.12,0.0,36.160000000000004,0.0,34.2,1126.5661
50.591682,24.102886,505.52,0,9554.328,0.2225646293442904,65,13.0,21,13,0,18.9,41.95,1014.2,8,47.88,0.0,37.34,0.0,35.43,419.63202
46.302059,9.1596497,588.29,0,11159.861299999999,0.21224154457072436,62,11.7,40,1,0,18.97,44.78,1014.1,39,52.92,0.0,40.026666666666664,0.0,38.25,1070.7672
45.862032,6.0273924,535.78,0,9767.2694,0.21621250600590294,63,72.0,183,11,72,18.23,41.89,1014.5,100,46.44,0.0,37.903333333333336,0.0,36.07,621.24893
49.376551,20.757456,449.45,0,8117.066999999999,0.22320662065176336,65,100.0,203,3,100,18.06,41.38,1014.4,100,45.0,0.0,37.13999999999999,0.0,35.26,327.3825
56.094501,35.702699,404.06,0,7309.4454,0.21631644004944378,63,100.0,210,10,100,18.09,43.63,1014.4,100,48.24,0.0,38.54666666666667,0.0,36.25,123.67191
64.985421,50.640507,382.7,0,6923.043,0.2128828457629447,62,100.0,200,0,100,18.09,43.77,1013.5,100,47.16,0.0,38.73333333333334,0.0,36.62,39.074215
98.081818,95.946553,0.0,0,0.0,0.3213617261715578,91,0.0,0,0,0,10.02,14.17,1012.8,0,26.28,0.0,9.953333333333333,0.0,7.9,13.751754
88.49046,83.533017,0.0,0,0.0,0.3112069880114581,88,0.0,0,0,0,9.62,13.76,1012.8,0,26.64,0.0,10.376666666666667,0.0,9.06,367.93167
77.699118,68.804853,25.81,0,264.81059999999997,0.292861931477365,83,0.0,0,0,0,10.26,15.41,1013.7,0,27.0,0.0,11.743333333333334,0.0,10.31,256.36194
67.331842,53.898891,189.57,0,2564.8821,0.23371005999720948,67,5.0,5,5,0,13.53,14.8,1013.7,0,29.16,0.0,13.603333333333333,0.0,11.77,1337.0933
58.136563,38.968082,299.93,0,4396.9738,0.21541989506966402,62,36.0,36,36,0,14.66,28.94,1014.4,0,33.84,0.0,25.19666666666667,0.0,23.54,2366.7114
50.91353,24.030608,250.98,0,3960.4644,0.19727961790052959,57,10.0,10,10,0,15.78,32.76,1014.7,0,35.64,0.0,29.763333333333332,0.0,28.44,1760.3811
46.667456,9.1160872,501.96,0,8332.536,0.182916307161346,53,0.0,0,0,0,16.6,32.28,1014.7,0,36.0,0.0,29.77,0.0,27.91,1868.5417
46.250575,6.1650315,504.63,0,8704.8675,0.17561983471074383,51,100.0,100,100,0,17.25,26.48,1015.3,0,34.56,0.0,25.046666666666667,0.0,23.86,1176.3319
49.761071,20.837058,599.86,0,10539.540200000001,0.16510731975784262,48,100.0,100,100,0,17.57,27.07,1015.6,0,32.76,0.0,25.53,0.0,24.1,1060.8742
56.458337,35.772956,609.65,0,10723.743499999999,0.1582169636100984,46,42.0,42,42,0,17.59,26.46,1016.0,0,33.12,0.0,25.123333333333335,0.0,23.84,1322.4706
65.325492,50.703791,501.07,0,8583.329099999999,0.16191263607551332,47,10.0,10,10,0,17.13,25.17,1015.5,0,30.96,0.0,23.80333333333333,0.0,22.55,158.05222
74.444378,64.126715,385.37,0,6400.9956999999995,0.1691054665930425,49,10.0,10,10,0,16.61,23.45,1016.0,0,29.52,0.0,22.083333333333332,0.0,20.83,6.8083333
98.094323,95.603256,0.0,0,0.0,0.29509012692430764,83,100.0,100,100,0,8.12,5.86,1019.5,0,2.52,0.0,3.67,0.0,2.6,27.860648
88.688336,83.4352,0.0,0,0.0,0.32132528830018925,90,92.0,92,92,0,6.94,5.82,1019.7,0,4.32,0.0,3.3000000000000003,0.0,2.28,313.39889
77.909488,68.713318,25.81,0,170.8622,0.325267183758087,91,1.0,1,1,0,6.62,4.38,1020.5,0,3.6,0.0,4.466666666666668,0.0,4.69,949.66167
67.569669,53.815372,191.35,0,1683.88,0.2837382514630254,80,0.0,0,0,0,8.8,3.22,1019.8,0,4.68,0.0,3.0733333333333337,0.0,3.1,1559.1147
58.412642,38.892517,370.24,0,4154.0928,0.23209199282624748,66,0.0,0,0,0,11.22,3.89,1019.5,0,5.04,0.0,3.7733333333333334,0.0,3.6,1818.7264
51.235768,23.966076,517.09,0,7027.253100000001,0.1918113970844668,55,0.0,0,0,0,13.59,4.1,1018.6,0,5.04,0.0,3.92,0.0,3.83,2062.1599
47.032374,9.0969922,626.56,0,9649.024,0.1663489863108647,48,0.0,0,0,0,15.4,3.32,1017.6,0,4.68,0.0,3.08,0.0,3.32,2460.0646
46.637868,6.3313207,687.97,0,11076.317000000001,0.16248919619706137,47,0.0,0,0,0,16.1,9.09,1017.3,0,9.36,0.0,8.696666666666667,0.0,8.79,2627.8439
50.144015,20.921856,693.31,0,11911.065799999998,0.14466296972410705,42,0.0,0,0,0,17.18,5.0,1016.7,0,6.48,0.0,4.68,0.0,4.69,2015.4089
56.820538,35.845065,644.36,0,11514.7132,0.13401140815064258,39,0.0,0,0,0,17.87,4.69,1016.5,0,5.04,0.0,4.723333333333334,0.0,4.39,1634.7942
65.663873,50.76745,545.57,0,9825.715700000002,0.1339469707377387,39,1.0,1,1,0,18.01,11.84,1015.8,0,8.28,0.0,11.466666666666667,0.0,11.38,207.84393
74.322806,63.564398,388.04,0,6511.311200000001,0.1552098782464733,45,10.0,10,10,0,16.78,15.54,1016.0,0,12.6,0.0,14.996666666666664,0.0,14.76,10.096774
99.138466,96.255508,0.0,0,0.0,0.3383793410507569,95,0.0,0,0,0,7.6,29.69,1017.0,0,26.64,0.0,20.3,0.0,16.7,9.8678295
89.0876,83.247212,0.0,0,0.0,0.3416248532080709,96,6.0,6,6,0,7.86,28.31,1016.9,0,24.12,0.0,20.16,0.0,17.34,471.43086
78.332851,68.538763,22.25,0,202.2525,0.34367913832199554,97,8.0,8,8,0,9.09,25.36,1016.9,0,21.6,0.0,19.013333333333335,0.0,16.2,979.57816
68.048403,53.659552,184.23,0,2207.0754,0.2875881177006979,82,4.0,7,4,0,11.98,20.57,1016.3,3,21.6,0.0,18.150000000000002,0.0,16.94,1847.6031
58.967403,38.756581,349.77,0,4809.3375,0.24747298710352042,71,10.0,10,10,0,13.75,20.21,1016.5,0,15.84,0.0,18.87666666666667,0.0,18.03,2374.1769
51.88121,23.860525,483.27,0,7282.8789,0.20817431128998684,60,10.0,12,10,0,15.07,17.64,1016.0,2,12.24,0.0,16.8,0.0,16.2,2562.8895
47.76058,9.128571,586.51,0,9642.224400000001,0.17611105355847925,51,10.0,10,10,0,16.44,13.34,1015.1,0,10.8,0.0,12.979999999999999,0.0,12.62,2486.9308
47.408507,6.7234067,661.27,0,12207.0442,0.13031103185761808,38,40.0,79,0,40,18.46,8.56,1013.4,39,7.2,0.0,8.296666666666667,0.0,8.21,2361.7378
50.904892,21.106105,667.5,0,12836.025,0.1231274368971886,36,34.0,65,0,34,19.23,8.56,1012.8,31,7.56,0.0,8.296666666666667,0.0,8.21,1773.6345
57.539659,35.994318,621.22,0,12231.821800000002,0.11951919136729956,35,52.0,81,0,52,19.69,9.39,1012.5,29,10.8,0.0,9.170000000000002,0.0,9.06,1198.3275
66.335122,50.895484,525.99,0,10351.4832,0.11952327288870676,35,40.0,64,2,40,19.68,9.37,1011.3,22,9.36,0.0,9.123333333333333,0.0,9.0,209.08015
75.045602,63.798849,396.05,0,7627.923000000001,0.126534660237338,37,12.0,30,0,12,19.26,9.78,1011.6,18,10.08,0.0,9.520000000000001,0.0,9.39,29.98888
99.524692,96.405439,0.0,0,0.0,0.24427372818352394,69,10.5,44,0,9,9.32,9.66,1013.7,35,7.92,0.0,10.303333333333335,0.0,11.88,0.85962963
89.288674,83.157016,0.0,0,0.0,0.24785780043906241,70,94.0,194,0,94,9.27,13.34,1013.5,100,9.0,0.0,12.576666666666666,0.0,13.85,88.762608
78.545761,68.455887,23.14,0,221.4498,0.24759479343520094,70,86.0,125,0,86,9.57,18.75,1013.3,39,13.32,0.0,14.706666666666665,0.0,13.4,742.30461
68.289184,53.587384,182.45,0,2506.863,0.1917111087873401,55,100.0,105,0,100,13.74,17.06,1012.5,5,17.28,0.0,14.766666666666666,0.0,13.8,2078.2383
59.245902,38.696326,348.88,0,5634.411999999999,0.17628759073625996,51,64.0,64,0,64,16.15,18.78,1012.4,0,20.88,0.0,17.676666666666666,0.0,17.31,1221.8258
52.204175,23.819598,492.17,0,8514.541000000001,0.16526080220347736,48,87.0,87,0,87,17.3,20.7,1011.6,0,18.72,0.0,19.89,0.0,19.13,1748.135
48.123593,9.1766063,595.41,0,10830.5079,0.1578911237729114,46,21.0,21,0,21,18.19,26.46,1011.2,0,21.96,0.0,24.886666666666667,0.0,24.1,2689.2308
47.791567,6.9406352,661.27,0,12167.367999999999,0.15091750986108732,44,19.0,19,0,19,18.4,30.22,1009.3,0,26.28,0.0,28.323333333333334,0.0,27.25,1784.9118
51.282537,21.205078,647.92,0,12135.541599999999,0.14046868576127175,41,18.0,18,0,18,18.73,31.76,1009.0,0,28.08,0.0,29.53,0.0,28.24,1616.4831
57.896294,36.071198,536.67,0,10116.2295,0.136986301369863,40,100.0,104,4,100,18.85,33.24,1008.8,0,28.44,0.0,30.816666666666666,0.0,29.38,1493.7461
66.667711,50.959657,416.52,0,7605.6552,0.15442160529837687,45,82.0,82,0,82,18.26,34.05,1008.3,0,29.16,0.0,31.156666666666666,0.0,29.71,155.44647
74.834934,63.113182,351.55,0,6250.559,0.16842539442477575,49,0.0,0,0,0,17.78,32.9,1008.3,0,28.08,0.0,29.796666666666667,0.0,28.08,9.9635965
98.579987,94.819395,0.0,0,0.0,0.3353927625772286,95,28.0,53,25,28,10.1,23.4,1007.5,0,18.0,0.0,18.12,0.0,16.56,4.8015152
89.49068,83.06946,0.0,0,0.0,0.34205515198533043,97,100.0,158,100,58,10.43,24.86,1007.4,0,15.84,0.0,19.96666666666667,0.0,18.42,494.62806
78.759427,68.376035,10.68,0,123.14039999999999,0.31965715891527335,91,100.0,104,100,4,11.53,24.52,1007.4,0,18.72,0.0,20.093333333333334,0.0,18.06,717.65272
68.530814,53.519123,80.99,0,1022.9037,0.29393239554902373,84,100.0,100,100,0,12.63,21.6,1007.0,0,16.2,0.0,18.6,0.0,16.92,877.42789
59.525014,38.641279,282.13,0,4025.9950999999996,0.2609421752139726,75,100.0,100,100,0,14.27,19.47,1007.5,0,16.2,0.0,18.17,0.0,17.34,2154.7399
52.527128,23.7866,355.11,0,5568.1248000000005,0.23543260741612715,68,64.0,64,64,0,15.68,18.84,1007.0,0,15.84,0.2,17.84,0.2,17.34,1616.8222
48.485685,9.2439356,338.2,0,5184.606,0.23918469217970054,69,15.0,25,10,15,15.33,19.52,1006.6,0,16.56,0.0,18.04,0.0,17.65,856.68752
48.172923,7.1684057,331.08,0,5717.7516,0.19282418566214451,56,100.0,210,10,100,17.27,18.53,1006.7,100,16.92,0.0,17.88,0.0,17.02,364.23754
51.658123,21.308287,544.68,0,10316.2392,0.17118011571775824,50,100.0,300,100,100,18.94,16.75,1006.4,100,15.12,0.0,16.45,0.0,15.94,388.45904
58.250785,36.149405,420.08,0,7637.0544,0.18535681186283598,54,100.0,300,100,100,18.18,17.23,1006.3,100,13.68,0.0,16.376666666666665,0.0,16.27,262.73611
66.998091,51.0238,107.69,0,1743.5011000000002,0.22464920163129884,65,100.0,260,100,100,16.19,14.81,1006.3,60,11.88,0.0,13.816666666666668,0.0,13.36,120.44028
75.234551,63.290324,93.45,0,1466.2305,0.23888658080598257,69,100.0,185,100,74,15.69,11.3,1007.0,11,9.36,0.0,10.64,0.0,10.64,3.4448718
98.206993,93.982631,0.0,0,0.0,0.3387438249823571,96,0.0,0,0,0,10.25,24.58,1008.6,0,17.64,0.0,18.22,0.0,16.17,24.240741
89.692989,82.984175,0.0,0,0.0,0.33913872893630553,96,7.0,7,7,0,9.92,25.41,1008.9,0,17.64,0.0,19.08666666666667,0.0,17.23,263.55361
78.973837,68.299259,16.91,0,182.1207,0.33107917723302344,94,10.0,10,10,0,10.77,26.53,1008.9,0,23.4,0.0,20.23,0.0,17.82,962.1425
68.773311,53.454822,166.43,0,2238.4835,0.28262386601535244,81,8.0,8,8,0,13.45,22.46,1008.9,0,20.16,0.0,20.063333333333333,0.0,18.84,1605.1181
59.804782,38.591478,294.59,0,4368.7697,0.26390721577887355,76,100.0,165,100,65,14.83,19.52,1009.6,0,15.48,0.0,18.08666666666667,0.0,17.37,776.41639
52.850159,23.761544,226.06,0,3255.264,0.2747348287254391,79,80.0,160,80,80,14.4,18.71,1009.3,0,16.56,0.2,16.900000000000002,0.2,16.17,274.12361
48.846987,9.3296744,196.69,0,2824.4683999999997,0.281729331153699,81,100.0,200,100,100,14.36,22.35,1009.8,0,19.08,0.7,19.913333333333334,0.7,19.04,1805.0603
48.552708,7.4062285,194.02,0,2947.1638000000003,0.22889644170076995,66,100.0,115,100,15,15.19,5.62,1010.6,0,5.4,0.0,5.55,0.0,5.4,2644.3247
52.031733,21.415497,236.74,0,3610.2850000000003,0.22538141470180306,65,100.0,106,100,6,15.25,8.79,1010.3,0,8.64,0.0,8.483333333333333,0.0,8.29,1007.2031
58.603146,36.228806,331.08,0,5197.955999999999,0.21810628353816863,63,100.0,200,100,100,15.7,10.51,1010.7,0,11.16,0.0,10.149999999999999,0.0,10.01,265.43722
67.32622,51.087814,156.64,0,2390.3264,0.23230817239346765,67,100.0,200,100,100,15.26,11.75,1010.2,0,11.52,0.1,11.153333333333334,0.1,10.74,283.80889
74.501489,61.86027,149.52,0,2257.752,0.23590633130962707,68,100.0,217,100,100,15.1,13.83,1010.7,17,12.96,0.3,12.969999999999999,0.3,12.82,10.728395
89.29779,82.135617,0.0,0,0.0,0.33106751664142575,94,100.0,200,100,100,10.78,17.65,1011.5,0,13.68,0.1,12.969999999999999,0.1,11.92,1.1984568
79.188889,68.225632,14.24,0,162.05120000000002,0.316311109549081,90,100.0,200,100,100,11.38,15.94,1012.0,0,16.56,0.1,12.256666666666668,0.1,11.17,74.437834
69.016482,53.394532,107.69,0,1329.9714999999999,0.30122591943957966,86,100.0,200,100,100,12.35,16.18,1011.7,0,18.72,0.1,13.783333333333333,0.1,13.1,157.56
60.08491,38.546952,116.59,0,1497.0156,0.2937165635162069,84,87.0,165,78,87,12.84,18.36,1012.2,0,22.68,0.3,16.29,0.3,15.32,112.96528
53.172849,23.744396,196.69,0,2757.5938,0.268133857993523,77,72.0,104,72,32,14.02,22.73,1011.9,0,19.44,0.5,20.526666666666667,0.5,19.51,332.76639
49.206986,9.4315184,273.23,0,3669.4789,0.2861330169586154,82,100.0,102,100,2,13.43,22.91,1012.0,0,24.12,0.7,20.933333333333334,0.7,20.01,234.49373
48.930399,7.6504764,132.61,0,1404.3399000000002,0.2784239092126595,79,100.0,100,100,0,10.59,15.95,1015.7,0,12.6,0.0,14.923333333333334,0.0,14.49,168.84417
52.402916,21.526433,160.2,0,1762.1999999999998,0.270983635403836,77,100.0,100,100,0,11.0,14.62,1015.7,0,14.04,0.0,13.776666666666666,0.0,13.32,1022.6041
58.953026,36.309264,233.18,0,2938.068,0.24146981627296588,69,100.0,100,100,0,12.6,10.97,1015.3,0,10.44,0.0,10.456666666666667,0.0,9.96,1510.3475
67.651832,51.1516,435.21,0,6140.813099999999,0.20887001322843418,60,10.0,10,10,0,14.11,10.5,1014.0,0,14.4,0.0,10.006666666666666,0.0,9.69,149.45472
75.9395,63.519114,342.65,0,4910.1745,0.18783915402810633,54,21.0,21,21,0,14.33,13.71,1014.3,0,14.76,0.0,13.126666666666667,0.0,12.57,19.94125
90.099821,82.821769,0.0,0,0.0,0.3479521565784705,96,100.0,100,100,0,2.75,5.32,1018.4,0,6.84,0.0,3.706666666666667,0.0,2.9,39.029722
79.404586,68.155194,13.35,0,37.5135,0.3406290766777794,94,100.0,100,100,0,2.81,5.09,1018.7,0,10.8,0.0,4.1433333333333335,0.0,3.67,175.84461
69.260386,53.338295,163.76,0,764.7592,0.29875458930242604,83,40.0,40,40,0,4.67,5.01,1018.1,0,13.32,0.0,4.1499999999999995,0.0,3.55,347.5292
60.365513,38.507729,348.88,0,2913.1479999999997,0.19538188277087035,55,0.0,0,0,0,8.35,9.0,1017.1,0,14.04,0.0,8.64,0.0,8.28,1517.4548
53.49539,23.735145,496.62,0,4946.3352,0.16601321041291373,47,0.0,0,0,0,9.96,11.66,1015.8,0,15.12,0.0,11.660000000000002,0.0,11.3,2308.0754
49.565948,9.5491853,607.87,0,6777.7505,0.15124868097080552,43,0.0,0,0,0,11.15,13.01,1015.0,0,14.76,0.0,12.979999999999999,0.0,12.57,2847.8031
49.306267,7.9018754,668.39,0,8181.0936,0.14366305757034234,41,0.0,0,0,0,12.24,17.41,1015.3,0,18.0,0.0,16.91,0.0,16.3,2715.8421
52.771864,21.640868,677.29,0,8818.315799999998,0.1327882028165077,38,0.0,0,0,0,13.02,17.94,1014.7,0,17.28,0.0,17.423333333333332,0.0,16.81,2410.7875
59.300515,36.390648,628.34,0,8419.756000000001,0.1291223172221253,37,0.0,0,0,0,13.4,17.87,1014.4,0,16.2,0.0,17.400000000000002,0.0,16.81,1520.8256
67.974935,51.215057,526.88,0,7039.1168,0.13263062371295942,38,0.0,0,0,0,13.36,17.94,1014.1,0,15.48,0.0,17.423333333333332,0.0,16.81,74.38097
76.15797,63.44788,381.81,0,4910.076599999999,0.122373343589385,35,0.0,0,0,0,12.86,18.16,1014.2,0,15.12,0.0,17.263333333333332,0.0,16.68,3.8827973
99.177183,94.209195,0.0,0,0.0,0.24731769412620477,68,0.0,0,0,0,1.8,14.35,1016.8,0,11.52,0.0,10.903333333333334,0.0,9.69,3.1564516
90.30417,82.744703,0.0,0,0.0,0.21082476100468905,58,0.0,0,0,0,1.96,15.48,1016.8,0,10.8,0.0,11.123333333333335,0.0,9.45,588.97833
79.620827,68.088011,14.24,0,43.574400000000004,0.17378081894210928,48,0.0,0,0,0,3.06,16.17,1017.1,0,11.16,0.0,10.65,0.0,8.29,1082.3275
69.504838,53.286151,167.32,0,1121.044,0.15365374307664822,43,0.0,0,0,0,6.7,13.55,1015.9,0,8.28,0.0,6.936666666666667,0.0,3.55,2111.1181
60.646309,38.473819,347.99,0,4068.0031,0.14394045780087067,41,0.0,0,0,0,11.69,7.29,1014.5,0,10.08,0.0,6.603333333333334,0.0,6.49,2537.3799
53.817396,23.733717,496.62,0,6927.849,0.13932427725531177,40,0.0,0,0,0,13.95,10.32,1013.6,0,9.72,0.0,9.74,0.0,9.51,2763.6964
49.923405,9.680444,604.31,0,9523.925599999999,0.1246062787719359,36,0.0,0,0,0,15.76,9.79,1012.7,0,10.08,0.0,9.746666666666668,0.0,9.22,2830.3296
49.679839,8.1576963,669.28,0,10976.192,0.07943360386807116,23,0.0,0,0,0,16.4,8.83,1013.8,0,9.72,0.0,8.713333333333333,0.0,8.4,2679.2458
53.138169,21.758514,671.95,0,11604.576500000001,0.0791956476826665,23,0.0,0,0,0,17.27,9.9,1013.5,0,11.16,0.0,9.909999999999998,0.0,9.69,2344.2938
59.645289,36.472818,618.55,0,10886.48,0.0825451418744626,24,0.0,0,0,0,17.6,11.04,1013.4,0,12.96,0.0,10.89,0.0,10.59,1452.15
68.295279,51.278089,515.31,0,8847.8727,0.09300082667401488,27,0.0,0,0,0,17.17,12.22,1013.2,0,15.12,0.0,11.936666666666667,0.0,11.37,61.016554
76.285973,63.250884,372.02,0,6023.0038,0.10022810534319486,29,0.0,0,0,0,16.19,12.02,1013.5,0,14.76,0.0,11.75,0.0,11.21,8.1842342
99.308317,94.037681,0.0,0,0.0,0.19391675943548678,54,34.0,129,0,34,5.32,10.5,1016.8,95,9.36,0.0,10.12,0.0,10.7,1.6517241
90.50887,82.670298,0.0,0,0.0,0.19788443548967402,55,10.5,35,0,0,4.79,11.27,1017.1,35,10.44,0.0,11.233333333333334,0.0,11.97,223.90167
79.837609,68.024107,14.24,0,76.0416,0.20108441954827824,56,66.0,166,0,66,5.34,13.58,1017.2,100,11.52,0.0,11.950000000000001,0.0,12.26,632.80972
69.7499,53.238133,157.53,0,1461.8783999999998,0.16287221612434943,46,100.0,200,0,100,9.28,12.4,1016.3,100,7.92,0.0,8.28,0.0,5.82,1024.2631
60.927424,38.445237,320.4,0,4338.215999999999,0.12557117443928983,36,100.0,191,0,100,13.54,6.41,1015.8,91,9.36,0.0,5.533333333333334,0.0,5.35,1855.3769
54.139075,23.740078,477.04,0,7503.8392,0.11769592910551094,34,36.0,36,0,36,15.73,5.86,1014.3,0,6.48,0.0,5.386666666666668,0.0,5.15,1817.3467
50.279643,9.8252371,585.62,0,10078.5202,0.12742802038848328,37,0.0,0,0,0,17.21,6.12,1013.3,0,5.76,0.0,5.883333333333333,0.0,5.77,1355.8033
50.051405,8.4190869,633.68,0,11748.427199999998,0.09256402344955261,27,30.0,67,0,30,18.54,0.72,1014.0,37,4.68,0.0,0.65,0.0,0.72,2506.3736
53.502043,21.879166,638.13,0,12264.8586,0.09918938331566166,29,28.5,121,0,26,19.22,1.84,1013.4,95,5.4,0.0,1.64,0.0,1.94,1443.2214
59.987457,36.555646,579.39,0,11332.8684,0.10249051962693452,30,2.4,8,0,0,19.56,4.1,1013.3,8,9.72,0.0,3.76,0.0,3.76,676.25083
68.612884,51.340597,499.29,0,9701.2047,0.10595392713104108,31,7.8,26,0,0,19.43,4.68,1012.9,26,9.36,0.0,4.46,0.0,4.68,157.40306
76.153824,62.68487,364.01,0,6897.9895,0.11297500855871279,33,5.4,18,0,0,18.95,6.19,1012.6,18,9.72,0.0,5.8566666666666665,0.0,5.69,7.2953125
90.714315,82.598959,0.0,0,0.0,0.33523890182793425,95,24.0,48,12,24,10.23,40.61,1012.0,12,40.68,0.0,31.290000000000003,0.0,27.68,139.04389
80.054815,67.96355,12.46,0,135.6894,0.3309393043233348,94,50.0,86,50,20,10.89,40.86,1012.7,16,36.36,0.0,33.44333333333333,0.0,30.57,204.56321
69.995347,53.19427,154.86,0,1943.4930000000004,0.3045152257612881,87,100.0,164,100,12,12.55,41.3,1012.6,52,37.44,0.0,35.01333333333333,0.0,32.22,165.9575
61.208516,38.421974,288.36,0,3878.442,0.28611304954640615,82,100.0,291,91,100,13.45,42.79,1012.5,100,44.28,0.0,36.76,0.0,34.05,677.44239
54.459953,23.7541,405.84,0,5978.0232,0.26052521884118385,75,100.0,235,35,100,14.73,42.29,1012.0,100,43.2,0.0,37.25666666666667,0.0,34.88,1512.5823
50.634088,9.9812565,515.31,0,8440.777799999998,0.23486339930231756,68,88.0,127,2,88,16.38,40.32,1011.1,37,37.44,0.0,36.15,0.0,34.03,1566.5236
50.420386,8.683002,382.7,0,6555.651,0.22392173074273117,65,6.9,23,0,0,17.13,32.84,1010.2,23,27.72,0.0,30.043333333333333,0.0,28.82,646.08583
53.862988,22.002504,620.33,0,11556.7479,0.1987799026663925,58,4.8,16,0,0,18.63,29.3,1009.4,16,33.12,0.0,27.23,0.0,26.41,315.87389
60.32663,36.638987,575.83,0,10958.0449,0.18824012594975703,55,8.1,27,0,0,19.03,32.14,1008.9,27,42.12,0.0,29.58666666666667,0.0,28.48,207.84389
68.927461,51.402483,445.0,0,8192.45,0.1955000685965153,57,80.0,180,0,80,18.41,40.08,1008.0,100,45.36,0.0,35.75333333333333,0.0,33.93,47.361667
90.920166,82.5305,0.0,0,0.0,0.33437752982999547,95,100.0,106,5,100,10.96,27.94,1012.2,1,21.6,0.0,22.040000000000003,0.0,20.28,15.254727
80.27243,67.906358,8.01,0,94.9185,0.3263157894736842,93,100.0,136,36,100,11.85,30.3,1012.2,0,24.84,0.0,24.626666666666665,0.0,22.53,170.57694
70.24123,53.154587,88.11,0,1139.2622999999999,0.30760626398210295,88,100.0,207,100,100,12.93,30.43,1012.0,7,27.36,0.0,25.936666666666667,0.0,24.22,474.34752
61.489692,38.404031,161.09,0,2147.3297000000002,0.3106674113376152,89,100.0,220,100,100,13.33,32.36,1012.3,20,29.16,0.1,27.790000000000003,0.1,25.34,332.03786
54.780217,23.775726,260.77,0,3731.6187,0.2922145689835108,84,100.0,223,100,100,14.31,33.16,1011.7,23,30.96,0.1,29.256666666666664,0.1,26.67,380.08361
50.986999,10.148528,364.01,0,5485.6307,0.2775657483866491,80,100.0,227,100,100,15.07,35.23,1011.0,27,34.2,0.2,31.506666666666664,0.2,29.41,378.63416
50.787045,8.9506436,227.84,0,3408.4864000000002,0.27072992954080044,78,100.0,227,100,100,14.96,32.2,1010.7,27,30.24,1.1,28.55,1.1,26.89,316.66327
54.221197,22.128332,224.28,0,3361.9572000000003,0.27417227736516975,79,63.0,201,63,59,14.99,31.37,1010.2,79,28.44,1.2,27.706666666666667,1.2,26.18,74.302778
60.662904,36.722713,233.18,0,3583.9766,0.2668792458061833,77,69.0,188,69,19,15.37,34.11,1009.3,100,41.4,1.3,30.12666666666667,1.3,28.26,27.595278
69.241465,51.466996,234.96,0,3557.2944,0.2809670817579521,81,72.0,151,72,72,15.14,36.62,1008.4,7,39.6,1.3,31.823333333333334,1.3,29.65,3.1433333
91.126512,82.465073,0.0,0,0.0,0.33987113219570914,96,89.0,121,89,0,9.31,29.59,1010.6,32,19.8,0.0,24.186666666666667,0.0,22.55,118.82722
80.49039,67.852571,10.68,0,101.6736,0.33608094244171655,95,74.0,100,74,0,9.52,28.31,1010.7,26,21.6,0.0,23.11,0.0,21.25,603.14
70.48746,53.119106,153.08,0,1755.8276000000003,0.30215726231466516,86,39.0,63,39,0,11.47,27.6,1010.5,24,27.0,0.0,23.52333333333333,0.0,21.66,803.87278
61.770834,38.391397,321.29,0,4045.0411000000004,0.2904738573528383,83,74.0,101,74,0,12.59,26.54,1011.4,27,33.12,0.0,23.613333333333333,0.0,22.09,639.55694
55.09972,23.804847,404.95,0,5365.5875,0.28282122905027934,81,99.0,122,99,0,13.25,29.17,1011.1,23,28.08,0.0,26.223333333333333,0.0,24.68,2380.4781
51.338212,10.326142,445.89,0,6255.8367,0.26116024792812875,75,19.0,20,19,0,14.03,27.89,1010.5,1,27.72,0.0,25.703333333333333,0.0,24.54,1740.5569
51.151217,9.221012,218.94,0,3246.8802,0.26043475241336206,75,100.0,100,100,0,14.83,6.7,1009.8,0,7.56,0.5,6.396666666666667,0.5,6.19,2280.6075
54.576507,22.25639,245.64,0,3650.2103999999995,0.25693552307211553,74,100.0,100,100,0,14.86,13.1,1010.3,0,11.88,0.3,12.329999999999998,0.3,12.3,2349.7869
60.996127,36.806685,297.26,0,4328.1056,0.2641548781759411,76,63.0,63,63,0,14.56,19.86,1010.5,0,15.84,0.0,18.34,0.0,17.58,1309.8467
69.547431,51.524,359.56,0,5177.664,0.2608242044861764,75,10.0,10,10,0,14.4,20.95,1009.6,0,17.28,0.0,19.290000000000003,0.0,18.67,81.176667
77.123454,62.951564,300.82,0,4422.054,0.253604307799201,73,10.0,18,10,0,14.7,18.68,1009.8,8,15.12,0.0,17.283333333333335,0.0,16.75,0.40555556
91.32062,82.389625,0.0,0,0.0,0.3342578763957045,94,0.0,0,0,0,8.07,15.38,1014.9,0,16.2,0.0,9.773333333333333,0.0,7.24,0.36333333
80.708597,67.802237,8.9,0,70.75500000000001,0.34863038064745644,98,50.0,66,50,3,7.95,12.57,1016.1,13,15.48,0.0,8.81,0.0,7.29,98.198427
70.733874,53.087844,140.62,0,1365.4202000000002,0.3181786042565227,90,100.0,118,100,0,9.71,10.46,1016.3,18,19.08,0.0,9.193333333333335,0.0,8.56,175.97749
62.051707,38.384045,173.55,0,1740.7065,0.3178190550180098,90,100.0,185,100,44,10.03,12.98,1016.9,41,16.92,0.0,11.623333333333335,0.0,10.8,144.27853
55.418152,23.841295,281.24,0,3259.5716,0.3020299220341365,86,100.0,300,100,100,11.59,17.28,1016.5,100,20.88,0.0,16.18,0.0,15.68,366.03472
51.687366,10.512352,238.52,0,3019.6632,0.2904027150904447,83,100.0,300,100,100,12.66,16.68,1016.7,100,17.28,0.0,15.649999999999999,0.0,15.19,455.35374
51.512537,9.4925654,563.37,0,9199.8321,0.21072267514163331,61,0.3,1,0,0,16.33,19.45,1015.8,1,19.8,0.0,18.536666666666665,0.0,17.94,192.38597
54.928598,22.386374,607.87,0,10352.026100000001,0.1826452546695155,53,100.0,110,0,100,17.03,24.16,1015.7,10,24.48,0.0,23.08,0.0,22.38,184.7025
61.326034,36.890753,490.39,0,8071.8194,0.16228721383930114,47,3.6,15,0,3,16.46,26.18,1016.5,12,25.2,0.0,24.653333333333336,0.0,23.89,258.41179
69.852468,51.58343,470.81,0,7481.1709,0.14876833656241353,43,82.0,82,0,82,15.89,27.16,1016.4,0,23.76,0.0,25.22666666666667,0.0,24.36,70.455833
76.984436,62.384206,337.31,0,5012.4266,0.15624457484115134,45,0.0,0,0,0,14.86,32.45,1016.9,0,27.36,0.0,29.323333333333334,0.0,28.16,1.7625
91.540299,82.343426,0.0,0,0.0,0.3427004797806717,95,100.0,100,100,0,4.06,17.9,1022.6,0,23.76,0.0,15.373333333333333,0.0,14.11,36.746111
80.927014,67.755376,3.56,0,14.453599999999998,0.3427004797806717,95,100.0,121,100,0,4.06,18.53,1023.8,21,25.56,0.0,15.87,0.0,14.59,171.51352
70.98047,53.06082,70.31,0,317.8012,0.33492995282169485,93,100.0,109,100,0,4.52,18.12,1023.9,9,27.36,0.0,15.933333333333332,0.0,14.84,262.74306
62.33233,38.38196,152.19,0,808.1288999999999,0.32679738562091504,91,100.0,100,100,0,5.31,18.25,1023.2,0,29.52,0.0,16.55666666666667,0.0,15.48,284.59984
55.735569,23.88497,349.77,0,2931.0726,0.24864135260895823,70,17.0,17,17,0,8.38,21.97,1022.4,0,24.48,0.0,20.636666666666667,0.0,19.77,527.46083
52.03455,10.707003,566.04,0,5954.7408,0.20446293228046677,58,0.0,0,0,0,10.52,23.17,1021.1,0,25.56,0.0,21.970000000000002,0.0,21.37,803.38583
51.871099,9.7657404,595.41,0,7174.6905,0.18934081346423562,54,30.0,114,0,14,12.05,27.38,1020.6,100,29.88,0.0,25.673333333333336,0.0,24.82,1299.0854
55.277523,22.518073,577.61,0,7497.3778,0.1747457449411107,50,30.0,100,0,0,12.98,26.9,1020.6,100,28.44,0.0,25.30666666666667,0.0,24.34,1531.3214
61.652624,36.974782,550.02,0,7414.2696,0.1639744618497715,47,26.7,89,0,0,13.48,25.45,1019.7,89,26.28,0.0,24.066666666666663,0.0,23.21,679.32158
70.154088,51.641838,462.8,0,6192.264,0.1675217254737724,48,100.0,200,0,100,13.38,26.61,1019.4,100,25.92,0.0,24.80333333333333,0.0,23.73,135.97611
77.268872,62.42745,319.51,0,4070.5574,0.17839028997166742,51,59.0,91,0,59,12.74,27.06,1019.5,32,25.2,0.0,24.863333333333333,0.0,23.84,6.8767857
91.748048,82.287585,0.0,0,0.0,0.3021918007718634,83,6.0,6,6,0,1.51,16.22,1026.0,0,17.28,0.0,12.273333333333333,0.0,11.75,450.02361
81.14557,67.712027,5.34,0,11.0004,0.28705352276443447,79,2.0,2,2,0,2.06,13.98,1026.6,0,16.92,0.0,10.883333333333335,0.0,11.02,1158.1569
71.225408,53.034598,131.72,0,790.3199999999999,0.200608991581587,56,0.0,0,0,0,6.0,11.18,1025.8,0,19.8,0.0,9.323333333333332,0.0,8.89,1808.038
62.608974,38.376707,301.71,0,2561.5179,0.1704303365999148,48,0.0,0,0,0,8.49,10.08,1025.8,0,21.6,0.0,9.846666666666668,0.0,9.73,2406.3933
56.051754,23.935701,445.0,0,4788.2,0.14088971857278718,40,2.1,7,0,0,10.76,10.5,1024.5,7,21.24,0.0,10.476666666666667,0.0,10.11,2683.0975
52.379517,10.90894,547.35,0,7000.6065,0.12939777575715186,37,0.0,0,0,0,12.79,13.21,1023.6,0,21.96,0.0,12.726666666666667,0.0,12.31,2748.8261
52.226651,10.039444,599.86,0,8799.9462,0.1632965047599194,47,0.0,0,0,0,14.67,18.06,1023.2,0,21.6,0.0,17.583333333333332,0.0,17.11,2611.8014
55.623048,22.651191,603.42,0,9407.317799999999,0.1627762000415599,47,0.0,0,0,0,15.59,18.06,1022.8,0,20.88,0.0,17.316666666666666,0.0,16.78,2253.9906
61.975691,37.058619,554.47,0,9010.1375,0.165860400829302,48,0.0,0,0,0,16.25,17.25,1022.9,0,20.16,0.0,16.60666666666667,0.0,16.12,1111.5136
70.452114,51.699118,456.57,0,7455.788099999999,0.17272350421445354,50,0.0,0,0,0,16.33,15.98,1022.1,0,19.44,0.0,15.243333333333334,0.0,14.71,47.08
77.464162,62.346037,318.62,0,5078.8027999999995,0.17987477948043865,52,0.0,0,0,0,15.94,15.04,1022.6,0,18.36,0.0,14.313333333333333,0.0,13.78,0.10185185
91.955939,82.234874,0.0,0,0.0,0.32058132079504176,90,0.0,0,0,0,7.59,12.92,1023.7,0,11.52,0.0,10.903333333333334,0.0,10.5,237.54278
81.364203,67.672224,5.34,0,42.0792,0.3131338291285628,88,0.0,0,0,0,7.88,10.18,1023.6,0,9.0,0.0,9.333333333333334,0.0,9.89,625.905
71.473828,53.019543,129.94,0,1342.2802,0.26104134330464235,74,0.0,0,0,0,10.33,6.21,1023.1,0,5.4,0.0,6.109999999999999,0.0,6.13,1337.0539
62.892319,38.393476,300.82,0,4358.8818,0.20511750799610626,59,0.0,0,0,0,14.49,2.81,1022.9,0,2.88,0.0,2.723333333333333,0.0,2.55,1798.8583
56.366727,23.993374,443.22,0,7667.706000000001,0.16870373558271648,49,0.9,3,0,0,17.3,0.8,1021.3,3,2.88,0.0,0.7466666666666667,0.0,0.72,1506.2419
52.722311,11.11799,548.24,0,10476.866399999999,0.1437076575651817,42,27.6,92,0,0,19.11,3.08,1020.2,92,9.36,0.0,2.7433333333333336,0.0,2.74,1602.4248
52.579236,10.313914,588.29,0,12036.4134,0.12601750621572835,37,30.0,100,0,0,20.46,11.16,1019.0,100,10.44,0.0,10.803333333333335,0.0,10.81,904.55361
55.965184,22.785515,593.63,0,12489.975199999999,0.12576906081104047,37,30.0,101,0,1,21.04,11.18,1018.7,100,11.88,0.0,10.813333333333333,0.0,10.81,760.62194
62.295203,37.142119,483.27,0,10042.3506,0.1292824822236587,38,100.0,200,0,100,20.78,10.09,1017.9,100,11.52,0.0,9.623333333333333,0.0,9.75,359.92222
70.746479,51.75516,352.44,0,7225.0199999999995,0.13281116975991827,39,100.0,200,0,100,20.5,10.08,1017.9,100,13.68,0.0,9.606666666666667,0.0,9.73,56.954167
92.163898,82.185133,0.0,0,0.0,0.26252305945792537,74,18.3,63,0,2,8.73,7.1,1020.0,61,6.48,0.0,5.086666666666667,0.0,4.33,23.360391
81.582853,67.635998,5.34,0,45.60359999999999,0.26625013312506657,75,16.5,55,0,0,8.54,6.13,1020.8,55,5.04,0.0,5.636666666666667,0.0,5.63,121.94833
71.720453,53.005321,129.94,0,1431.9388,0.23225534011331248,66,96.0,196,0,96,11.02,5.99,1020.2,100,4.32,0.0,4.093333333333334,0.0,2.97,240.25569
63.171511,38.407019,206.48,0,2721.4064,0.2025634757098453,58,100.0,202,2,100,13.18,1.44,1020.2,100,4.68,0.0,1.32,0.0,1.44,227.94111
56.680268,24.057791,203.81,0,2965.4355,0.18421967327076816,53,100.0,200,0,100,14.55,0.0,1019.9,100,2.88,0.0,0.36000000000000004,0.0,0.36,650.20518
53.06268,11.332947,413.85,0,7035.450000000001,0.15509219369291746,45,100.0,200,0,100,17.0,3.88,1018.5,100,3.96,0.0,3.7733333333333334,0.0,3.42,399.26806
52.928599,10.588224,264.33,0,4435.4574,0.14831166143551894,43,100.0,225,100,100,16.78,10.19,1018.4,25,10.44,0.0,9.566666666666666,0.0,9.29,636.71982
56.303697,22.920748,353.33,0,6257.4743,0.14096128721721793,41,100.0,219,100,100,17.71,12.48,1017.9,19,10.44,0.0,11.833333333333334,0.0,11.72,337.26444
62.610955,37.225122,401.39,0,7309.3119,0.13385502471169688,39,100.0,223,100,100,18.21,10.23,1018.1,23,9.0,0.0,9.876666666666667,0.0,9.73,192.91707
71.037006,51.80985,274.12,0,4958.8308,0.1339101771734652,39,100.0,229,100,100,18.09,8.22,1017.9,29,5.76,0.0,7.836666666666667,0.0,7.59,140.78346
77.426625,61.572544,210.04,0,3763.9168000000004,0.13398838767306834,39,100.0,230,100,100,17.92,7.73,1017.7,30,6.48,0.0,7.476666666666667,0.0,7.41,0.0125
92.372822,82.139657,0.0,0,0.0,0.27328222600795005,77,83.0,126,0,83,8.61,28.92,1020.6,43,25.56,0.0,20.44,0.0,18.0,229.05444
81.80147,67.603383,4.45,0,37.469,0.27701814824022447,78,62.0,107,0,62,8.42,27.6,1021.6,45,25.56,0.0,19.166666666666668,0.0,15.5,654.4925
71.966959,52.995398,131.72,0,1588.5432,0.23842081273447638,68,16.0,60,0,16,12.06,22.93,1020.8,44,26.64,0.0,17.863333333333333,0.0,14.93,1505.8628
63.450059,38.425711,299.93,0,4558.936,0.19420842725853998,56,15.0,61,0,11,15.2,25.77,1019.7,50,29.16,0.0,22.97,0.0,21.73,2131.4292
56.992322,24.128808,433.43,0,7064.909000000001,0.18310589048194853,53,30.0,87,0,30,16.3,27.38,1020.0,57,27.0,0.0,25.076666666666668,0.0,24.01,2660.9058
53.400571,11.55346,532.22,0,9159.506200000002,0.16875602700096434,49,42.0,92,0,42,17.21,27.78,1019.1,50,26.64,0.0,25.766666666666666,0.0,24.7,2154.9019
53.274682,10.862157,558.92,0,9389.856,0.1724435247456458,50,100.0,123,0,100,16.8,26.67,1018.4,23,25.56,0.0,24.89,0.0,23.93,1638.9419
56.638513,23.056643,439.66,0,7421.4608,0.16894803985794574,49,100.0,129,0,100,16.88,26.87,1018.5,29,25.56,0.0,24.973333333333333,0.0,24.14,1846.9892
62.922854,37.307474,414.74,0,7175.002,0.16526080220347736,48,100.0,123,0,100,17.3,27.25,1017.4,23,24.12,0.0,25.036666666666665,0.0,23.93,921.64278
71.323588,51.863072,379.14,0,6627.3672,0.16859924990537797,49,100.0,123,0,100,17.48,27.53,1016.5,23,23.4,0.0,25.346666666666664,0.0,24.22,126.20889
78.117024,62.219517,290.14,0,4993.3094,0.17220002755200445,50,93.0,117,0,93,17.21,27.47,1016.8,24,22.68,0.0,24.926666666666666,0.0,23.8,0.1
92.581913,82.097376,0.0,0,0.0,0.3243776884563853,92,100.0,200,100,100,10.47,30.22,1012.5,0,23.4,0.1,24.689999999999998,0.1,22.45,32.135556
82.019998,67.574399,1.78,0,18.6366,0.32085184401664196,91,100.0,200,100,100,10.47,30.74,1012.7,0,24.48,0.1,25.206666666666667,0.1,22.96,84.506667
72.213316,52.989788,64.08,0,738.8423999999999,0.3020935787550935,86,100.0,200,100,100,11.53,29.95,1012.1,0,27.36,0.1,25.146666666666665,0.1,22.88,554.60483
63.72793,38.449522,167.32,0,2108.232,0.2869641294838145,82,100.0,200,100,100,12.6,27.42,1012.1,0,26.28,0.1,23.606666666666666,0.1,21.83,910.30795
57.302864,24.20628,337.31,0,4678.4897,0.2682739878754094,77,48.0,48,0,48,13.87,29.43,1011.7,0,31.32,0.1,26.23,0.1,24.63,201.59944
53.73597,11.779188,524.21,0,7721.613300000001,0.2535778796720856,73,3.9,13,0,0,14.73,30.74,1010.3,13,27.0,0.2,28.006666666666664,0.2,26.8,252.90611
53.617472,11.135813,569.6,0,8128.192,0.2505044882054137,72,14.1,60,13,0,14.27,38.59,1011.7,47,34.92,0.3,34.45000000000001,0.3,32.74,167.18444
56.969595,23.192988,459.24,0,6328.3272,0.2579026243334612,74,8.7,37,8,0,13.78,37.47,1011.3,29,33.48,0.4,33.75666666666667,0.4,32.07,455.64367
63.230836,37.389024,330.19,0,4721.717000000001,0.24699947817011655,71,10.0,10,10,0,14.3,36.39,1011.0,0,34.2,0.4,33.02333333333333,0.4,31.34,719.69583
71.606139,51.914712,270.56,0,3871.7136,0.24699088568844363,71,15.0,15,15,0,14.31,35.33,1010.4,0,32.4,0.3,31.83,0.3,30.26,114.56722
77.965194,61.648046,293.7,0,4055.997,0.25439085586841376,73,12.0,12,12,0,13.81,33.55,1010.5,0,30.6,0.3,29.930000000000003,0.3,28.12,4.1825
92.790793,82.057974,0.0,0,0.0,0.28402030745198287,80,100.0,100,100,0,8.52,21.31,1011.5,0,21.96,0.0,17.066666666666666,0.0,15.5,6.8413889
82.238358,67.549104,0.89,0,7.5916999999999994,0.29111047997727924,82,100.0,100,100,0,8.53,15.88,1011.8,0,25.92,0.1,12.406666666666666,0.1,10.7,213.59472
72.45936,52.988499,81.88,0,815.5248,0.2649146974674155,75,100.0,100,100,0,9.96,8.44,1012.0,0,31.68,0.0,8.003333333333332,0.0,7.64,484.93113
64.004889,38.478394,122.82,0,1316.6304,0.24306901046253565,69,100.0,100,100,0,10.72,3.26,1012.5,0,30.6,0.4,3.8700000000000006,0.4,2.9,737.46333
57.611582,24.289943,331.97,0,3963.7218000000003,0.17889087656529518,51,68.0,68,68,0,11.94,12.68,1012.2,0,24.12,0.0,12.416666666666666,0.0,11.61,1039.8482
54.068509,12.0087,535.78,0,6338.2774,0.12983367253842376,37,100.0,100,100,0,11.83,18.42,1012.7,0,20.52,0.0,17.603333333333335,0.0,16.62,1097.8551
53.956592,11.407782,290.14,0,3609.3415999999997,0.2030883434293918,58,3.0,3,3,0,12.44,9.93,1011.4,0,23.76,0.0,9.263333333333334,0.0,8.44,646.18921
57.296606,23.329426,384.48,0,4948.2576,0.14684287812041116,42,12.0,12,12,0,12.87,14.78,1011.2,0,20.88,0.0,13.773333333333333,0.0,12.98,1391.8825
63.534621,37.469594,396.94,0,5235.6386,0.15017112523573375,43,100.0,100,100,0,13.19,15.19,1011.6,0,36.72,0.0,14.463333333333333,0.0,13.8,364.63889
71.884433,51.964649,339.98,0,4225.9514,0.16107570558162337,46,34.0,44,34,10,12.43,11.28,1011.2,0,21.96,0.0,10.786666666666667,0.0,10.25,54.450796
78.303087,61.791036,114.81,0,1339.8327,0.16852749104697703,48,98.0,108,10,98,11.67,11.09,1011.4,0,17.64,0.0,10.056666666666667,0.0,9.61,0.47583333
93.000821,82.023495,0.0,0,0.0,0.3242140541328185,89,0.0,0,0,0,1.36,24.01,1017.1,0,21.6,0.0,14.666666666666666,0.0,10.16,386.12917
82.456523,67.527485,1.78,0,2.1716,0.33166891423989503,91,0.0,0,0,0,1.22,27.19,1018.1,0,21.6,0.0,17.073333333333334,0.0,12.41,707.16685
72.70516,52.991542,113.03,0,616.0135,0.2835606604450826,79,0.0,0,0,0,5.45,25.6,1017.4,0,28.08,0.0,19.16,0.0,15.94,1179.4407
64.281054,38.512306,284.8,0,2332.512,0.2417004336390133,68,7.0,7,7,0,8.19,27.37,1017.2,0,31.68,0.0,24.49666666666667,0.0,23.07,952.41383
57.918659,24.379736,419.19,0,4070.3349000000003,0.21918970515449343,62,10.0,10,10,0,9.71,26.68,1016.8,0,31.32,0.0,24.383333333333336,0.0,22.69,1810.3421
54.398429,12.242688,523.32,0,5777.4528,0.1970512685175411,56,9.0,39,9,5,11.04,27.55,1016.3,25,32.4,0.0,25.49666666666667,0.0,23.89,1701.5575
54.29228,11.67911,572.27,0,7176.265799999999,0.18551576884035142,53,41.0,71,0,41,12.54,30.61,1015.6,30,35.28,0.0,28.45,0.0,27.0,1084.4826
57.619721,23.465847,583.84,0,7624.950400000001,0.17469690087697845,50,10.2,38,0,4,13.06,30.26,1016.0,34,34.2,0.0,28.10666666666667,0.0,26.64,826.24187
63.834296,37.549056,535.78,0,7066.9382,0.1711252357337431,49,10.8,42,0,6,13.19,29.56,1016.6,36,33.84,0.0,27.406666666666666,0.0,25.93,283.20611
72.158482,52.012772,439.66,0,5724.3732,0.17472131949540484,50,44.0,110,0,44,13.02,28.52,1015.8,66,32.76,0.0,26.24333333333333,0.0,24.88,53.095278
93.208702,81.989303,0.0,0,0.0,0.32725073809269734,92,100.0,112,100,0,7.98,10.46,1019.4,12,8.64,0.0,11.090000000000002,0.0,13.24,36.133611
82.674401,67.50959,0.89,0,7.529400000000001,0.31603991335534964,89,100.0,170,100,60,8.46,10.82,1020.0,10,6.12,0.0,10.17,0.0,9.9,252.42222
72.950542,52.998914,72.09,0,726.6672000000001,0.28598665395614875,81,100.0,115,100,0,10.08,12.6,1019.7,15,6.48,0.0,11.65,0.0,11.53,603.13944
64.556174,38.551183,87.22,0,956.8034,0.2780515275235816,79,100.0,117,100,0,10.97,15.98,1019.8,17,11.16,0.0,14.296666666666667,0.0,13.71,1000.3217
58.223768,24.47536,280.35,0,3877.2405000000003,0.2299811833577253,66,27.0,48,27,0,13.83,18.21,1019.0,21,18.0,0.0,16.733333333333334,0.0,16.39,1018.4706
54.725344,12.47967,490.39,0,7684.4113,0.2077418461325393,60,100.0,127,100,0,15.67,13.8,1018.7,27,13.32,0.0,13.073333333333332,0.0,13.01,1345.2992
54.62415,11.948455,472.59,0,8180.532899999999,0.21345452041589205,62,100.0,130,100,0,17.31,8.71,1018.1,30,15.48,0.0,8.336666666666668,0.0,8.71,2284.5083
57.938594,23.601897,336.42,0,5766.2388,0.21357952392435153,62,100.0,125,100,0,17.14,12.98,1018.2,25,12.6,0.0,12.423333333333332,0.0,12.52,878.34083
64.129575,37.627233,355.11,0,6242.833799999999,0.20293743335741068,59,100.0,125,100,0,17.58,13.05,1018.4,25,15.84,0.0,12.780000000000001,0.0,12.57,409.17583
72.428059,52.058965,350.66,0,6192.6556,0.19600426395240877,57,100.0,129,100,0,17.66,15.72,1017.3,29,13.68,0.0,15.003333333333332,0.0,14.58,100.02687
78.488991,61.37861,295.48,0,4902.0132,0.20708221163802032,60,8.7,29,0,0,16.59,17.76,1017.4,29,14.4,0.0,16.623333333333335,0.0,16.17,0.35
93.418953,81.961731,0.0,0,0.0,0.33697502837684457,95,3.9,13,0,0,8.77,38.24,1018.1,13,36.72,0.0,29.51,0.0,26.4,16.200556
82.89193,67.495416,0.89,0,8.001100000000001,0.3367122705040051,95,33.0,50,1,33,8.99,40.48,1018.0,16,38.52,0.0,31.476666666666663,0.0,28.23,646.49361
73.195482,53.010611,107.69,0,1244.8964,0.2880123634575533,82,17.0,34,0,17,11.56,38.09,1017.3,17,36.36,0.0,31.503333333333334,0.0,28.55,886.31891
64.830233,38.594974,280.35,0,3737.0655,0.25481709019826865,73,4.8,16,0,0,13.33,35.35,1018.9,16,34.56,0.0,30.776666666666667,0.0,28.84,2389.4042
58.526906,24.57666,410.29,0,6219.9964,0.22198328188408312,64,100.0,115,0,100,15.16,33.89,1017.8,15,31.68,0.0,30.163333333333338,0.0,28.48,2577.9178
55.049271,12.719614,486.83,0,8110.5878,0.18632897415548116,54,100.0,113,0,100,16.66,33.53,1016.9,13,29.52,0.0,30.290000000000003,0.0,28.84,2567.3583
54.952213,12.216019,566.04,0,9769.8504,0.18938741778864365,55,3.3,11,0,0,17.26,29.63,1018.4,11,25.92,0.0,27.346666666666668,0.0,26.37,2270.415
58.253213,23.737394,567.82,0,10181.0126,0.17520956438092622,51,1.5,5,0,0,17.93,30.77,1017.0,5,27.36,0.0,28.503333333333334,0.0,27.55,1034.8822
64.420415,37.703988,521.54,0,9486.8126,0.17162078670968628,50,0.3,1,0,0,18.19,33.0,1016.0,1,29.52,0.0,30.126666666666665,0.0,29.02,293.04333
72.385241,51.622275,423.64,0,7710.248,0.16818259824952808,49,100.0,100,0,100,18.2,33.86,1016.2,0,30.24,0.0,30.583333333333332,0.0,29.12,26.690638
101.66543,92.300283,0.0,0,0.0,0.32872645010780815,93,100.0,285,85,100,9.76,41.87,1015.9,100,38.88,0.0,35.419999999999995,0.0,32.76,9.0694444
93.631768,81.941039,0.0,0,0.0,0.3291918870128491,93,100.0,254,54,100,9.36,41.51,1015.9,100,38.88,0.0,34.97666666666667,0.0,32.06,286.66292
83.109029,67.484974,0.0,0,0.0,0.32944843954798264,93,100.0,244,44,100,9.14,42.08,1016.1,100,39.6,0.0,35.233333333333334,0.0,32.34,427.35833
73.43988,53.026617,59.63,0,586.7592,0.31449874553871165,89,100.0,263,63,100,9.84,41.59,1016.3,100,39.6,0.0,35.056666666666665,0.0,32.14,1409.4642
65.103101,38.6436,174.44,0,1859.5304,0.299496141784997,85,69.0,214,69,45,10.66,39.64,1017.0,100,40.32,0.1,34.52,0.1,32.31,1286.9806
58.827917,24.683398,311.5,0,3691.275,0.28771929824561404,82,52.0,173,52,21,11.85,37.29,1016.9,100,39.6,0.4,33.13333333333333,0.4,31.01,1310.0789
55.370038,12.96187,333.75,0,4295.3625,0.27270820222362074,78,51.0,151,51,0,12.87,36.59,1016.7,100,38.16,0.3,32.95,0.3,31.09,995.92444
55.276299,12.481326,301.71,0,3991.6232999999997,0.25839793281653745,74,100.0,201,1,100,13.23,41.4,1017.0,100,40.32,0.0,36.25,0.0,34.21,685.95694
58.563413,23.872083,314.17,0,4489.4893,0.2435290843306429,70,100.0,200,0,100,14.29,38.54,1016.8,100,36.36,0.0,34.10666666666666,0.0,32.43,498.04111
64.706662,37.77917,310.61,0,4643.6195,0.23255813953488375,67,100.0,200,0,100,14.95,35.33,1016.9,100,32.76,0.0,31.373333333333335,0.0,29.57,250.04685
72.953443,52.145141,276.79,0,4149.0821000000005,0.22905532033039497,66,100.0,200,0,100,14.99,34.33,1016.8,100,30.6,0.0,30.343333333333334,0.0,28.88,56.735052
79.311214,61.91213,215.38,0,3215.6234,0.22910302693696197,66,58.0,158,0,58,14.93,32.24,1017.6,100,30.24,0.0,28.02333333333333,0.0,26.21,0.31190476
83.325614,67.478258,0.0,0,0.0,0.3276586651470903,92,4.0,4,4,0,7.63,39.48,1020.2,0,46.8,0.0,31.343333333333334,0.0,27.61,2.1241667
73.683658,53.046911,101.46,0,991.2641999999998,0.2792308779867101,79,66.0,68,2,66,9.77,41.22,1019.8,0,49.68,0.0,34.24333333333333,0.0,31.08,23.308522
65.374684,38.696983,265.22,0,3100.4218,0.24575200112343773,70,100.0,103,3,100,11.69,43.54,1019.2,0,44.64,0.0,37.556666666666665,0.0,34.79,444.00333
59.126701,24.795358,321.29,0,4115.7249,0.22730451811442162,65,100.0,100,0,100,12.81,43.85,1018.8,0,45.36,0.0,38.163333333333334,0.0,35.38,501.88944
55.687545,13.206067,469.03,0,6603.9424,0.21237335932876095,61,74.0,74,0,74,14.08,45.13,1017.9,0,47.52,0.0,39.803333333333335,0.0,37.44,469.48639
55.596306,12.744179,552.69,0,8378.780400000001,0.18729839408969512,54,65.0,65,0,65,15.16,39.39,1018.4,0,42.48,0.0,35.42666666666667,0.0,33.48,356.81972
58.869089,24.005745,557.14,0,8786.0978,0.1799806174719646,52,58.0,72,0,58,15.77,40.65,1017.5,14,43.92,0.0,36.473333333333336,0.0,34.52,228.5125
64.988207,37.85264,500.18,0,7977.871,0.16949152542372883,49,100.0,100,0,100,15.95,41.25,1016.8,0,44.28,0.0,36.84,0.0,34.9,87.856944
73.210122,52.186529,327.52,0,5106.0368,0.1731661702569786,50,100.0,100,0,100,15.59,42.26,1015.8,0,43.92,0.0,37.166666666666664,0.0,35.13,6.6197222
83.541584,67.475219,0.0,0,0.0,0.2918357178446865,82,100.0,300,100,100,7.83,43.23,1011.6,100,43.92,2.3,36.50333333333333,2.3,33.44,87.615
73.926789,53.071463,97.01,0,782.8707,0.29158665813242307,82,51.0,160,9,51,8.07,36.72,1013.0,100,36.0,0.3,31.319999999999997,0.3,28.8,340.48306
65.64497,38.755046,172.66,0,1507.3218,0.2944515396622676,83,100.0,120,19,100,8.73,39.96,1013.2,1,38.52,0.0,34.38333333333333,0.0,31.98,647.295
59.423268,24.91238,299.04,0,2933.5824000000002,0.27919140514560364,79,61.0,104,30,61,9.81,42.32,1012.9,13,39.6,0.1,36.82,0.1,34.39,1794.42
56.001825,13.452277,453.01,0,4765.6651999999995,0.26439172277646567,75,14.0,16,14,0,10.52,35.43,1012.6,2,33.12,0.1,32.083333333333336,0.1,30.41,1523.8106
55.912273,13.004938,399.61,0,4127.9713,0.2680965147453083,76,100.0,206,6,100,10.33,38.18,1010.7,100,33.84,0.1,34.480000000000004,0.1,32.45,1817.1036
59.170257,24.138261,367.57,0,3870.5121,0.2573322053017485,73,100.0,200,0,100,10.53,38.24,1010.5,100,32.76,0.0,33.913333333333334,0.0,31.93,440.14
65.26503,37.924286,266.11,0,2714.322,0.2576319040056468,73,100.0,278,78,100,10.2,35.16,1011.0,100,31.68,0.0,31.016666666666666,0.0,29.12,76.145278
72.230875,50.27398,218.94,0,2169.6954,0.2578958524694411,73,100.0,300,100,100,9.91,35.63,1010.9,100,31.32,0.0,31.429999999999996,0.0,29.38,0.032539683
93.980161,81.526381,0.0,0,0.0,0.333178089062444,93,17.0,55,17,6,5.98,39.25,1014.5,32,32.76,0.0,32.12666666666667,0.0,29.48,22.870175
83.756837,67.475873,0.0,0,0.0,0.333178089062444,93,72.0,121,29,72,5.98,40.07,1015.0,20,34.56,0.1,32.73666666666667,0.1,29.78,157.9622
74.16909,53.100228,97.9,0,719.565,0.30303030303030304,85,32.0,32,32,0,7.35,39.66,1015.3,0,25.56,0.3,34.57,0.3,32.38,466.22972
65.913714,38.817665,255.43,0,2201.8066,0.2768215210987685,78,23.0,23,23,0,8.62,36.06,1016.3,0,25.56,0.3,31.98333333333333,0.3,30.29,539.47333
59.717314,25.034117,393.38,0,3874.7929999999997,0.26148409893992935,74,14.0,14,14,0,9.85,29.88,1015.7,0,23.76,0.2,27.36,0.2,26.28,860.99194
56.312542,13.69937,495.73,0,5522.4322,0.24622744380737982,70,27.0,27,27,0,11.14,24.19,1015.4,0,21.24,0.0,22.723333333333333,0.0,21.99,394.00944
56.223862,13.262543,199.36,0,2743.1936,0.2265518803806072,65,100.0,100,100,0,13.76,10.46,1015.1,0,20.52,0.2,10.146666666666667,0.2,9.39,164.875
59.466615,24.2693,187.79,0,2614.0368,0.21597519768697532,62,100.0,166,100,66,13.92,14.93,1015.4,0,21.24,0.5,13.450000000000001,0.5,12.76,146.5776
65.536885,37.993954,182.45,0,2517.81,0.21258058895277923,61,51.0,102,51,51,13.8,17.73,1015.7,0,21.6,0.2,15.726666666666667,0.2,15.19,259.18582
73.705393,52.257428,148.63,0,2028.7995,0.20920502092050214,60,35.0,35,35,0,13.65,17.94,1015.9,0,21.6,0.2,15.61,0.2,15.04,66.413333
93.122537,80.144106,0.0,0,0.0,0.3261948659764573,92,100.0,127,100,6,8.89,29.57,1019.0,21,24.48,0.3,24.25666666666667,0.3,22.32,32.070652
83.971261,67.480154,0.0,0,0.0,0.32583672746591114,92,100.0,233,100,100,9.2,28.19,1019.1,33,25.56,0.2,22.83666666666667,0.2,20.52,225.22591
74.410527,53.133161,75.65,0,829.8805000000001,0.29916936505701813,85,100.0,300,100,100,10.97,28.88,1019.0,100,25.56,0.2,24.753333333333334,0.2,22.69,594.15389
66.180898,38.884746,190.46,0,2319.8028,0.2803771072091964,80,100.0,300,100,100,12.18,29.44,1019.2,100,28.08,0.2,25.97,0.2,24.44,644.89
60.008848,25.160402,194.02,0,2520.3198,0.2760886279443629,79,100.0,300,100,100,12.99,29.25,1018.9,100,29.16,0.2,25.636666666666667,0.2,24.22,531.01583
56.619717,13.947443,187.79,0,2460.049,0.2794759825327511,80,100.0,300,100,100,13.1,29.78,1018.7,100,30.96,0.1,26.146666666666665,0.1,24.72,814.23306
56.531101,13.517312,493.95,0,7009.1505,0.25753462796686855,74,63.0,73,10,63,14.19,30.65,1019.9,0,31.32,0.4,28.11,0.4,27.02,766.84444
59.758173,24.398749,315.95,0,4375.907499999999,0.26480836236933797,76,100.0,200,100,100,13.85,28.99,1019.6,0,26.64,0.2,25.763333333333332,0.2,24.29,367.20361
65.803749,38.06154,342.65,0,5043.808,0.23969152742557404,69,100.0,201,100,100,14.72,26.37,1019.7,1,24.12,0.0,23.746666666666666,0.0,22.83,210.95528
73.642719,51.814012,205.59,0,2929.6575000000003,0.24008350730688938,69,100.0,222,100,100,14.25,19.38,1019.0,22,18.0,0.0,17.08,0.0,16.58,9.4136905
92.746282,79.388136,0.0,0,0.0,0.33010329038441066,93,100.0,254,54,100,8.58,4.69,1022.3,100,3.24,0.0,2.5333333333333337,0.0,1.61,4.1954167
84.184739,67.488029,0.0,0,0.0,0.326588569400071,92,100.0,300,100,100,8.55,1.44,1022.6,100,0.72,0.0,1.8866666666666667,0.0,2.28,167.43798
74.650972,53.170202,44.5,0,438.77,0.3038761881205611,86,100.0,300,100,100,9.86,2.28,1023.0,100,1.8,0.0,2.7466666666666666,0.0,3.22,359.20944
66.446368,38.956164,206.48,0,2477.7599999999998,0.2840610205155182,81,100.0,181,100,60,12.0,1.84,1023.3,21,9.0,0.0,1.8266666666666669,0.0,1.8,668.64012
60.297693,25.29095,344.43,0,4718.691,0.2231131253268259,64,100.0,147,100,27,13.7,2.88,1023.0,20,9.72,0.0,2.8866666666666667,0.0,2.52,568.97944
56.923177,14.195946,445.89,0,6715.1034,0.20124214982131086,58,67.0,89,0,67,15.06,2.19,1022.4,22,9.36,0.0,2.216666666666667,0.0,1.84,783.62278
56.833823,13.768851,372.91,0,6235.0552,0.18284058370993894,53,28.0,52,15,28,16.72,7.07,1022.5,9,15.48,0.0,7.05,0.0,6.38,596.21083
60.044776,24.526389,486.83,0,8753.2034,0.17861436471679318,52,9.0,14,9,0,17.98,10.64,1022.1,5,14.76,0.0,10.15,0.0,9.5,320.10111
66.065484,38.126923,473.48,0,8901.424,0.17468744648056175,51,69.0,74,69,0,18.8,14.83,1021.9,5,18.0,0.0,14.04,0.0,13.4,122.23064
74.030544,52.083263,358.67,0,6617.4615,0.1954732510288066,57,100.0,164,100,61,18.45,17.37,1021.7,3,17.64,0.0,16.47666666666667,0.0,15.78,32.23908
94.90042,81.882891,0.0,0,0.0,0.3474068559679535,98,51.0,105,0,51,8.94,10.16,1025.9,54,7.56,0.0,9.136666666666667,0.0,9.5,133.98887
84.397152,67.499444,0.0,0,0.0,0.3477273533690523,98,59.0,115,0,59,8.68,10.95,1026.6,56,8.28,0.0,9.116666666666667,0.0,8.31,853.72446
74.890328,53.211289,77.43,0,793.6575,0.33168666196189134,94,67.0,126,0,67,10.25,12.98,1026.6,59,8.28,0.0,8.58,0.0,5.77,1797.2157
66.710013,39.031794,245.64,0,3537.216,0.26430186054599203,76,57.0,110,0,57,14.4,10.14,1025.8,53,5.76,0.0,9.163333333333334,0.0,8.71,2304.9853
60.583737,25.425513,379.14,0,6358.1777999999995,0.22764900662251658,66,16.0,53,0,16,16.77,10.59,1025.5,37,6.12,0.0,9.983333333333334,0.0,9.89,2529.3347
57.22281,14.444558,478.82,0,8738.465,0.20590253946465342,60,1.0,4,0,1,18.25,10.48,1024.8,3,7.56,0.0,9.873333333333333,0.0,9.69,2560.4694
57.131921,14.01699,532.22,0,10394.2566,0.19475194751947522,57,2.4,8,0,0,19.53,1.61,1025.2,8,2.52,0.0,1.5833333333333333,0.0,1.61,2422.7904
60.32632,24.652041,534.0,0,10850.880000000001,0.18400517940504993,54,0.0,0,0,0,20.32,3.6,1025.0,0,5.4,0.0,3.4133333333333336,0.0,3.32,1845.4475
66.321992,38.189993,484.16,0,9997.904,0.1769911504424779,52,0.6,2,0,0,20.65,4.33,1024.7,2,5.4,0.0,4.253333333333333,0.0,4.33,616.87496
74.411469,52.347348,396.05,0,8134.867,0.180462392318431,53,1.8,6,0,0,20.54,4.9,1024.1,6,5.4,0.0,4.88,0.0,4.9,17.447222
95.112062,81.887078,0.0,0,0.0,0.33283761773245524,94,0.0,0,0,0,9.27,31.85,1027.0,0,25.2,0.0,21.296666666666667,0.0,17.28,181.56389
84.608378,67.514347,0.0,0,0.0,0.33995538085626265,96,1.0,1,1,0,9.24,32.2,1027.6,0,23.4,0.0,20.153333333333336,0.0,12.78,1114.5098
75.128475,53.256349,74.76,0,900.1104,0.31557908762579334,90,0.0,0,0,0,12.04,26.84,1027.5,0,22.68,0.0,19.513333333333332,0.0,15.12,1863.6458
66.9717,39.1115,236.74,0,3565.3044000000004,0.2636966101106832,76,0.0,0,0,0,15.06,23.62,1027.4,0,23.04,0.0,20.320000000000004,0.0,18.45,2318.9053
60.866833,25.563816,372.91,0,6279.8044,0.22414566019517917,65,0.0,0,0,0,16.84,24.03,1026.8,0,22.68,0.0,21.486666666666668,0.0,20.01,2561.1805
57.518469,14.692851,474.37,0,8519.6852,0.20267252928446294,59,0.0,0,0,0,17.96,24.86,1026.3,0,19.08,0.0,22.433333333333334,0.0,20.83,2596.7036
57.425256,14.261448,534.89,0,10296.6325,0.1778385772913817,52,0.9,3,0,0,19.25,19.59,1026.9,3,17.28,0.0,18.3,0.0,17.53,2442.8329
60.602678,24.775509,535.78,0,10619.159599999999,0.1740792572618357,51,0.0,0,0,0,19.82,19.93,1026.5,0,16.92,0.0,18.64,0.0,17.87,2094.3719
66.573154,38.250639,485.94,0,9709.0812,0.16716132773854603,49,0.0,0,0,0,19.98,20.15,1025.9,0,17.64,0.0,18.746666666666666,0.0,17.76,559.34444
74.636146,52.37202,388.04,0,7683.192000000001,0.17067759003242874,50,0.0,0,0,0,19.8,19.01,1025.5,0,18.0,0.0,17.83666666666667,0.0,17.42,12.891445
95.324405,81.896149,0.0,0,0.0,0.3220440952684291,91,0.0,0,0,0,9.42,46.95,1027.6,0,47.16,0.0,36.73,0.0,32.69,171.27389
84.81827,67.53264,0.0,0,0.0,0.3258251877036408,92,0.0,0,0,0,9.21,47.59,1027.7,0,47.52,0.0,37.38666666666667,0.0,33.36,1110.0663
75.365345,53.305309,73.87,0,788.1929,0.29596222958212953,84,0.0,0,0,0,10.67,46.11,1027.8,0,44.64,0.0,36.03333333333333,0.0,29.3,1927.2006
67.231366,39.195158,239.41,0,3014.1719,0.241478266955974,69,0.0,0,0,0,12.59,45.47,1027.8,0,45.72,0.0,37.373333333333335,0.0,31.97,2405.3071
61.146938,25.705657,379.14,0,5410.3278,0.20527451116832512,59,0.0,0,0,0,14.27,43.99,1027.8,0,39.6,0.0,37.25333333333334,0.0,33.09,2682.9371
57.810132,14.940815,481.49,0,7626.8016,0.17301636734835119,50,0.0,0,0,0,15.84,40.96,1027.2,0,37.08,0.0,35.276666666666664,0.0,31.67,2720.5597
57.713814,14.50241,538.45,0,9309.800500000001,0.16870954413992564,49,0.0,0,0,0,17.29,35.14,1027.1,0,30.6,0.0,31.023333333333337,0.0,28.59,2548.5719
60.873827,24.896697,542.01,0,9897.1026,0.15442160529837687,45,0.0,0,0,0,18.26,31.04,1027.1,0,24.48,0.0,27.676666666666666,0.0,25.62,2171.4181
66.818935,38.308778,492.17,0,9193.7356,0.1473460576362951,43,0.0,0,0,0,18.68,27.38,1027.1,0,21.96,0.0,24.856666666666666,0.0,23.41,595.615
74.855381,52.393942,393.38,0,7210.6554,0.15095375325922877,44,0.0,0,0,0,18.33,25.58,1026.3,0,20.16,0.0,22.706666666666663,0.0,20.91,16.017406
95.537018,81.909704,0.0,0,0.0,0.23815448050332352,67,0.0,0,0,0,8.18,6.15,1032.2,0,7.2,0.0,5.303333333333334,0.0,3.32,170.72708
85.026725,67.554289,0.0,0,0.0,0.2458140363377271,69,0.0,0,0,0,7.55,5.62,1032.5,0,8.28,0.0,5.523333333333333,0.0,3.71,1092.8883
75.600798,53.358085,69.42,0,626.1684,0.2303575858525003,65,0.0,0,0,0,9.02,4.51,1033.0,0,9.0,0.0,4.8966666666666665,0.0,3.08,1870.48
67.488844,39.282615,234.07,0,2904.8087,0.2101134612690853,60,0.0,0,0,0,12.41,2.88,1032.3,0,3.96,0.0,2.513333333333333,0.0,1.44,2319.5222
61.423863,25.850734,372.91,0,5809.937800000001,0.18702594119073185,54,0.0,0,0,0,15.58,4.61,1031.8,0,4.68,0.0,4.256666666666667,0.0,4.33,2568.7744
58.097601,15.187906,476.15,0,8185.0185,0.17565612729902874,51,0.0,0,0,0,17.19,6.64,1031.4,0,6.12,0.0,6.45,0.0,6.41,2643.3625
57.997404,14.739394,539.34,0,10495.556400000001,0.1059430641468166,31,0.0,0,0,0,19.46,9.34,1031.1,0,7.56,0.0,9.503333333333334,0.0,9.34,2472.8327
61.139597,25.015378,542.01,0,10650.4965,0.1127049180327869,33,0.0,0,0,0,19.65,9.98,1031.0,0,8.64,0.0,9.873333333333333,0.0,9.66,2098.9661
67.059188,38.364295,491.28,0,9683.1288,0.11609642832752853,34,0.0,0,0,0,19.71,8.09,1031.0,0,7.92,0.0,8.026666666666666,0.0,8.09,549.81833
75.069043,52.413057,391.6,0,7644.032,0.11958861516383643,35,0.0,0,0,0,19.52,7.65,1030.0,0,7.2,0.0,7.423333333333335,0.0,7.42,15.31717
95.748376,81.925788,0.0,0,0.0,0.12814124012244607,36,0.0,0,0,0,7.79,4.39,1031.1,0,4.32,0.0,8.293333333333333,0.0,10.59,160.22743
85.233591,67.579188,0.0,0,0.0,0.11757161179991452,33,0.0,0,0,0,7.53,4.39,1031.5,0,5.04,0.0,7.796666666666667,0.0,9.5,1094.4347
75.834749,53.414592,69.42,0,596.3178,0.12067863988074112,34,0.0,0,0,0,8.59,5.12,1031.6,0,6.12,0.0,7.283333333333334,0.0,8.94,1903.3239
67.744057,39.373732,237.63,0,2716.1108999999997,0.11596036263967953,33,0.0,0,0,0,11.43,6.64,1031.3,0,2.52,0.0,6.1499999999999995,0.0,5.69,2366.2903
61.697546,25.99883,379.14,0,5713.6398,0.0971480119353272,28,0.0,0,0,0,15.07,4.61,1030.2,0,2.16,0.0,4.136666666666667,0.0,4.2,2567.7933
58.380831,15.434044,484.16,0,8535.7408,0.09629272989889265,28,0.0,0,0,0,17.63,1.48,1029.3,0,1.44,0.0,1.4666666666666668,0.0,1.48,2607.4288
58.275994,14.972538,544.68,0,11046.1104,0.07156732440445764,21,0.0,0,0,0,20.28,9.89,1028.4,0,6.48,0.0,9.236666666666666,0.0,9.11,2471.6639
61.399952,25.131459,547.35,0,11549.085000000001,0.06457094307561598,19,0.0,0,0,0,21.1,11.53,1027.3,0,7.92,0.0,10.770000000000001,0.0,10.74,2098.9036
67.293871,38.417116,496.62,0,10582.9722,0.06452489302451947,19,0.0,0,0,0,21.31,13.1,1026.9,0,9.36,0.0,12.083333333333334,0.0,11.97,523.50056
75.277084,52.429319,396.05,0,8233.8795,0.06804109682248077,20,0.0,0,0,0,20.79,14.24,1026.4,0,9.72,0.0,12.793333333333331,0.0,12.41,17.416111
95.961768,81.948717,0.0,0,0.0,0.10689470871191876,30,0.0,0,0,0,7.5,12.43,1027.3,0,9.36,0.0,12.616666666666665,0.0,13.8,148.77778
85.438786,67.607313,0.0,0,0.0,0.09982886480319454,28,0.0,0,0,0,7.33,11.92,1027.3,0,9.0,0.0,12.170000000000002,0.0,13.21,1058.2073
76.06705,53.474733,66.75,0,588.735,0.09575486753909991,27,0.0,0,0,0,8.82,10.59,1027.2,0,7.92,0.0,10.59,0.0,11.73,1944.2381
67.996826,39.468344,235.85,0,2750.011,0.09480004213335205,27,0.0,0,0,0,11.66,9.22,1027.3,0,5.04,0.0,8.006666666666668,0.0,7.17,2385.9316
61.967786,26.149631,377.36,0,5709.456800000001,0.08672124323574304,25,0.0,0,0,0,15.13,5.32,1025.8,0,2.88,0.0,5.316666666666667,0.0,5.15,2601.5933
58.659616,15.678682,482.38,0,8523.6546,0.07564816725122069,22,0.0,0,0,0,17.67,3.32,1025.3,0,1.8,0.0,3.203333333333333,0.0,2.97,2666.1872
58.549385,15.201332,535.78,0,10865.6184,0.08179122789080873,24,0.0,0,0,0,20.28,2.31,1024.2,0,4.68,0.0,2.0500000000000003,0.0,2.04,2500.4902
61.654715,25.244709,539.34,0,11358.5004,0.07137758743754462,21,0.0,0,0,0,21.06,4.83,1023.5,0,6.84,0.0,4.473333333333334,0.0,4.83,2090.3642
67.522833,38.46713,489.5,0,10382.295,0.0645468134257372,19,0.0,0,0,0,21.21,7.9,1023.3,0,9.0,0.0,7.146666666666667,0.0,7.64,554.48818
75.479393,52.442675,389.82,0,7928.9388,0.07155269344781766,21,0.0,0,0,0,20.34,8.21,1022.8,0,11.52,0.0,7.426666666666667,0.0,7.7,20.071111
96.173165,81.973467,0.0,0,0.0,0.11761770681113448,33,0.0,0,0,0,7.42,21.54,1024.8,0,15.48,0.0,18.023333333333333,0.0,18.42,133.03556
85.642185,67.638567,0.0,0,0.0,0.12493307156880244,35,0.0,0,0,0,7.0,19.77,1025.4,0,14.04,0.0,17.19666666666667,0.0,18.06,1028.9506
76.297627,53.538415,63.19,0,497.93719999999996,0.13877521972743126,39,0.0,0,0,0,7.88,17.73,1025.6,0,12.24,0.0,15.226666666666667,0.0,15.58,1889.7278
68.247094,39.566311,230.51,0,2607.0681,0.1300710117415454,37,0.0,0,0,0,11.31,16.39,1025.6,0,11.52,0.0,11.520000000000001,0.0,9.06,2360.8703
62.234548,26.302945,372.91,0,5634.6701,0.10754180253937418,31,0.0,0,0,0,15.11,10.14,1024.3,0,8.64,0.0,9.833333333333334,0.0,9.83,2610.6869
58.933945,15.921867,477.93,0,8186.9409,0.09301364200082679,27,0.0,0,0,0,17.13,6.57,1023.5,0,5.04,0.0,6.593333333333334,0.0,6.57,2645.2719
58.817577,15.426035,526.88,0,9578.678399999999,0.09954347303744894,29,0.0,0,0,0,18.18,15.84,1023.8,0,12.24,0.0,15.0,0.0,14.76,2491.1983
61.903882,25.355079,530.44,0,10035.924800000003,0.09244359228951964,27,0.0,0,0,0,18.92,11.18,1023.2,0,8.28,0.0,10.596666666666666,0.0,10.5,2068.3786
67.746058,38.514279,479.71,0,9196.0407,0.08894362342638205,26,0.0,0,0,0,19.17,8.65,1023.2,0,7.2,0.0,8.196666666666667,0.0,8.31,575.61333
75.602261,52.336978,380.92,0,7157.4868,0.09248475714187847,27,0.0,0,0,0,18.79,7.09,1022.9,0,6.48,0.0,6.55,0.0,6.76,28.548023
96.292532,81.88388,0.0,0,0.0,0.25365295987996145,71,8.7,29,0,0,6.76,5.19,1029.1,29,3.24,0.0,6.66,0.0,9.89,131.93644
85.843735,67.672936,0.0,0,0.0,0.2687208885704049,75,8.4,28,0,0,5.95,3.32,1029.8,28,2.16,0.0,6.493333333333333,0.0,10.3,945.81861
76.526331,53.605532,66.75,0,459.24,0.2606863550333893,73,10.2,34,0,0,6.88,1.61,1030.1,34,2.16,0.0,5.6066666666666665,0.0,9.59,1891.3403
68.494687,39.66746,234.96,0,2441.2344000000003,0.21161035480002824,60,9.0,30,0,0,10.39,1.14,1030.3,30,3.6,0.0,2.1733333333333333,0.0,2.97,2344.1827
62.497643,26.458466,372.91,0,5075.3051000000005,0.1813363091086623,52,8.1,27,0,0,13.61,4.1,1029.4,27,6.48,0.0,4.1499999999999995,0.0,4.02,2592.0347
59.203623,16.163113,474.37,0,7329.0165,0.15592515592515593,45,8.1,27,0,0,15.45,7.17,1028.9,27,8.28,0.0,7.213333333333334,0.0,6.95,2554.0569
59.080388,15.646211,525.99,0,8768.2533,0.13111586501966738,38,4.8,16,0,0,16.67,14.15,1029.7,16,12.6,0.0,13.770000000000001,0.0,13.44,2331.8964
62.14729,25.462358,527.77,0,8724.0381,0.1415354874344104,41,4.2,14,0,0,16.53,16.81,1029.6,14,15.48,0.0,16.183333333333334,0.0,15.75,1597.3989
67.963409,38.558463,479.71,0,7982.3744,0.13803098795679633,40,6.3,21,0,0,16.64,15.6,1029.5,21,14.76,0.0,15.106666666666667,0.0,14.8,618.6294
75.867172,52.461376,385.37,0,6266.1162,0.14166753049307212,41,5.1,17,0,0,16.26,13.28,1029.0,17,13.68,0.0,12.866666666666665,0.0,12.59,63.68121
96.503626,81.917133,0.0,0,0.0,0.3348817111375176,93,0.0,0,0,0,4.56,34.11,1033.3,0,28.44,0.0,23.993333333333336,0.0,21.27,119.54096
86.043398,67.7104,0.0,0,0.0,0.3387265323772116,94,0.0,0,0,0,4.36,32.14,1033.8,0,25.2,0.0,23.34,0.0,21.97,863.31917
76.753049,53.675977,55.18,0,362.5326,0.32890032890032894,92,0.0,0,0,0,6.57,27.36,1033.4,0,22.32,0.0,20.176666666666666,0.0,18.01,1861.7097
68.73949,39.771628,218.05,0,2197.944,0.2718638562299192,77,0.0,0,0,0,10.08,20.99,1032.4,0,17.64,0.0,18.08,0.0,17.37,2339.4042
62.756959,26.615948,357.78,0,4633.250999999999,0.21321216357916814,61,0.0,0,0,0,12.95,19.0,1031.7,0,14.76,0.0,17.28,0.0,17.16,2547.7544
59.46855,16.402222,461.02,0,6841.5368,0.1840341678530505,53,0.0,0,0,0,14.84,17.9,1030.9,0,15.12,0.0,16.566666666666666,0.0,16.42,2589.4285
59.337728,15.861783,519.76,0,8181.0224,0.16615320710304962,48,0.0,0,0,0,15.74,12.78,1030.6,0,10.08,0.0,11.916666666666666,0.0,11.79,2443.0534
62.38486,25.566424,522.43,0,8808.1698,0.15171890624461226,44,0.0,0,0,0,16.86,8.16,1029.5,0,9.0,0.0,7.826666666666667,0.0,7.9,2017.5975
68.174814,38.59961,472.59,0,8270.324999999999,0.13762257010149664,40,0.0,0,0,0,17.5,4.32,1029.5,0,7.2,0.0,4.44,0.0,4.32,573.55889
76.051707,52.465532,373.8,0,6489.168,0.1411311142473581,41,0.0,0,0,0,17.36,6.11,1028.3,0,6.84,0.0,6.116666666666667,0.0,6.11,27.892778
96.622456,81.83593,0.0,0,0.0,0.23362806412191794,65,0.0,0,0,0,5.07,12.18,1028.8,0,8.64,0.0,12.803333333333333,0.0,14.51,105.49856
86.241173,67.750952,0.0,0,0.0,0.21940078408804808,61,0.0,0,0,0,4.88,10.31,1029.0,0,7.56,0.0,11.416666666666666,0.0,13.2,850.73685
76.977689,53.749642,54.29,0,332.2548,0.1969420274286533,55,0.0,0,0,0,6.12,8.4,1028.7,0,6.12,0.0,9.556666666666667,0.0,11.01,1871.3233
68.981419,39.878663,218.05,0,2001.699,0.17355576807282258,49,0.0,0,0,0,9.18,7.97,1028.1,0,2.52,0.0,6.706666666666667,0.0,5.86,2341.9081
63.01243,26.77519,358.67,0,4508.481900000001,0.14349713005739886,41,0.0,0,0,0,12.57,5.15,1026.6,0,2.88,0.0,4.916666666666667,0.0,4.8,2558.9606
59.728682,16.639182,463.69,0,6848.7013,0.12156154487357601,35,0.0,0,0,0,14.77,4.32,1025.4,0,3.24,0.0,4.086666666666667,0.0,3.96,2611.7934
59.589567,16.072865,517.09,0,8888.777100000001,0.11365984707584213,33,0.0,0,0,0,17.19,1.14,1025.3,0,1.44,0.0,1.1933333333333334,0.0,1.14,2470.7916
62.616562,25.667209,520.65,0,9335.2545,0.10649993129036692,31,0.0,0,0,0,17.93,0.36,1024.1,0,3.24,0.0,0.24,0.0,0.36,2062.0588
68.38024,38.637664,469.92,0,8538.4464,0.10297954139777564,30,0.0,0,0,0,18.17,1.84,1023.5,0,6.12,0.0,1.6000000000000003,0.0,1.94,591.26963
76.230908,52.467562,371.13,0,6643.226999999999,0.10994674454561074,32,0.0,0,0,0,17.9,3.6,1023.1,0,6.84,0.0,3.3666666666666667,0.0,3.6,25.258611
96.559095,81.52335,0.0,0,0.0,0.30578839443105377,85,0.0,0,0,0,4.82,10.09,1025.7,0,6.84,0.0,7.45,0.0,6.76,99.902424
86.437133,67.794675,0.0,0,0.0,0.3245231312876357,90,0.0,0,0,0,4.18,7.9,1026.5,0,6.48,0.0,7.323333333333333,0.0,7.7,802.4675
77.200075,53.826406,49.84,0,249.20000000000002,0.3091856911738271,86,0.0,0,0,0,5.0,5.19,1026.4,0,3.6,0.0,6.666666666666667,0.0,8.44,1826.1867
69.220265,39.988368,210.93,0,1828.7631000000001,0.24483713008303173,69,0.0,0,0,0,8.67,3.1,1025.3,0,3.96,0.0,3.0833333333333335,0.0,3.1,2352.4367
63.263822,26.935843,350.66,0,4274.5454,0.19625709679680384,56,0.0,0,0,0,12.19,5.09,1024.4,0,5.4,0.0,4.993333333333333,0.0,4.74,2575.9782
59.983773,16.873354,454.79,0,6253.3625,0.17776228651097944,51,0.0,0,0,0,13.75,6.85,1023.7,0,7.56,0.0,6.726666666666667,0.0,6.49,2645.8714
59.83567,16.278882,510.86,0,7744.6376,0.13527106239811315,39,0.0,0,0,0,15.16,6.73,1023.5,0,5.76,0.0,6.736666666666667,0.0,6.49,2529.3766
62.842193,25.764473,515.31,0,8131.591799999999,0.1315197452670197,38,0.0,0,0,0,15.78,8.05,1022.7,0,7.2,0.0,7.9366666666666665,0.0,7.77,2123.1317
68.579522,38.672525,465.47,0,7428.901200000001,0.12797896994223654,37,0.0,0,0,0,15.96,8.67,1022.6,0,8.28,0.0,8.676666666666668,0.0,8.35,591.59744
76.403809,52.466254,368.46,0,5740.6068,0.13161084750458907,38,0.0,0,0,0,15.58,9.06,1022.4,0,9.0,0.0,8.950000000000001,0.0,8.76,26.015485
96.858313,81.685404,0.0,0,0.0,0.3406290766777794,94,3.6,12,0,0,2.81,3.4,1028.1,12,5.04,0.0,6.563333333333333,0.0,8.5,101.91768
86.631405,67.841637,0.0,0,0.0,0.337323177366703,93,4.8,16,0,0,2.55,6.13,1028.4,16,6.84,0.0,8.026666666666666,0.0,9.45,790.20158
77.420155,53.906162,54.29,0,226.9322,0.28485919301914686,79,4.5,15,0,0,4.18,8.29,1028.4,15,8.28,0.0,8.459999999999999,0.0,9.16,1817.4116
69.456009,40.10061,221.61,0,1783.9605000000004,0.21692745376955905,61,4.2,14,0,0,8.05,8.22,1027.6,14,4.32,0.0,5.28,0.0,3.6,2366.2103
63.511153,27.097793,361.34,0,4065.075,0.1687763713080169,48,3.6,12,0,0,11.25,2.88,1026.7,12,6.48,0.0,2.4,0.0,2.52,2543.735
60.233876,17.105052,464.58,0,6392.6208,0.13941654177268134,40,2.1,7,0,0,13.76,5.51,1026.3,7,7.2,0.0,5.2299999999999995,0.0,5.09,2673.1679
60.076104,16.480281,515.31,0,7626.588,0.11807605487063727,34,0.3,1,0,0,14.8,10.31,1025.8,1,10.44,0.0,10.06,0.0,9.69,2547.4292
63.061807,25.85824,520.65,0,8044.0425,0.11088011088011089,32,0.3,1,0,0,15.45,10.95,1025.6,1,11.52,0.0,10.829999999999998,0.0,10.59,2104.9455
68.772691,38.704164,473.48,0,7395.7576,0.11081483533608062,32,2.1,7,0,0,15.62,11.25,1025.9,7,11.88,0.0,11.013333333333334,0.0,10.54,659.01694
76.519938,52.379977,378.25,0,5745.617499999999,0.11444822085038497,33,3.0,10,0,0,15.19,11.66,1025.5,10,11.88,0.0,11.286666666666667,0.0,10.95,56.975141
97.343012,82.093416,0.0,0,0.0,0.17692724318469039,49,46.0,84,0,46,3.8,1.14,1030.5,38,3.6,0.0,7.12,0.0,11.72,122.73136
86.810597,67.871695,0.0,0,0.0,0.1770934981387112,49,39.0,39,0,39,3.54,1.94,1030.5,0,5.04,0.0,7.696666666666666,0.0,12.48,159.58794
69.688441,40.215193,200.25,0,1882.3500000000001,0.13448947089010796,38,100.0,100,0,100,9.4,3.32,1029.7,0,3.24,0.0,4.266666666666667,0.0,4.58,2193.7681
63.754188,27.260697,342.65,0,4156.3445,0.11567582725743131,33,23.0,23,0,23,12.13,2.62,1028.6,0,3.96,0.0,2.4833333333333334,0.0,2.55,2503.6856
60.478747,17.333657,446.78,0,6487.245599999999,0.09733375047797825,28,14.0,14,0,14,14.52,2.16,1027.8,0,4.68,0.0,2.28,0.0,2.16,2537.5647
60.310636,16.67648,496.62,0,8258.7906,0.1725446890744703,50,0.0,0,0,0,16.63,2.41,1027.0,0,2.52,0.0,2.48,0.0,2.41,2082.9414
63.275201,25.948266,501.96,0,8829.4764,0.15133796519226803,44,0.0,0,0,0,17.59,3.89,1026.5,0,3.6,0.0,4.2,0.0,4.2,2020.9667
68.959586,38.73248,453.01,0,8145.1198,0.137395665166764,40,0.0,0,0,0,17.98,6.61,1026.5,0,4.32,0.0,6.553333333333334,0.0,6.61,586.52722
76.436481,51.987286,356.89,0,6245.575,0.15138482711164633,44,0.0,0,0,0,17.5,9.83,1026.3,0,6.48,0.0,9.583333333333334,0.0,9.69,31.918155
97.458662,82.02885,0.0,0,0.0,0.3417951365400363,96,100.0,200,0,100,7.72,4.35,1030.3,100,6.48,0.0,5.449999999999999,0.0,6.88,99.04738
87.015533,67.945833,0.0,0,0.0,0.35296634341129496,99,100.0,200,0,100,7.33,2.62,1031.0,100,1.44,0.0,5.673333333333333,0.0,7.79,727.07255
77.852772,54.074167,45.39,0,389.44620000000003,0.3230042948922728,91,86.0,176,0,86,8.58,1.3,1030.6,90,1.44,0.0,5.330000000000001,0.0,7.2,1559.9368
69.917471,40.331962,192.24,0,2308.8024,0.25950343666713427,74,100.0,200,0,100,12.01,4.61,1030.8,100,2.16,0.0,4.17,0.0,3.83,2115.8841
63.992853,27.42436,293.7,0,4232.217,0.21908471275559882,63,100.0,200,0,100,14.41,2.19,1030.7,100,2.52,0.0,2.17,0.0,2.16,2453.5392
60.718331,17.559124,380.03,0,6209.690199999999,0.18308059000310895,53,100.0,200,0,100,16.34,2.88,1030.0,100,3.96,0.0,2.8866666666666667,0.0,2.52,2548.6731
60.539224,16.867572,487.72,0,8778.960000000001,0.1579941610853512,46,6.9,23,0,0,18.0,6.13,1029.8,23,7.2,0.0,6.136666666666667,0.0,5.8,2375.9012
63.482339,26.034492,491.28,0,9206.587199999998,0.15074171777039297,44,5.4,18,0,0,18.74,7.95,1029.4,18,8.28,0.0,7.9433333333333325,0.0,7.59,2003.9314
69.140167,38.757422,446.78,0,8448.6098,0.15065397521057317,44,3.9,13,0,0,18.91,8.64,1029.0,13,9.36,0.0,8.643333333333333,0.0,8.29,569.05
76.737536,52.209357,351.55,0,6528.2835000000005,0.1542575071986837,45,0.0,0,0,0,18.57,10.09,1028.9,0,9.36,0.0,9.846666666666666,0.0,9.36,18.137215
97.438074,81.792071,0.0,0,0.0,0.29572095343285715,83,3.0,10,0,0,7.52,6.7,1031.9,10,7.2,0.0,7.466666666666668,0.0,8.05,66.180606
87.205748,68.003328,0.0,0,0.0,0.2959107276551749,83,3.3,11,0,0,7.34,8.12,1032.3,11,8.28,0.0,8.799999999999999,0.0,9.34,417.32928
78.065107,54.162192,45.39,0,381.276,0.27348605931450903,77,3.3,11,0,0,8.4,10.93,1031.8,11,10.8,0.0,9.393333333333333,0.0,9.83,1502.5198
70.142995,40.450761,203.81,0,2413.1104,0.22456928313274155,64,2.1,7,0,0,11.84,11.5,1031.7,7,9.0,0.0,7.543333333333333,0.0,6.12,1818.556
64.227048,27.588584,339.98,0,5507.676,0.1589770174529117,46,1.5,5,0,0,16.2,10.0,1030.5,5,11.52,0.0,9.200000000000001,0.0,8.89,2192.0787
60.952537,17.781353,440.55,0,7907.8724999999995,0.13397457918241157,39,2.1,7,0,0,17.95,15.58,1029.7,7,19.08,0.0,14.556666666666667,0.0,14.19,971.64265
60.761788,17.053462,431.65,0,7868.9794999999995,0.11668611435239207,34,100.0,200,0,100,18.23,17.43,1029.3,100,23.04,0.0,16.61,0.0,16.2,1025.1678
63.683146,26.116798,451.23,0,8262.0213,0.11665408632402388,34,100.0,200,0,100,18.31,21.17,1028.8,100,24.12,0.0,19.826666666666664,0.0,18.9,757.96417
69.314371,38.778923,412.96,0,7391.9839999999995,0.12369008761381207,36,100.0,200,0,100,17.9,23.71,1028.9,100,26.64,0.0,22.276666666666667,0.0,21.17,242.84537
76.450134,51.500774,305.27,0,5272.0129,0.14117485021692722,41,100.0,200,0,100,17.27,26.48,1028.0,100,28.44,0.0,23.856666666666666,0.0,22.16,41.148397
87.395079,68.064678,0.0,0,0.0,0.32271792325696863,91,100.0,100,100,0,8.83,53.42,1016.1,0,54.0,0.2,44.89333333333334,0.2,41.16,69.412105
78.274656,54.252753,6.23,0,53.0796,0.3266233535697803,92,100.0,171,100,2,8.52,54.03,1016.1,69,70.56,0.4,45.63666666666666,0.4,41.79,360.27927
70.364916,40.57144,56.07,0,371.1834,0.3145440897880402,88,100.0,100,100,0,6.62,46.45,1019.5,0,46.8,0.5,40.21666666666667,0.5,37.1,2196.6532
64.456686,27.75317,250.09,0,1728.1219,0.23923444976076555,67,10.0,10,10,0,6.91,46.81,1019.4,0,46.08,0.0,41.053333333333335,0.0,38.53,1704.8736
61.181292,18.000231,402.28,0,2715.39,0.210789567702751,59,10.0,10,10,0,6.75,48.24,1019.2,0,47.52,0.0,42.723333333333336,0.0,39.96,1359.2706
60.978267,17.234166,438.77,0,3453.1198999999997,0.19215714184043842,54,10.0,10,10,0,7.87,48.97,1017.5,0,50.4,0.0,43.46,0.0,40.69,1961.0203
63.877571,26.195112,376.47,0,2725.6428,0.17475658903669888,49,10.0,10,10,0,7.24,47.55,1018.1,0,48.96,0.0,42.14333333333334,0.0,39.27,1373.3216
69.482147,38.796926,314.17,0,2343.7082,0.1710559139018567,48,100.0,100,100,0,7.46,46.1,1017.9,0,44.28,0.0,41.053333333333335,0.0,38.54,197.96722
76.882267,51.947328,230.51,0,1519.0609,0.16801315507256742,47,78.0,78,78,0,6.59,44.1,1018.2,0,45.36,0.0,39.01666666666667,0.0,36.5,22.234524
96.973932,80.786157,0.0,0,-0.0,0.3202650469353948,87,100.0,100,100,0,-1.5,30.56,1020.2,0,30.96,0.0,25.560000000000002,0.0,22.92,23.060145
87.583435,68.129834,0.0,0,-0.0,0.32778432527990575,89,100.0,100,100,0,-1.63,31.31,1020.2,0,33.12,0.0,27.200000000000003,0.0,25.26,614.21553
78.481283,54.345739,35.6,0,-25.988,0.304676602305264,83,36.0,36,36,0,-0.73,30.15,1019.9,0,36.36,0.0,26.80666666666667,0.0,25.2,1885.3928
70.583073,40.693829,193.13,0,266.51939999999996,0.25862382981823484,71,87.0,92,87,5,1.38,25.08,1019.2,0,28.8,0.0,23.55666666666667,0.0,22.61,1649.1028
64.681594,27.917852,300.82,0,1110.0258,0.20228290709435054,56,100.0,127,100,27,3.69,27.0,1018.1,0,32.04,0.0,25.393333333333334,0.0,23.95,882.76925
61.40442,18.215367,328.41,0,1234.8216,0.2275107435628905,63,100.0,138,100,38,3.76,33.19,1017.6,0,36.72,0.0,31.116666666666664,0.0,29.46,760.83998
61.188492,17.4093,428.09,0,2504.3264999999997,0.2078853046594982,58,100.0,134,100,34,5.85,27.03,1016.3,0,28.8,0.0,25.583333333333332,0.0,24.22,274.23083
64.065462,26.269235,411.18,0,2105.2416000000003,0.24077334962446545,67,85.0,95,85,10,5.12,26.37,1015.4,0,25.92,0.0,24.903333333333332,0.0,23.77,97.142222
69.643374,38.811339,371.13,0,2111.7297000000003,0.24745373691005595,69,100.0,170,100,70,5.69,26.21,1015.2,0,26.64,0.1,24.74666666666667,0.1,23.62,88.751389
75.515109,49.486771,285.69,0,1705.5692999999999,0.236457437661221,66,100.0,156,100,56,5.97,23.62,1014.2,0,24.12,0.2,22.180000000000003,0.2,21.03,0.003921569
96.989729,80.614027,0.0,0,0.0,0.3476924203052374,95,100.0,100,100,0,0.08,16.97,1022.1,0,19.8,0.0,15.406666666666666,0.0,14.49,62.988136
87.770771,68.198768,0.0,0,-0.0,0.3482149402536471,95,100.0,100,100,0,-0.33,17.38,1023.0,0,24.12,0.0,16.389999999999997,0.0,16.04,656.97306
78.684881,54.441045,17.8,0,-4.984000000000001,0.3408216366768058,93,100.0,100,100,0,-0.28,18.86,1023.9,0,27.72,0.0,18.066666666666666,0.0,18.18,1785.2924
70.797358,40.817779,108.58,0,27.145,0.33284564740307243,91,100.0,100,100,0,0.25,18.1,1024.7,0,26.64,0.0,17.45,0.0,17.38,2403.1922
64.901661,28.082428,238.52,0,288.6092,0.30252223356174374,83,100.0,100,100,0,1.21,16.77,1025.4,0,22.68,0.0,16.603333333333335,0.0,16.52,2736.0958
61.621814,18.426587,416.52,0,887.1875999999999,0.2579192095321128,71,0.0,0,0,0,2.13,15.38,1025.0,0,23.4,0.0,15.316666666666668,0.0,15.19,2506.7527
61.392367,17.578719,493.06,0,1918.0034,0.15160265665607855,42,0.0,0,0,0,3.89,28.36,1024.9,0,32.4,0.0,27.959999999999997,0.0,27.36,1876.2017
64.226082,26.077066,497.51,0,2353.2223000000004,0.1475457031812293,41,0.0,0,0,0,4.73,28.76,1024.7,0,31.68,0.0,28.626666666666665,0.0,28.06,553.48616
96.870461,80.270685,0.0,0,-0.0,0.3318339355504757,90,31.0,31,31,0,-1.93,20.19,1030.6,0,20.88,0.0,15.126666666666667,0.0,12.43,27.139583
87.957169,68.271524,0.0,0,-0.0,0.28928192171079137,79,100.0,128,100,28,-0.06,17.34,1030.9,0,17.28,0.0,11.956666666666665,0.0,9.0,617.06192
78.885393,54.538576,31.15,0,0.0,0.29287937030935385,80,40.0,40,40,0,0.0,11.88,1030.7,0,14.04,0.0,9.14,0.0,7.17,1634.0556
71.007729,40.94317,184.23,0,351.87929999999994,0.2726677815749291,75,0.0,0,0,0,1.91,9.78,1031.3,0,14.4,0.0,9.9,0.0,10.09,2317.0292
65.116871,28.246789,319.51,0,1444.1852,0.22328663521446324,62,3.6,12,0,0,4.52,8.91,1030.4,12,15.48,0.0,8.856666666666667,0.0,8.83,2162.045
61.833482,18.634027,406.73,0,2367.1686000000004,0.179230741656809,50,100.0,165,100,40,5.82,14.76,1029.4,25,18.72,0.0,14.593333333333334,0.0,14.33,1140.6985
61.589908,17.742657,425.42,0,2922.6354,0.2035568887936576,57,100.0,121,100,8,6.87,15.27,1028.7,13,21.24,0.0,14.75,0.0,14.47,1838.1322
64.421401,26.404509,375.58,0,2869.4311999999995,0.18875316072509707,53,100.0,150,100,50,7.64,17.38,1028.3,0,22.68,0.0,16.596666666666668,0.0,16.17,603.27917
69.945957,38.829136,350.66,0,2843.8526,0.1777714570148617,50,100.0,103,100,3,8.11,19.04,1027.9,0,25.2,0.0,18.05,0.0,17.46,471.24194
76.8414,51.18971,306.16,0,2498.2656,0.17773985994099037,50,100.0,102,100,2,8.16,20.72,1027.5,0,25.2,0.0,19.323333333333334,0.0,18.35,35.146667
88.142283,68.347869,0.0,0,0.0,0.3366881471291,93,13.0,36,13,0,3.07,33.05,1028.7,23,32.4,0.0,26.77333333333333,0.0,24.16,255.03637
79.08267,54.638223,32.93,0,107.0225,0.32923299565846603,91,41.0,64,41,0,3.25,32.73,1028.6,23,36.72,0.0,27.49,0.0,24.97,1455.2893
71.214008,41.069831,185.12,0,829.3376000000001,0.2881532975542989,80,10.2,34,0,0,4.48,33.67,1028.2,34,42.12,0.0,29.53,0.0,27.71,949.78512
65.32702,28.410648,318.62,0,1965.8854000000001,0.24344837462408708,68,12.0,40,0,0,6.17,38.26,1028.1,40,44.28,0.0,33.86666666666667,0.0,31.99,1232.0136
62.039209,18.837186,412.07,0,3119.3699,0.231547449415788,65,21.6,80,0,8,7.57,39.5,1026.9,72,50.04,0.0,35.410000000000004,0.0,33.7,1015.2133
61.780908,17.900588,465.47,0,4263.7052,0.2267011441323368,64,30.0,101,1,0,9.16,41.56,1024.6,100,50.76,0.0,37.343333333333334,0.0,35.18,802.73694
64.589278,26.46541,453.9,0,4579.851,0.2118344866544274,60,30.0,109,0,9,10.09,43.83,1024.2,100,51.12,0.0,39.17666666666667,0.0,37.11,562.29676
70.087167,38.83238,415.63,0,4438.9284,0.21139414438220064,60,23.4,86,3,5,10.68,45.15,1024.1,78,53.28,0.0,40.089999999999996,0.0,37.64,179.49018
76.888165,51.04726,306.16,0,3321.8360000000002,0.21830985915492956,62,100.0,129,100,0,10.85,48.12,1023.2,29,60.12,0.0,41.986666666666665,0.0,39.22,49.615646
97.478749,80.714075,0.0,0,0.0,0.1644436323771241,45,0.0,0,0,0,0.5,39.28,1027.2,0,41.4,0.0,29.77,0.0,26.34,36.312791
88.326196,68.427825,0.0,0,0.0,0.1754834935838848,48,0.0,0,0,0,0.38,39.28,1027.4,0,40.32,0.0,29.91,0.0,26.61,417.20592
79.276696,54.739896,27.59,0,36.970600000000005,0.1785128784290867,49,0.0,0,0,0,1.34,37.0,1027.1,0,42.84,0.0,29.05333333333333,0.0,26.0,151.47548
71.41622,41.19767,173.55,0,623.0445,0.17706150177061505,49,0.0,0,0,0,3.59,32.06,1027.6,0,39.24,0.0,27.633333333333336,0.0,25.67,2097.1853
65.532178,28.573993,310.61,0,1528.2012,0.19419570611716475,54,0.0,0,0,0,4.92,34.16,1027.1,0,37.08,0.0,30.269999999999996,0.0,28.41,2661.0381
62.239099,19.036487,412.96,0,2473.6304,0.19345131475245397,54,0.0,0,0,0,5.99,35.5,1026.1,0,43.92,0.0,32.18333333333333,0.0,30.86,2548.8546
61.965484,18.053071,473.48,0,3972.4972000000002,0.2237692690203879,63,0.0,0,0,0,8.39,34.93,1024.6,0,38.52,0.0,31.69666666666667,0.0,30.25,2371.286
64.750467,26.52185,472.59,0,4489.605,0.21935255616486823,62,0.0,0,0,0,9.5,34.92,1024.1,0,45.36,0.0,31.923333333333336,0.0,30.6,2115.8641
70.221679,38.831821,425.42,0,4266.9626,0.21894201567907343,62,0.0,0,0,0,10.03,36.36,1023.6,0,46.08,0.0,32.88333333333333,0.0,31.32,525.05194
77.282317,51.472622,332.86,0,3391.8433999999997,0.22940636690901392,65,100.0,100,100,0,10.19,39.66,1022.4,0,49.68,0.0,35.22,0.0,33.17,24.054088
96.946263,79.847932,0.0,0,0.0,0.3506362058993638,97,20.0,20,20,0,3.49,23.27,1023.0,0,30.24,0.0,19.036666666666665,0.0,17.64,41.384762
88.508506,68.511117,0.0,0,0.0,0.3509533630015558,97,49.0,49,49,0,3.24,22.46,1023.5,0,32.04,0.0,18.166666666666668,0.0,16.56,165.62544
79.467317,54.843484,29.37,0,124.5288,0.3460831320523451,96,41.0,44,41,0,4.24,21.67,1023.2,3,30.6,0.0,18.03,0.0,16.56,1143.4972
71.614178,41.326515,179.78,0,1033.735,0.32269630692004303,90,0.3,1,0,0,5.75,19.09,1022.9,1,30.96,0.0,16.80333333333333,0.0,15.84,951.56055
65.732132,28.736536,234.07,0,1462.9375,0.325697924123121,91,100.0,100,100,0,6.25,16.2,1022.8,0,27.36,0.0,15.36,0.0,14.76,1310.5846
62.432927,19.231412,311.5,0,2619.715,0.28768290950419095,81,10.0,10,10,0,8.41,16.2,1021.8,0,24.48,0.0,15.12,0.0,14.4,1582.9224
62.143417,18.199537,451.23,0,4516.8123000000005,0.2578047746856901,73,10.0,20,10,0,10.01,25.84,1019.9,10,30.6,0.0,23.87,0.0,22.77,684.05357
64.904777,26.573571,457.46,0,4926.8442,0.23598196675119756,67,10.0,20,10,0,10.77,24.54,1019.4,10,28.8,0.0,23.0,0.0,22.13,390.27602
70.349342,38.827356,415.63,0,4588.5552,0.22520144973433268,64,10.0,11,10,0,11.04,23.59,1019.2,1,27.72,0.0,22.126666666666665,0.0,21.22,344.66611
77.244984,51.209592,330.19,0,3592.4672,0.22532831038974757,64,10.0,10,10,0,10.88,23.8,1018.8,0,27.72,0.0,22.060000000000002,0.0,21.19,38.449673
97.747113,80.738144,0.0,0,0.0,0.3315912777076951,92,77.0,77,77,0,4.3,19.8,1022.9,0,18.0,0.0,15.156666666666666,0.0,14.06,14.99246
88.688947,68.597545,0.0,0,0.0,0.34154233327341366,95,100.0,100,100,0,5.0,22.39,1023.5,0,23.76,0.0,17.566666666666666,0.0,15.91,488.56278
79.654422,54.948876,19.58,0,96.7252,0.33802006544643826,94,100.0,100,100,0,4.94,19.73,1023.7,0,20.52,0.0,15.853333333333333,0.0,13.98,471.07722
71.807764,41.456214,120.15,0,706.482,0.3153782747374835,88,100.0,100,100,0,5.88,16.43,1025.4,0,19.8,0.0,14.979999999999999,0.0,14.33,670.53556
65.926764,28.898079,192.24,0,1311.0768,0.28574490123941854,80,67.0,67,67,0,6.82,19.3,1024.7,0,19.08,0.0,17.953333333333333,0.0,17.28,1809.6006
62.62058,19.421754,276.79,0,2086.9966,0.27076133813103426,76,100.0,100,100,0,7.54,18.95,1024.3,0,17.64,0.0,18.013333333333332,0.0,17.15,2043.9733
62.314603,18.339813,413.85,0,3861.2205000000004,0.2407250070801473,68,26.0,26,26,0,9.33,16.49,1024.6,0,20.16,0.0,15.683333333333332,0.0,15.28,1838.0972
65.052117,26.620452,319.51,0,3182.3196000000003,0.22606054183886126,64,10.0,10,10,0,9.96,15.41,1024.1,0,15.12,0.0,14.833333333333334,0.0,14.4,1844.0117
70.470081,38.818926,320.4,0,3354.588,0.2080248219448558,59,0.0,0,0,0,10.47,14.69,1024.0,0,14.76,0.0,14.049999999999999,0.0,13.68,523.99333
77.627117,51.629581,337.31,0,3430.4427,0.20824509388677115,59,0.0,0,0,0,10.17,14.2,1024.0,0,13.32,0.0,13.44,0.0,12.9,21.341212
97.835466,80.700159,0.0,0,-0.0,0.3530450132391881,96,100.0,100,100,0,-1.23,7.07,1034.0,0,11.52,0.0,9.313333333333333,0.0,9.69,26.58252
88.867547,68.687079,0.0,0,-0.0,0.35413899955732625,96,100.0,100,100,0,-2.07,6.85,1035.7,0,7.92,0.0,9.299999999999999,0.0,9.96,557.36306
79.837999,55.055978,22.25,0,-51.3975,0.3396839462413233,92,100.0,100,100,0,-2.31,7.21,1036.4,0,7.56,0.0,9.916666666666666,0.0,10.95,1697.3158
71.997011,41.586684,169.99,0,302.5822,0.2546102644309461,70,0.0,0,0,0,1.78,6.48,1035.3,0,6.12,0.0,8.003333333333332,0.0,8.94,2342.0789
66.116153,29.058639,313.28,0,2396.592,0.17094017094017097,48,0.0,0,0,0,7.65,4.02,1033.3,0,4.32,0.0,4.010000000000001,0.0,4.61,2586.6969
62.802178,19.607994,420.97,0,5358.9481000000005,0.11543304883167763,33,0.0,0,0,0,12.73,0.51,1032.3,0,3.24,0.0,0.6066666666666667,0.0,0.51,2612.9506
62.479178,18.474499,478.82,0,5429.8188,0.0984217371436606,28,0.0,0,0,0,11.34,4.83,1032.9,0,4.32,0.0,4.8533333333333335,0.0,4.83,2447.4033
65.192609,26.662638,485.05,0,6038.8724999999995,0.09103641456582634,26,0.0,0,0,0,12.45,7.41,1032.6,0,6.48,0.0,7.413333333333334,0.0,7.41,2089.78
70.583988,38.806557,437.88,0,5574.2124,0.0979431929480901,28,0.0,0,0,0,12.73,7.9,1032.7,0,6.12,0.0,7.843333333333334,0.0,7.9,508.2225
77.646581,51.473598,342.65,0,4194.036,0.10511931041732367,30,0.0,0,0,0,12.24,7.49,1032.4,0,6.12,0.0,7.293333333333333,0.0,7.29,19.82037
97.929544,80.67598,0.0,0,0.0,0.05420837700119259,15,0.0,0,0,0,3.56,12.31,1035.7,0,8.28,0.0,12.590000000000002,0.0,13.49,53.66298
89.043709,68.779329,0.0,0,0.0,0.05062009617818274,14,0.0,0,0,0,3.42,14.33,1036.0,0,9.36,0.0,13.520000000000001,0.0,14.21,582.00056
80.017809,55.164653,23.14,0,93.94839999999999,0.050503228599256884,14,0.0,0,0,0,4.06,15.94,1036.0,0,10.44,0.0,14.396666666666667,0.0,15.23,1688.7714
72.181608,41.717689,171.77,0,1173.1891,0.05714693906707623,16,0.0,0,0,0,6.83,19.44,1036.2,0,11.52,0.0,15.846666666666666,0.0,16.56,2353.4418
66.299929,29.217762,316.84,0,3387.0195999999996,0.06341600901916573,18,0.0,0,0,0,10.69,17.02,1034.5,0,12.96,0.0,14.339999999999998,0.0,14.47,2581.3196
62.977315,19.789092,426.31,0,5644.3444,0.04888438842138343,14,0.0,0,0,0,13.24,15.68,1033.2,0,14.04,0.0,14.46,0.0,14.97,2620.885
62.636742,18.602446,481.49,0,7246.4245,0.041637751561415685,12,0.0,0,0,0,15.05,12.41,1032.7,0,7.92,0.0,11.34666666666667,0.0,11.73,2506.2019
65.325905,26.699679,488.61,0,7739.5824,0.03806360081663726,11,0.0,0,0,0,15.84,12.07,1032.1,0,10.08,0.0,11.056666666666667,0.0,11.59,2100.7519
70.690794,38.790098,443.22,0,7025.037,0.03460207612456748,10,0.0,0,0,0,15.85,10.69,1031.9,0,12.24,0.0,9.673333333333334,0.0,9.89,498.1537
77.658118,51.312269,347.99,0,5209.4103000000005,0.03817853672081077,11,0.0,0,0,0,14.97,8.21,1031.5,0,12.24,0.0,7.426666666666667,0.0,7.7,23.680189
98.026319,80.661789,0.0,0,0.0,0.04706052707790328,13,0.0,0,0,0,3.09,12.65,1032.9,0,8.64,0.0,12.863333333333335,0.0,14.04,20.104701
89.2176,68.874325,0.0,0,0.0,0.05069341347720607,14,0.0,0,0,0,3.02,16.92,1033.3,0,11.52,0.0,14.646666666666667,0.0,14.76,471.34639
80.193901,55.274808,20.47,0,75.94369999999999,0.054179007440583696,15,0.0,0,0,0,3.71,17.67,1033.0,0,11.52,0.0,14.673333333333334,0.0,14.78,1606.2515
72.361693,41.849188,169.1,0,1165.099,0.06427653192401087,18,56.0,56,0,56,6.89,18.36,1032.5,0,11.16,0.0,12.843333333333334,0.0,10.08,2311.6304
66.478314,29.375613,309.72,0,3292.3236000000006,0.06695327366269646,19,88.0,101,0,88,10.63,13.34,1031.0,13,8.28,0.0,12.016666666666666,0.0,11.54,2603.0056
63.146277,19.965987,408.51,0,5380.0767,0.05588153115395362,16,69.0,95,0,69,13.17,13.8,1029.7,26,9.72,0.0,12.816666666666668,0.0,12.68,2659.4475
62.787603,18.724823,471.7,0,6938.707,0.041686931147085396,12,75.0,93,0,75,14.71,13.8,1029.8,18,10.44,0.0,12.729999999999999,0.0,12.73,2526.5819
65.452281,26.731944,477.93,0,7388.7978,0.03811371747340703,11,67.0,87,0,67,15.46,13.2,1029.3,20,12.96,0.0,12.356666666666667,0.0,12.5,2055.4789
70.790716,38.769653,435.21,0,6745.755,0.04157283907846874,12,41.0,80,0,41,15.5,13.14,1029.2,39,14.04,0.0,12.123333333333335,0.0,12.14,496.71222
77.524267,50.922388,323.96,0,4836.7228,0.05206886975840045,15,100.0,200,0,100,14.93,13.49,1028.9,100,14.4,0.0,12.39,0.0,12.5,55.187
89.388771,68.971771,0.0,0,0.0,0.15472635025727755,43,0.0,0,0,0,4.76,4.02,1032.0,0,3.24,0.0,6.993333333333332,0.0,9.37,375.09685
80.366062,55.386305,17.8,0,87.754,0.16542002301495973,46,0.0,0,0,0,4.93,8.31,1032.2,0,7.56,0.0,8.47,0.0,9.35,804.91065
72.536991,41.980957,150.41,0,1102.5053,0.1533086138049059,43,0.0,0,0,0,7.33,10.44,1032.3,0,6.84,0.0,7.516666666666667,0.0,5.82,1239.0186
66.650985,29.531793,284.8,0,3078.688,0.1479081560783209,42,0.0,0,0,0,10.81,3.98,1031.0,0,14.4,0.0,3.606666666666667,0.0,3.24,2408.6953
63.308716,20.137818,387.15,0,5152.9664999999995,0.16407177267332265,47,0.0,0,0,0,13.31,7.93,1029.7,0,14.4,0.0,7.593333333333334,0.0,7.15,2450.7043
62.93142,18.840652,442.33,0,5573.357999999999,0.2204724409448819,63,0.0,0,0,0,12.6,11.9,1029.3,0,15.48,0.0,11.663333333333332,0.0,11.52,1614.9556
65.571444,26.759039,450.34,0,5967.005,0.21997206703910616,63,0.0,0,0,0,13.25,11.18,1028.9,0,15.48,0.0,10.933333333333332,0.0,10.8,784.4
70.883527,38.7451,409.4,0,5584.216,0.21618605948603511,62,2.0,2,2,0,13.64,10.59,1028.8,0,15.12,0.0,10.186666666666667,0.0,10.14,249.46299
77.664208,50.983375,318.62,0,4275.8804,0.21984157448441918,63,0.0,0,0,0,13.42,9.47,1028.3,0,14.4,0.0,9.186666666666667,0.0,9.03,36.011322
98.246462,80.688876,0.0,0,0.0,0.28830906732016726,80,0.0,0,0,0,4.33,4.8,1032.0,0,5.76,0.0,8.44,0.0,11.02,26.493421
89.55708,69.071528,0.0,0,0.0,0.2885586495455202,80,0.0,0,0,0,4.09,5.99,1032.2,0,6.84,0.0,9.056666666666667,0.0,11.59,473.82944
80.5342,55.499021,16.91,0,76.7714,0.27728762288883285,77,0.0,0,0,0,4.54,10.46,1032.2,0,8.28,0.0,10.623333333333333,0.0,11.75,1511.5403
72.70742,42.112858,149.52,0,1082.5248000000001,0.24251934805092906,68,0.0,0,0,0,7.24,12.77,1032.4,0,7.92,0.0,9.906666666666666,0.0,8.12,2171.5436
66.817879,29.686173,293.7,0,3336.432,0.19331482197462305,55,0.0,0,0,0,11.36,9.73,1031.0,0,8.28,0.0,8.646666666666667,0.0,7.92,2412.5314
63.464589,20.304585,389.82,0,5406.8034,0.14284718834924395,41,0.0,0,0,0,13.87,10.18,1030.4,0,9.36,0.0,9.673333333333334,0.0,9.42,2456.7128
63.068168,18.949999,448.56,0,6813.6264,0.14219324408684195,41,0.0,0,0,0,15.19,2.55,1028.2,0,7.2,0.0,2.5466666666666664,0.0,2.19,1982.4153
65.68338,26.780953,456.57,0,7327.9485,0.12793914246196406,37,0.0,0,0,0,16.05,3.08,1028.2,0,7.2,0.0,3.1566666666666667,0.0,2.97,960.14361
70.969223,38.716437,413.85,0,6754.032,0.12091062977165165,35,0.0,0,0,0,16.32,3.08,1028.1,0,7.92,0.0,3.1566666666666667,0.0,2.97,449.60972
77.728418,50.929393,323.07,0,5201.427000000001,0.12445980985306827,36,0.0,0,0,0,16.1,3.67,1028.3,0,9.0,0.0,3.4166666666666665,0.0,3.26,15.693137
98.671787,81.124477,0.0,0,0.0,0.23672034718984256,66,90.0,119,0,90,5.66,10.32,1034.4,29,7.56,0.0,9.573333333333332,0.0,9.69,24.40122
89.722446,69.173484,0.0,0,0.0,0.2367288378766141,66,78.0,113,0,78,5.65,9.02,1035.2,35,6.84,0.0,8.916666666666666,0.0,9.2,434.2114
80.690063,55.597155,17.8,0,109.64800000000001,0.2291360853531918,64,63.0,102,0,63,6.16,9.66,1035.4,39,7.56,0.0,9.236666666666666,0.0,9.83,1015.4062
72.870458,42.239003,154.86,0,1367.4138,0.19859564508121147,56,42.0,85,0,42,8.83,10.66,1035.1,43,7.92,0.0,8.953333333333333,0.0,8.91,1832.2052
66.979018,29.838718,291.03,0,3611.6822999999995,0.16809076901526823,48,8.7,31,0,2,12.41,8.28,1034.3,29,9.0,0.0,7.706666666666666,0.0,7.56,2199.7032
63.61395,20.466558,391.6,0,5846.588000000001,0.14232157733962789,41,7.2,30,0,6,14.93,9.83,1033.4,24,6.84,0.0,9.203333333333333,0.0,9.47,2441.5269
63.197919,19.05323,434.32,0,7018.6112,0.12443399813349003,36,68.0,168,0,68,16.16,4.45,1033.1,100,4.68,0.0,4.31,0.0,4.38,2043.9956
65.78816,26.79779,407.62,0,6774.6444,0.12078545052973048,35,100.0,200,0,100,16.62,6.83,1032.6,100,10.8,0.0,6.603333333333334,0.0,6.83,1379.4865
71.047868,38.683702,315.06,0,5163.8334,0.1243351523105616,36,100.0,200,0,100,16.39,12.52,1033.0,100,14.4,0.0,11.766666666666666,0.0,12.41,377.11722
77.370621,50.193816,252.76,0,3973.3872,0.1280852978848617,37,100.0,200,0,100,15.72,14.69,1032.8,100,10.44,0.0,13.623333333333333,0.0,14.0,26.25398
98.211502,80.407058,0.0,0,0.0,0.2616956443807134,73,0.0,0,0,0,5.8,10.01,1034.1,0,8.64,0.0,10.25,0.0,10.74,14.002451
89.884355,69.277243,0.0,0,0.0,0.2616862632635503,73,0.0,0,0,0,5.81,11.2,1034.6,0,8.28,0.0,10.719999999999999,0.0,11.3,508.58194
80.858105,55.727621,14.24,0,89.1424,0.25052789807093523,70,0.0,0,0,0,6.26,12.48,1034.2,0,9.36,0.0,11.47,0.0,12.24,1502.9956
73.033465,42.376545,142.4,0,1243.152,0.21640414360720875,61,0.0,0,0,0,8.73,14.0,1033.7,0,8.28,0.0,11.12,0.0,10.59,2150.4091
67.13423,29.989187,279.46,0,3451.3309999999997,0.1681260945709282,48,0.0,0,0,0,12.35,8.91,1033.1,0,6.48,0.0,8.56,0.0,8.12,2399.8932
63.756629,20.623374,383.59,0,5669.4601999999995,0.14239572118223182,41,0.0,0,0,0,14.78,8.31,1031.6,0,5.76,0.0,7.933333333333334,0.0,7.93,2462.948
63.320518,19.149968,439.66,0,7034.56,0.14179491613349474,41,0.0,0,0,0,16.0,5.76,1029.7,0,3.96,0.0,5.6433333333333335,0.0,5.4,2346.4103
65.88566,26.809386,448.56,0,7405.725600000001,0.13809293654629567,40,0.0,0,0,0,16.51,7.75,1029.5,0,7.56,0.0,7.599999999999999,0.0,7.42,1980.9733
71.119371,38.646857,405.84,0,6672.0096,0.13812631651645432,40,0.0,0,0,0,16.44,8.79,1028.9,0,8.64,0.0,8.593333333333332,0.0,8.59,491.60306
77.902954,50.919701,316.84,0,5031.4192,0.141853786804138,41,0.0,0,0,0,15.88,9.29,1028.6,0,8.28,0.0,8.99,0.0,8.79,32.888668
98.188311,80.268085,0.0,0,0.0,0.2591979264165887,72,2.7,9,0,0,4.63,1.61,1029.8,9,2.16,0.0,7.6433333333333335,0.0,12.92,13.282292
90.042858,69.382817,0.0,0,0.0,0.26314840849284454,73,0.0,0,0,0,4.26,2.04,1029.8,0,3.6,0.0,7.706666666666667,0.0,12.52,516.58973
81.013617,55.843238,13.35,0,60.74249999999999,0.2592725963269716,72,0.0,0,0,0,4.55,7.07,1030.4,0,7.56,0.0,9.233333333333333,0.0,11.87,1506.1077
73.188808,42.508003,140.62,0,996.9958,0.22480730802169574,63,0.0,0,0,0,7.09,14.06,1029.9,0,10.44,0.0,9.046666666666667,0.0,5.15,2148.7621
67.283417,30.13742,277.68,0,3073.9176,0.1829568644008163,52,0.0,0,0,0,11.07,13.45,1028.7,0,7.56,0.0,11.589999999999998,0.0,10.93,2449.0381
63.892544,20.774909,382.7,0,5021.023999999999,0.1537010514549202,44,0.0,0,0,0,13.12,14.49,1027.8,0,9.36,0.0,13.153333333333334,0.0,12.66,2531.2419
63.435902,19.240133,444.11,0,6217.54,0.1462650182831273,42,0.0,0,0,0,14.0,14.49,1027.0,0,12.6,0.0,13.450000000000001,0.0,13.1,2383.8486
65.975836,26.815692,453.01,0,6550.524600000001,0.13907722262786415,40,0.0,0,0,0,14.46,16.85,1026.8,0,12.6,0.0,15.76,0.0,15.72,2017.3037
71.183708,38.605901,410.29,0,5797.3977,0.14619883040935674,42,0.0,0,0,0,14.13,20.97,1026.6,0,16.56,0.0,19.173333333333336,0.0,18.79,566.18793
77.876654,50.742046,320.4,0,4258.115999999999,0.15710096355257647,45,0.0,0,0,0,13.29,21.92,1025.9,0,17.28,0.0,19.97,0.0,19.3,34.654575
97.988845,79.903303,0.0,0,0.0,0.3497007715047949,97,100.0,300,100,100,4.23,32.77,1029.2,100,28.44,0.0,26.29666666666667,0.0,23.07,5.7934524
90.197601,69.489896,0.0,0,0.0,0.3499909796139275,97,100.0,150,100,26,4.0,32.76,1029.3,24,29.16,0.0,26.52,0.0,23.4,261.69984
81.164712,55.959562,12.46,0,52.955000000000005,0.34246575342465757,95,100.0,124,100,8,4.25,34.63,1029.7,16,26.28,0.0,27.763333333333335,0.0,24.52,564.96887
73.338925,42.639017,138.84,0,774.7272,0.30854231693753814,86,93.0,199,93,52,5.58,33.91,1030.6,54,25.92,0.0,28.376666666666665,0.0,24.52,436.09806
67.426527,30.28331,269.67,0,1836.4527,0.2821831690241463,79,100.0,298,98,100,6.81,33.99,1029.9,100,27.72,0.0,28.94333333333333,0.0,25.33,296.76639
64.021667,20.921196,336.42,0,2650.9896,0.26331708358538236,74,100.0,254,54,100,7.88,31.75,1028.9,100,25.2,0.0,28.263333333333335,0.0,26.7,272.45337
63.544061,19.323796,302.6,0,3189.404,0.21502344108005217,61,100.0,200,0,100,10.54,19.25,1027.5,100,14.76,0.0,18.13,0.0,17.37,365.32374
66.058689,26.816715,249.2,0,2801.008,0.20394528640247547,58,100.0,200,0,100,11.24,16.17,1027.4,100,12.6,0.0,15.49,0.0,14.97,236.97234
71.240893,38.560858,218.05,0,2505.3945000000003,0.21079258010118046,60,100.0,200,0,100,11.49,16.75,1027.4,100,14.04,0.0,15.986666666666666,0.0,15.58,113.61441
77.434556,49.888994,132.61,0,1360.5786,0.23287816237959144,66,100.0,300,100,100,10.26,16.68,1026.9,100,12.6,0.0,15.353333333333332,0.0,14.69,16.948857
90.348656,69.598514,0.0,0,0.0,0.302049622437972,84,100.0,259,100,100,4.95,6.49,1032.3,59,7.2,0.3,7.583333333333333,0.3,8.53,41.773781
81.311252,56.076454,8.01,0,43.0137,0.30518454689070806,85,100.0,261,100,100,5.37,10.95,1032.4,61,7.92,0.3,8.776666666666666,0.3,7.29,606.67472
73.483665,42.769416,94.34,0,703.7764,0.2708385303446064,76,100.0,266,100,100,7.46,7.75,1032.3,66,7.56,0.2,7.419999999999999,0.2,7.09,1249.8033
67.56341,30.426639,46.28,0,328.1252,0.29974307736226097,84,100.0,274,100,100,7.09,11.21,1032.5,74,6.84,0.3,9.520000000000001,0.3,9.06,691.27711
64.143852,21.061927,97.01,0,783.8408000000001,0.29157628986950185,82,100.0,232,100,100,8.08,7.92,1032.1,32,14.04,0.4,7.68,0.4,7.56,997.75766
63.644867,19.400663,428.98,0,6151.5732,0.14261365612716967,41,33.0,38,0,33,14.34,11.72,1030.9,5,18.72,0.0,11.236666666666666,0.0,10.74,391.94444
66.134122,26.812335,411.18,0,5756.52,0.1462650182831273,42,14.0,28,10,14,14.0,19.23,1030.9,4,22.32,0.0,18.346666666666668,0.0,17.65,269.49108
71.290862,38.511712,261.66,0,3359.7144000000003,0.18182453931955667,52,100.0,165,100,65,12.84,19.51,1031.5,0,21.6,0.0,18.893333333333334,0.0,18.28,188.85493
77.330334,49.595487,181.56,0,2289.4716,0.18197088465845465,52,100.0,134,100,34,12.61,14.8,1031.4,0,18.36,0.0,14.306666666666667,0.0,13.66,7.2293651
98.194941,79.989459,0.0,0,0.0,0.347096680887989,96,27.0,54,17,27,3.43,22.46,1036.1,10,20.52,0.0,16.18,0.0,14.51,3.8117284
90.495805,69.708423,0.0,0,0.0,0.3548538943404425,98,29.0,38,0,29,3.02,27.0,1036.4,9,22.68,0.0,18.756666666666664,0.0,17.73,296.83528
81.453232,56.193796,12.46,0,39.622800000000005,0.3437918430861651,95,13.0,25,0,13,3.18,20.95,1036.7,12,22.68,0.0,16.55333333333333,0.0,16.39,1409.7167
73.623092,42.899129,145.07,0,1108.3347999999999,0.2742262901100467,77,4.5,15,0,0,7.64,22.26,1034.7,15,18.72,0.0,17.32,0.0,16.42,2134.9536
67.694193,30.567498,283.02,0,2954.7288,0.236256567579957,67,48.0,76,0,48,10.44,24.64,1033.6,28,27.72,0.0,22.286666666666665,0.0,22.08,2379.7856
64.259281,21.197698,382.7,0,4347.472,0.2214333415345682,63,42.0,79,0,42,11.36,28.51,1033.4,37,25.2,0.0,26.586666666666662,0.0,26.43,2358.2981
63.738528,19.471496,451.23,0,5401.2231,0.19290123456790123,55,3.0,10,0,0,11.97,21.63,1033.6,10,20.16,0.0,20.49,0.0,20.49,1674.4592
66.202333,26.802841,460.13,0,5783.8341,0.18199636007279857,52,3.6,12,0,0,12.57,21.97,1033.1,12,20.52,0.0,20.793333333333333,0.0,20.72,876.91778
71.333784,38.458586,419.19,0,5327.9049,0.1784090114041839,51,3.6,12,0,0,12.71,21.76,1033.0,12,19.44,0.0,20.58666666666667,0.0,20.52,328.61528
77.689969,50.077684,331.97,0,4093.1901000000003,0.17864649012189998,51,3.9,13,0,0,12.33,20.18,1032.7,13,17.64,0.0,18.926666666666666,0.0,19.04,38.260638
98.511695,80.322993,0.0,0,0.0,0.3448523600833393,96,100.0,300,100,100,5.23,30.65,1033.5,100,27.0,0.0,25.33666666666667,0.0,23.76,17.881034
90.639096,69.819682,0.0,0,0.0,0.34893341487103857,97,100.0,202,2,100,4.84,29.9,1033.9,100,25.56,0.0,24.606666666666666,0.0,23.4,290.24278
81.59042,56.311434,9.79,0,51.397499999999994,0.33405172413793105,93,100.0,197,1,100,5.25,28.44,1033.6,96,20.88,0.0,23.28,0.0,21.6,1342.3903
73.756898,43.027913,121.04,0,847.2800000000001,0.3034088880956631,85,100.0,202,2,100,7.0,26.29,1033.7,100,21.6,0.0,22.683333333333337,0.0,21.96,1961.5889
67.818517,30.70545,222.5,0,1815.6000000000001,0.28438377590558456,80,100.0,203,3,100,8.16,23.77,1033.2,100,22.32,0.0,21.37,0.0,20.89,2204.6531
64.367566,21.327544,266.11,0,2381.6845,0.26586316908897556,75,100.0,202,2,100,8.95,23.83,1032.4,100,23.4,0.0,21.316666666666663,0.0,20.24,2467.6492
63.824672,19.535191,353.33,0,3798.2974999999997,0.22190912293060938,63,100.0,127,0,100,10.75,26.48,1031.5,27,21.24,0.0,24.176666666666666,0.0,23.54,1855.9986
66.263009,26.787797,320.4,0,3534.0119999999997,0.211133788443944,60,100.0,126,0,100,11.03,25.46,1031.3,26,21.24,0.0,23.27,0.0,22.51,1565.4111
71.369431,38.401372,271.45,0,3042.9545000000003,0.20396680264453512,58,100.0,127,0,100,11.21,23.22,1031.4,27,19.08,0.0,21.52333333333333,0.0,21.03,611.18028
78.046303,50.558621,220.72,0,2476.4784,0.19692653936772514,56,100.0,141,0,100,11.22,20.32,1031.2,41,15.12,0.0,18.756666666666664,0.0,18.13,53.775641
98.315943,79.98912,0.0,0,0.0,0.34443168771526983,96,100.0,100,100,0,5.57,29.43,1032.2,0,28.44,0.0,24.02333333333333,0.0,21.65,16.252667
90.778104,69.931885,0.0,0,0.0,0.34505067931852496,96,100.0,105,100,0,5.07,27.95,1033.2,5,29.88,0.0,23.27,0.0,21.65,462.64299
81.722801,56.429247,8.01,0,40.4505,0.34148094895758446,95,100.0,111,100,0,5.05,27.55,1033.1,11,23.04,0.0,23.363333333333333,0.0,21.99,1216.1169
73.88513,43.155689,124.6,0,793.702,0.3112478534630796,87,91.0,106,91,0,6.37,27.34,1033.3,15,27.72,0.0,24.090000000000003,0.0,23.18,1858.5693
67.936488,30.840566,275.9,0,2273.4159999999997,0.2665339919684424,75,6.9,24,1,0,8.24,25.42,1032.1,23,23.04,0.0,23.136666666666667,0.0,21.96,2059.14
64.468864,21.451988,378.25,0,3638.765,0.24401457014534783,69,9.3,31,0,0,9.62,24.19,1030.8,31,22.32,0.0,22.296666666666667,0.0,21.13,2398.0602
63.90347,19.592378,439.66,0,4286.685,0.2332979851537646,66,4.5,15,0,0,9.75,24.8,1031.1,15,19.08,0.0,22.793333333333333,0.0,21.75,2378.5446
66.316317,26.767452,450.34,0,4746.583599999999,0.22207338996792272,63,5.7,19,0,0,10.54,22.7,1030.1,19,18.72,0.0,21.099999999999998,0.0,20.08,1668.6822
71.397949,38.340187,405.84,0,4423.656,0.21123041718007396,60,49.0,149,0,49,10.9,21.52,1029.6,100,18.36,0.0,19.849999999999998,0.0,18.79,572.45861
77.85054,50.142476,299.04,0,3214.6800000000003,0.21838675589996479,62,100.0,200,0,100,10.75,20.38,1029.2,100,16.56,0.0,18.71,0.0,17.65,66.255442
90.123101,68.990647,0.0,0,0.0,0.35090257931483565,97,73.0,179,58,73,3.28,25.51,1028.3,48,26.28,0.0,20.166666666666668,0.0,18.39,9.3748366
81.850262,56.547093,9.79,0,32.2091,0.3472724641875271,96,83.0,153,29,83,3.29,26.04,1028.4,41,22.68,0.0,20.2,0.0,18.0,53.364722
74.007685,43.282307,136.17,0,822.4667999999999,0.29370679465596905,82,34.0,48,0,34,6.04,22.32,1027.7,14,14.04,0.0,19.44,0.0,18.36,305.15833
68.048018,30.972697,269.67,0,2162.7534,0.25607283849628343,72,91.0,107,0,91,8.02,18.72,1026.7,16,13.32,0.0,17.16,0.0,16.56,1016.6475
64.563108,21.570907,339.09,0,3143.3642999999997,0.23723532327738833,67,100.0,131,0,100,9.27,16.24,1025.6,31,10.08,0.0,15.160000000000002,0.0,14.8,2294.7114
63.97489,19.643052,374.69,0,3555.8081,0.2299745258986697,65,100.0,123,0,100,9.49,15.68,1025.2,23,10.08,0.0,14.58,0.0,14.21,1795.5314
66.362249,26.741822,381.81,0,4020.4593,0.207980823463057,59,100.0,129,0,100,10.53,13.2,1024.0,29,9.72,0.0,12.496666666666664,0.0,12.5,813.86944
71.419352,38.275079,336.42,0,3663.6138000000005,0.19715533023517817,56,100.0,135,0,100,10.89,11.09,1023.8,35,9.36,0.0,10.623333333333333,0.0,10.74,272.02417
78.398722,50.95164,234.07,0,2460.0757,0.20447014030882044,58,100.0,188,4,100,10.51,9.57,1023.4,84,9.36,0.0,9.23,0.0,9.23,2.4935673
98.834373,80.537402,0.0,0,0.0,0.3272846285319467,90,0.0,0,0,0,1.84,13.36,1024.2,0,9.0,0.0,12.873333333333333,0.0,14.44,6.8297619
91.043161,70.158893,0.0,0,0.0,0.3282275711159738,90,0.0,0,0,0,1.05,16.3,1024.6,0,10.08,0.0,14.209999999999999,0.0,15.16,438.925
81.972659,56.664835,7.12,0,3.6312,0.34714609369290367,95,0.0,0,0,0,0.51,18.23,1024.6,0,9.72,0.0,14.936666666666667,0.0,14.92,1339.9322
74.12439,43.407591,124.6,0,495.90799999999996,0.29228160069281567,81,0.0,0,0,0,3.98,18.45,1024.1,0,10.44,0.0,13.193333333333333,0.0,10.54,2133.4811
68.152926,31.101613,262.55,0,2095.1490000000003,0.22409561412869491,63,0.0,0,0,0,7.98,14.04,1022.0,0,11.16,0.0,13.32,0.0,12.96,2420.2828
64.650119,21.683924,368.46,0,3761.9766,0.21174477696216829,60,0.0,0,0,0,10.21,16.17,1020.6,0,11.88,0.0,15.343333333333334,0.0,14.93,2307.6919
64.038767,19.686734,433.43,0,4694.0469,0.17606873723501656,50,0.0,0,0,0,10.83,11.84,1019.8,0,10.8,0.0,11.65,0.0,11.38,2236.4897
66.400674,26.710712,445.0,0,4939.5,0.1864555848724714,53,0.0,0,0,0,11.1,16.7,1019.0,0,15.12,0.0,16.073333333333334,0.0,15.94,1565.6278
71.433556,38.206031,406.73,0,4457.760800000001,0.1971067544261026,56,1.5,5,0,0,10.96,18.49,1018.6,5,16.2,0.0,17.616666666666664,0.0,17.02,432.1675
77.712884,49.748935,327.52,0,3507.7392,0.20080321285140565,57,3.0,10,0,0,10.71,18.94,1018.1,10,16.2,0.0,17.92,0.0,17.41,21.929078
91.169117,70.273536,0.0,0,0.0,0.2903225806451613,81,100.0,200,100,100,5.85,36.06,1018.7,0,34.2,0.0,29.98,0.0,27.47,34.078333
82.089942,56.782341,4.45,0,29.459000000000003,0.2895235371912643,81,100.0,110,100,10,6.62,33.53,1018.7,0,26.28,0.0,28.333333333333332,0.0,26.12,238.13972
74.235241,43.53144,89.89,0,729.9068,0.2595370995840296,73,100.0,100,100,0,8.12,34.52,1018.9,0,27.0,0.0,30.163333333333338,0.0,28.2,682.44
68.251251,31.22731,178.0,0,1507.66,0.2556636602514026,72,100.0,110,100,10,8.47,34.51,1019.5,0,29.52,0.0,29.94666666666667,0.0,28.01,908.03861
64.729974,21.791321,152.19,0,1432.1079,0.2406568516421291,68,100.0,156,100,56,9.41,33.96,1019.4,0,27.72,0.0,29.993333333333336,0.0,28.24,1252.9331
64.095205,19.723843,427.2,0,4618.032,0.23594872517255952,67,3.3,13,2,0,10.81,32.2,1020.1,11,21.96,0.0,29.316666666666666,0.0,28.04,1404.5614
66.431706,26.674313,441.44,0,5036.8304,0.22842282822603316,65,15.0,50,0,0,11.41,31.72,1019.8,50,29.16,0.0,28.66,0.0,27.53,1143.8592
71.44067,38.133151,400.5,0,4717.889999999999,0.22461657249148917,64,65.0,85,0,65,11.78,32.78,1019.9,20,27.36,0.0,29.25,0.0,28.22,325.42972
77.367273,49.103443,321.29,0,3592.0222000000003,0.2356416839587803,67,3.3,11,0,0,11.18,32.55,1020.4,11,25.56,0.0,28.879999999999995,0.0,27.6,30.444841
91.290442,70.38869,0.0,0,0.0,0.21409455842997324,60,100.0,250,100,100,7.1,29.14,1025.6,50,27.72,0.0,22.95,0.0,20.77,67.335
82.201985,56.899473,5.34,0,39.5694,0.20316509837467922,57,100.0,300,100,100,7.41,29.49,1025.7,100,28.44,0.0,22.899999999999995,0.0,19.96,286.38806
74.340105,43.653696,111.25,0,1090.25,0.16257289273723274,46,100.0,131,100,9,9.8,26.76,1025.6,22,28.44,0.0,22.78333333333333,0.0,21.32,866.77278
68.342866,31.34961,188.68,0,2107.5556,0.15827236916150816,45,100.0,218,100,100,11.17,24.38,1025.9,18,25.56,0.0,21.19666666666667,0.0,19.91,1508.0958
64.802562,21.892864,228.73,0,2799.6552,0.14716703458425315,42,93.0,128,11,93,12.24,25.41,1026.3,24,27.36,0.0,23.01,0.0,22.21,1769.7347
64.144113,19.754146,397.83,0,5358.7701,0.15002442258042006,43,7.2,28,4,0,13.47,16.7,1026.5,24,20.52,0.0,15.943333333333333,0.0,15.55,1458.8636
66.455283,26.632548,439.66,0,6739.987800000001,0.12825845812534667,37,7.8,26,0,0,15.33,12.02,1026.0,26,16.56,0.0,11.770000000000001,0.0,11.57,1205.7636
71.440668,38.056466,404.95,0,6527.794,0.11408027102706815,33,10.8,36,0,0,16.12,10.7,1026.3,36,21.6,0.0,10.79,0.0,10.39,496.55117
77.884995,49.900071,323.07,0,4884.818399999999,0.11447601207201583,33,11.1,37,0,0,15.12,12.07,1026.5,37,23.04,0.0,11.643333333333333,0.0,11.61,96.817667
99.603422,81.389985,0.0,0,0.0,0.1569858712715856,44,100.0,170,0,100,7.13,20.57,1031.2,70,12.6,0.0,15.736666666666666,0.0,15.12,3.7563218
91.407141,70.504313,0.0,0,0.0,0.16056518946692358,45,100.0,133,0,100,7.11,22.1,1031.7,33,12.24,0.0,16.86666666666667,0.0,16.62,241.04417
82.308696,57.016102,7.12,0,48.6296,0.16429744981784417,46,7.2,24,0,0,6.83,20.17,1031.6,24,10.8,0.0,16.46666666666667,0.0,16.62,692.28444
74.438896,43.774228,130.83,0,1169.6202,0.14888865255769437,42,8.4,28,0,0,8.94,19.08,1032.1,28,9.72,0.0,14.770000000000001,0.0,13.34,1421.1433
68.427702,31.468403,270.56,0,3314.36,0.12613875262789068,36,9.3,32,0,1,12.25,14.83,1031.2,31,8.64,0.0,13.626666666666667,0.0,13.4,847.72083
64.867832,21.988497,376.47,0,5466.3444,0.1147147773490458,33,10.8,36,0,0,14.52,14.97,1030.1,36,6.84,0.0,14.006666666666666,0.0,13.91,843.39889
64.185463,19.777607,421.86,0,6851.006399999999,0.12094405473582363,35,30.0,100,0,0,16.24,17.65,1030.3,100,11.52,0.0,16.25,0.0,16.06,932.11444
66.4714,26.585417,398.72,0,6686.5344000000005,0.11382450331125829,33,100.0,200,0,100,16.77,18.1,1029.3,100,12.96,0.0,16.886666666666667,0.0,16.62,767.66139
71.433565,37.97603,330.19,0,5494.3616,0.11387556506435696,33,100.0,200,0,100,16.64,20.77,1029.2,100,15.12,0.0,18.88,0.0,18.64,208.19444
77.326826,48.917948,238.52,0,3711.3712000000005,0.13161996467043055,38,100.0,200,0,100,15.56,21.67,1029.1,100,16.56,0.0,19.523333333333337,0.0,18.81,19.684127
99.470316,81.185059,0.0,0,0.0,0.21151502115150211,59,58.0,158,0,58,5.79,21.68,1028.2,100,18.0,0.0,18.38,0.0,18.49,0.31333333
91.518713,70.619985,0.0,0,0.0,0.21865366692952903,61,90.0,190,0,90,5.83,22.39,1028.5,100,18.72,0.0,18.733333333333334,0.0,18.84,95.634444
82.40997,57.1321,6.23,0,37.878400000000006,0.21845790208788457,61,96.0,196,0,96,6.08,21.95,1028.7,100,18.0,0.0,18.13,0.0,17.82,251.51667
74.531513,43.8929,118.37,0,1138.7194,0.17682215227923756,50,100.0,184,0,100,9.62,19.77,1028.2,84,11.16,0.0,14.926666666666668,0.0,11.93,483.27111
68.50567,31.58356,245.64,0,3325.9655999999995,0.12905926261815898,37,100.0,165,0,100,13.54,13.45,1027.3,65,15.12,0.0,12.839999999999998,0.0,12.76,713.95056
64.925712,22.0781,264.33,0,4128.834599999999,0.10388890812757559,30,100.0,120,0,100,15.62,14.08,1026.1,20,11.16,0.0,13.103333333333332,0.0,12.62,986.72167
64.219206,19.794114,319.51,0,5294.2807,0.10354825348612455,30,100.0,200,0,100,16.57,15.48,1026.1,100,14.04,0.0,14.576666666666668,0.0,14.35,2048.6775
66.480032,26.532892,366.68,0,6413.2332,0.09633911368015415,28,51.0,136,0,51,17.49,8.47,1026.0,85,12.96,0.0,8.476666666666667,0.0,8.4,1846.8039
71.419365,37.891885,407.62,0,7312.702800000001,0.09275481809749563,27,5.4,18,0,0,17.94,3.4,1025.9,18,12.6,0.0,3.9133333333333336,0.0,3.89,505.70417
77.5619,49.264312,328.41,0,5671.6407,0.1067419599201157,31,4.5,15,0,0,17.27,13.28,1025.3,15,20.16,0.0,12.753333333333332,0.0,13.01,22.862601
91.625548,70.735927,0.0,0,0.0,0.15319937295140376,43,10.0,40,6,10,7.53,14.78,1027.4,24,10.8,0.0,13.329999999999998,0.0,14.04,100.22778
82.505772,57.247354,4.45,0,35.1995,0.16010816195830072,45,100.0,200,100,66,7.91,18.37,1027.1,34,12.24,0.0,14.403333333333334,0.0,12.96,1016.81
74.617959,44.009633,109.47,0,1147.2456,0.14808024539012093,42,41.0,71,0,41,10.48,18.18,1026.9,30,12.6,0.0,15.68,0.0,15.52,2067.5897
68.576815,31.695096,212.71,0,2665.2563,0.13651638196583593,39,100.0,202,10,100,12.53,16.75,1027.0,92,6.84,0.0,15.193333333333333,0.0,14.62,1697.4692
64.976286,22.161942,230.51,0,3342.395,0.121675647488267,35,100.0,210,10,100,14.5,15.46,1025.8,100,6.48,0.0,14.383333333333335,0.0,14.06,1721.9253
64.245446,19.80405,401.39,0,6414.2122,0.11067685816068897,32,100.0,200,0,100,15.98,12.22,1026.8,100,9.72,0.0,11.613333333333335,0.0,11.53,2490.2319
66.481293,26.475157,386.26,0,6180.16,0.11412761542452016,33,100.0,200,0,100,16.0,17.65,1026.7,100,13.32,0.0,16.366666666666667,0.0,16.07,1767.7903
71.398178,37.804147,380.03,0,5943.669199999999,0.12119533224834657,35,87.0,88,0,87,15.64,21.32,1026.3,1,14.76,0.0,19.536666666666665,0.0,19.21,517.72917
78.263221,50.385232,316.84,0,4679.7267999999995,0.13545429285912755,39,66.0,66,0,66,14.77,22.82,1026.1,0,12.6,0.0,20.573333333333334,0.0,19.96,13.265205
99.597629,81.299739,0.0,0,0.0,0.2501087429317094,69,0.0,0,0,0,2.73,28.12,1025.6,0,24.48,0.0,22.333333333333332,0.0,20.88,13.934483
91.72732,70.851882,0.0,0,0.0,0.26131455739846843,72,2.4,8,0,0,2.38,30.22,1025.6,8,25.56,0.0,23.03333333333333,0.0,20.52,390.72833
82.595965,57.361744,5.34,0,15.058799999999998,0.2572743414139218,71,1.2,4,0,0,2.82,35.9,1025.3,4,27.36,0.0,25.646666666666665,0.0,21.24,1293.875
74.698068,44.12427,115.7,0,763.62,0.21090259159964253,59,0.0,0,0,0,6.6,35.69,1024.6,0,30.6,0.0,26.896666666666665,0.0,22.68,1895.5894
68.640956,31.802791,255.43,0,2779.0784000000003,0.15491321339295147,44,0.0,0,0,0,10.88,31.73,1022.9,0,34.56,0.0,27.263333333333332,0.0,25.21,1708.1806
65.01937,22.239604,364.9,0,4718.156999999999,0.129334451901566,37,0.0,0,0,0,12.93,30.65,1021.6,0,33.84,0.0,27.74666666666667,0.0,26.29,927.59944
64.26402,19.806907,428.98,0,5898.475,0.12547926106657373,36,82.0,82,0,82,13.75,34.75,1021.6,0,33.12,0.0,31.316666666666663,0.0,29.6,1485.1517
66.475054,26.412017,431.65,0,6280.5075,0.11817865832464373,34,100.0,100,0,100,14.55,37.69,1020.9,0,34.56,0.0,33.65,0.0,31.81,1116.6522
71.369922,37.712804,356.89,0,5285.5409,0.10418113626892625,30,100.0,100,0,100,14.81,36.05,1020.7,0,34.92,0.0,32.21333333333333,0.0,30.45,589.28111
77.947271,49.837446,304.38,0,4389.1596,0.09736759745453281,28,73.0,73,0,73,14.42,33.04,1020.5,0,33.48,0.0,29.419999999999998,0.0,27.82,69.918553
91.823967,70.96773,0.0,0,0.0,0.2274532457217128,63,37.0,67,0,37,3.83,37.94,1022.1,30,31.68,0.0,28.396666666666665,0.0,24.74,174.91528
82.680525,57.475171,5.34,0,21.894,0.2272317403065825,63,18.0,35,0,18,4.1,35.95,1021.9,17,30.6,0.0,27.886666666666667,0.0,24.8,999.81583
74.771858,44.236751,115.7,0,848.081,0.1889617798060468,53,12.0,32,3,12,7.33,32.28,1021.7,17,26.64,0.0,26.333333333333332,0.0,23.54,491.76056
68.698156,31.906686,182.45,0,1570.8944999999999,0.1845542305508234,52,100.0,112,100,0,8.61,28.52,1021.6,12,24.12,0.0,25.03333333333333,0.0,23.83,97.534722
65.055064,22.311388,178.0,0,1783.56,0.1906981671787266,54,23.0,39,3,23,10.02,25.01,1021.0,13,30.6,0.0,23.310000000000002,0.0,22.46,122.785
64.275047,19.803099,421.86,0,5910.2586,0.177601337233598,51,44.0,61,4,44,14.01,19.59,1021.1,13,36.36,0.0,17.856666666666666,0.0,17.38,141.09667
66.461441,26.343669,431.65,0,6151.0125,0.17397355601948505,50,63.0,112,63,31,14.25,22.39,1020.9,18,31.32,0.0,20.473333333333333,0.0,19.73,100.57167
71.334719,37.617972,288.36,0,3820.77,0.18505586592178772,53,100.0,175,100,55,13.25,22.91,1021.4,20,41.04,0.0,20.236666666666665,0.0,19.58,101.35972
91.912951,71.079871,0.0,0,0.0,0.34506308184464973,96,100.0,100,100,0,5.06,9.96,1030.4,0,8.28,0.0,7.656666666666666,0.0,5.86,32.640556
82.759345,57.587534,1.78,0,8.7576,0.3416405940950121,95,100.0,100,100,0,4.92,8.29,1031.1,0,7.56,0.0,6.796666666666667,0.0,5.69,319.70722
74.839197,44.346947,59.63,0,306.4982,0.3377771389557656,94,100.0,100,100,0,5.14,6.12,1031.9,0,5.76,0.0,5.3999999999999995,0.0,4.68,508.72871
68.748273,32.006609,180.67,0,1085.8266999999998,0.3116492334145293,87,100.0,100,100,0,6.01,5.15,1031.8,0,6.12,0.0,4.776666666666666,0.0,4.35,1183.1712
65.083226,22.376969,303.49,0,2254.9307,0.28512367239290043,80,100.0,100,100,0,7.43,3.55,1031.3,0,3.96,0.0,3.1766666666666663,0.0,3.08,2574.6883
64.278401,19.792216,437.88,0,4194.8904,0.19453188554451245,55,0.0,0,0,0,9.58,4.33,1030.7,0,4.68,0.0,3.856666666666667,0.0,3.62,2457.2131
66.440358,26.269957,453.9,0,5024.673,0.15832805573147563,45,0.0,0,0,0,11.07,5.86,1030.1,0,6.48,0.0,5.386666666666668,0.0,5.15,2080.85
71.292511,37.519655,415.63,0,4829.620599999999,0.1439758401517014,41,0.0,0,0,0,11.62,8.56,1030.1,0,8.64,0.0,7.98,0.0,8.09,641.87458
78.108188,50.070597,329.3,0,3698.039,0.15120613263942612,43,0.0,0,0,0,11.23,11.44,1029.3,0,9.72,0.0,10.686666666666667,0.0,10.79,61.300292
92.001086,71.198386,0.0,0,0.0,0.2803670259248471,77,0.0,0,0,0,1.49,20.33,1033.2,0,16.2,0.0,18.419999999999998,0.0,19.81,341.55472
82.832404,57.698747,3.56,0,5.3756,0.2985509357023229,82,0.0,0,0,0,1.51,20.45,1033.3,0,15.84,0.0,18.216666666666665,0.0,19.08,1258.2619
74.900096,44.454805,111.25,0,550.6875,0.26609133405249913,74,0.0,0,0,0,4.95,20.04,1033.4,0,17.28,0.0,16.06,0.0,14.08,2147.6356
68.791355,32.102592,251.87,0,2309.6479,0.22315103428733352,63,0.0,0,0,0,9.17,16.66,1031.0,0,19.08,0.0,15.406666666666666,0.0,14.76,2421.0172
65.103935,22.436585,361.34,0,4278.2656,0.1859714375943016,53,0.0,0,0,0,11.84,17.16,1029.7,0,19.08,0.0,16.040000000000003,0.0,15.63,2511.0203
64.27418,19.77458,427.2,0,5724.48,0.1570406560809632,45,0.0,0,0,0,13.4,14.04,1030.4,0,20.52,0.0,13.303333333333333,0.0,13.1,2404.6817
66.41191,26.191042,441.44,0,6219.8895999999995,0.15318200807686955,44,0.0,0,0,0,14.09,14.97,1029.6,0,24.84,0.0,14.223333333333334,0.0,13.85,2057.5381
71.243402,37.417957,404.95,0,5632.8544999999995,0.15327806033581828,44,0.0,0,0,0,13.91,15.79,1029.4,0,29.16,0.0,15.113333333333335,0.0,14.71,674.12889
78.043681,49.961204,320.4,0,4219.668,0.16415199776473877,47,0.0,0,0,0,13.17,14.24,1029.6,0,29.16,0.0,13.553333333333335,0.0,13.21,60.858187
99.61167,81.295533,0.0,0,0.0,0.3387114397057217,93,0.0,0,0,0,1.42,10.9,1032.6,0,8.28,0.0,9.840000000000002,0.0,11.38,9.1453333
92.081677,71.313179,0.0,0,0.0,0.3496376151800998,96,30.0,100,0,0,1.42,7.17,1033.4,100,5.04,0.0,9.153333333333334,0.0,11.38,442.30204
82.899644,57.808721,3.56,0,8.4372,0.3193960511033682,88,100.0,200,0,100,2.37,11.52,1032.6,100,10.08,0.0,11.35,0.0,12.57,1026.1208
74.954515,44.560249,106.8,0,591.672,0.25835157343284654,72,100.0,200,0,100,5.54,19.25,1031.7,100,11.52,0.0,12.06,0.0,7.56,1087.6253
68.827375,32.194584,232.29,0,2185.8489,0.1946489241223103,55,100.0,200,0,100,9.41,15.52,1030.0,100,11.16,0.0,13.826666666666668,0.0,12.98,1536.5836
65.117182,22.49023,334.64,0,3804.8567999999996,0.15816111345423872,45,100.0,200,0,100,11.37,14.76,1028.6,100,11.52,0.0,13.92,0.0,13.68,1781.0343
64.262394,19.750214,427.2,0,5429.712,0.12243755684600856,35,100.0,200,0,100,12.71,16.58,1027.9,100,12.96,0.0,15.606666666666664,0.0,15.12,1813.2358
66.376121,26.106963,443.22,0,5961.309,0.11514305652477322,33,100.0,197,0,100,13.45,14.76,1027.4,97,12.6,0.0,14.04,0.0,13.68,1250.67
71.187432,37.312946,411.18,0,5579.7126,0.11509486607142859,33,100.0,196,0,100,13.57,15.12,1026.4,96,13.32,0.0,14.28,0.0,14.04,426.84467
77.305682,48.741808,322.18,0,4204.4490000000005,0.13626834381551364,39,100.0,189,0,100,13.05,16.24,1026.3,89,14.4,0.0,15.013333333333334,0.0,14.76,22.17766
92.15597,71.426255,0.0,0,0.0,0.2866681181508092,79,8.0,14,0,8,2.43,15.65,1028.9,6,11.88,0.0,15.296666666666667,0.0,17.28,112.68126
82.960994,57.917379,4.45,0,8.6775,0.2835332606324973,78,3.3,11,0,0,1.95,14.83,1029.3,11,10.44,0.0,14.543333333333331,0.0,16.2,1304.8
75.002357,44.663185,121.04,0,564.0464000000001,0.2483711889420827,69,4.5,15,0,0,4.66,14.24,1029.4,15,7.92,0.0,11.826666666666666,0.0,10.44,2113.5003
68.856236,32.282477,262.55,0,2226.4240000000004,0.18819017860313178,53,6.0,24,0,6,8.48,9.39,1028.4,18,2.52,0.0,9.143333333333333,0.0,9.03,2163.2308
65.122873,22.537702,369.35,0,3974.206,0.1514564474657462,43,63.0,140,4,63,10.76,5.19,1027.4,73,8.28,0.0,5.0633333333333335,0.0,5.0,2228.3088
64.242959,19.71882,429.87,0,5227.2192000000005,0.12617854263783254,36,79.0,165,0,79,12.16,1.02,1027.1,86,4.32,0.0,0.7999999999999999,0.0,1.02,2094.0953
66.332934,26.017607,424.53,0,5446.7199,0.1363731729491573,39,13.0,42,0,13,12.83,1.8,1027.2,29,5.76,0.0,2.04,0.0,1.8,1396.8528
71.124574,37.204638,414.74,0,5420.651800000001,0.15023408566836702,43,6.3,24,3,0,13.07,4.33,1027.3,21,8.64,0.0,4.33,0.0,3.98,179.9175
77.895002,49.7354,333.75,0,4261.9875,0.16787912702853947,48,6.0,14,6,0,12.77,6.48,1026.9,8,11.52,0.0,6.613333333333333,0.0,6.48,55.945079
92.226332,71.541093,0.0,0,0.0,0.2871578641270765,79,0.0,0,0,0,1.96,16.24,1033.0,0,12.96,0.0,13.333333333333334,0.0,12.6,66.812222
83.016411,58.024646,2.67,0,5.633699999999999,0.2870013805129696,79,0.0,0,0,0,2.11,21.67,1033.2,0,15.84,0.0,15.753333333333336,0.0,14.06,290.02583
75.043593,44.763551,108.58,0,489.69579999999996,0.2665130015126414,74,0.0,0,0,0,4.51,23.38,1033.7,0,15.12,0.0,15.876666666666667,0.0,13.04,1375.5297
68.877925,32.366244,250.98,0,2040.4674000000002,0.21686575654152448,61,0.0,0,0,0,8.13,16.26,1032.3,0,9.72,0.0,14.353333333333333,0.0,13.76,2402.6186
65.121011,22.579033,362.23,0,3665.7675999999997,0.18357044515832951,52,0.0,0,0,0,10.12,13.8,1030.9,0,6.48,0.0,12.966666666666669,0.0,12.73,2487.2444
64.215895,19.680443,433.43,0,4919.4304999999995,0.140597539543058,40,0.0,0,0,0,11.35,3.1,1030.7,0,3.6,0.0,3.1,0.0,3.1,2403.4087
66.282382,25.92302,449.45,0,5555.201999999999,0.12609015446043922,36,0.0,0,0,0,12.36,7.13,1030.1,0,7.92,0.0,6.796666666666667,0.0,6.62,2054.1839
71.054875,37.093107,413.85,0,5127.601500000001,0.14008545212579676,40,0.0,0,0,0,12.39,13.22,1029.1,0,12.24,0.0,12.106666666666667,0.0,11.92,694.96837
77.678018,49.399237,329.3,0,3819.88,0.16505706760316066,47,0.0,0,0,0,11.6,16.85,1030.0,0,13.68,0.0,15.270000000000001,0.0,14.92,69.652732
92.290204,71.653961,0.0,0,0.0,0.32961460446247465,91,100.0,200,0,100,2.93,39.12,1033.3,100,36.0,0.0,28.926666666666666,0.0,24.91,210.0
83.065885,58.130442,3.56,0,11.036000000000001,0.32941176470588235,91,100.0,200,0,100,3.1,39.36,1033.4,100,36.36,0.0,29.71666666666667,0.0,25.96,705.79583
75.07826,44.861315,106.8,0,637.596,0.2758670106047578,77,100.0,200,0,100,5.97,37.83,1032.9,100,32.04,0.0,30.833333333333332,0.0,28.23,1537.6594
68.892518,32.445944,231.4,0,1832.688,0.2383747820827552,67,100.0,200,0,100,7.92,33.36,1032.5,100,30.6,0.0,28.983333333333334,0.0,27.51,2277.7294
65.111706,22.614501,342.65,0,3416.2205,0.19779598756710934,56,90.0,190,0,90,9.97,30.34,1031.4,100,28.44,0.0,27.093333333333334,0.0,26.01,1923.9319
64.181334,19.635491,422.75,0,4383.9175,0.20457110609480814,58,100.0,200,0,100,10.37,31.49,1030.1,100,26.64,0.0,28.00333333333333,0.0,26.44,1291.6219
66.224601,25.823425,420.97,0,4752.7513,0.18281535648994515,52,100.0,200,0,100,11.29,29.96,1029.2,100,23.76,0.0,26.72666666666667,0.0,24.93,699.16541
70.978463,36.978487,385.37,0,4512.6827,0.17903531559362496,51,29.4,104,0,6,11.71,27.78,1029.6,98,23.04,0.0,25.136666666666667,0.0,23.8,481.4416
77.722394,49.503665,339.09,0,3780.8534999999997,0.1864227928244812,53,4.5,15,0,0,11.15,27.02,1028.9,15,21.96,0.0,23.906666666666666,0.0,22.35,104.99327
100.0964,82.009542,0.0,0,0.0,0.2633762672727929,73,100.0,200,0,100,4.02,42.7,1029.5,100,42.84,0.0,33.46666666666667,0.0,29.53,0.31041667
92.348306,71.765978,0.0,0,0.0,0.27818924094078545,77,100.0,174,0,100,3.64,44.36,1029.3,74,44.28,0.0,35.03,0.0,31.07,173.12517
83.10932,58.234701,3.56,0,12.7804,0.28546650285466507,79,100.0,158,0,100,3.59,45.59,1029.7,58,45.36,0.0,36.14333333333334,0.0,31.91,1088.2048
75.106206,44.956366,116.59,0,633.0837,0.24768468662502693,69,4.8,16,0,0,5.43,44.53,1029.6,16,42.84,0.0,36.75333333333334,0.0,33.39,1546.0844
68.89984,32.521401,263.44,0,1854.6176,0.21414040472536494,60,8.7,33,0,4,7.04,44.53,1028.6,29,45.0,0.0,37.699999999999996,0.0,34.6,540.67861
65.094769,22.643677,371.13,0,3206.5632,0.18808332446147843,53,28.2,94,0,0,8.64,45.41,1027.3,94,43.2,0.0,39.18,0.0,36.59,398.03472
64.139093,19.583318,297.26,0,2791.2714,0.16988744956466342,48,100.0,200,0,100,9.39,42.53,1026.4,100,42.12,0.0,36.63,0.0,34.17,271.5705
66.159443,25.718551,323.96,0,3472.8512,0.14090957128262938,40,100.0,200,0,100,10.72,42.53,1025.9,100,41.4,0.0,37.03333333333333,0.0,34.6,243.02694
70.895242,36.860752,388.93,0,4356.016,0.1371549147177774,39,53.0,153,0,53,11.2,42.53,1025.0,100,41.4,0.0,37.17666666666667,0.0,35.03,101.31806
77.227122,48.720149,301.71,0,3198.1259999999997,0.1515418502202643,43,79.0,179,0,79,10.6,43.05,1024.0,100,38.16,0.0,37.050000000000004,0.0,34.4,62.523114
92.400801,71.87719,0.0,0,0.0,0.34125975676166276,94,48.0,48,48,0,2.3,53.01,1024.0,0,52.92,0.0,44.56999999999999,0.0,41.39,242.0758
83.14672,58.337343,2.67,0,5.820600000000001,0.3450404968583155,95,22.0,22,22,0,2.18,53.04,1023.8,0,53.64,0.0,44.98666666666666,0.0,41.86,639.24472
75.127504,45.048691,108.58,0,388.7164,0.3143858634770354,87,1.5,5,0,0,3.58,50.42,1024.0,5,52.92,0.0,43.35999999999999,0.0,40.36,1121.7464
68.900013,32.592718,255.43,0,1524.9171,0.27228432215534537,76,97.0,134,4,97,5.97,50.56,1022.9,33,53.28,0.0,43.876666666666665,0.0,40.72,413.57028
65.070367,22.666963,291.92,0,2063.8744,0.26407822425237315,74,100.0,131,2,100,7.07,54.58,1021.2,29,55.44,0.0,47.15,0.0,43.81,300.97901
64.089362,19.524523,371.13,0,3058.1112,0.23099612637265007,65,100.0,200,0,100,8.24,49.78,1022.3,100,55.44,0.0,43.56333333333333,0.0,40.48,80.907928
66.087099,25.608719,191.35,0,1385.374,0.26035165305467384,73,100.0,200,0,100,7.24,48.23,1022.4,100,50.4,0.0,41.70666666666666,0.0,38.83,109.29444
70.805386,36.740076,154.86,0,1173.8388000000002,0.2635984754034126,74,100.0,300,100,100,7.58,43.23,1022.1,100,47.88,0.0,37.49666666666667,0.0,34.81,117.92674
76.796237,48.045288,137.06,0,1067.6974,0.25984195913718233,73,100.0,201,1,100,7.79,40.88,1021.2,100,45.72,0.0,35.82333333333333,0.0,33.26,6.3768116
99.301826,81.058785,0.0,0,-0.0,0.35215142511279857,96,9.9,33,0,0,-0.54,20.29,1032.3,33,11.88,0.0,11.016666666666666,0.0,6.03,1.2372549
92.447357,71.987304,0.0,0,-0.0,0.3485982680170263,95,9.0,30,0,0,-0.63,19.48,1033.0,30,13.32,0.0,10.403333333333334,0.0,4.9,303.33361
83.178044,58.438295,2.67,0,-1.7622,0.3449667877720284,94,3.6,12,0,0,-0.66,18.97,1033.1,12,10.08,0.0,10.286666666666667,0.0,5.32,1041.7142
75.142123,45.138232,115.7,0,392.223,0.2748246185000362,76,5.1,17,0,0,3.39,12.77,1033.1,17,7.92,0.0,7.38,0.0,5.35,2136.1397
68.893023,32.65987,259.88,0,1730.8008,0.2573174654229656,72,7.2,24,0,0,6.66,10.69,1031.5,24,9.36,0.0,10.32,0.0,11.18,2417.4039
65.0385,22.684366,369.35,0,3346.3110000000006,0.2232380142447114,63,9.6,32,0,0,9.06,7.73,1031.4,32,10.44,0.0,7.676666666666667,0.0,7.57,2494.1153
64.032159,19.45912,434.32,0,6223.8056,0.15305412550438294,44,9.3,31,0,0,14.33,0.8,1030.4,31,3.6,0.0,0.5566666666666668,0.0,0.51,1807.4567
66.007603,25.493983,450.34,0,6881.195199999999,0.14214887494366052,41,9.9,33,0,0,15.28,1.53,1029.9,33,5.04,0.0,1.2866666666666668,0.0,1.53,2048.625
70.708946,36.616549,418.3,0,6224.304,0.14234628337325975,41,9.6,32,0,0,14.88,2.6,1029.5,32,5.4,0.0,2.3333333333333335,0.0,2.6,726.67472
77.552109,49.36618,338.2,0,4278.23,0.1574527641707488,45,8.7,34,5,0,12.65,4.35,1028.3,29,8.28,0.0,4.1066666666666665,0.0,4.21,78.767797
92.488055,72.096361,0.0,0,0.0,0.25458248472505096,70,0.6,2,0,0,1.81,11.77,1028.6,2,7.92,0.0,13.046666666666667,0.0,15.48,381.95083
83.203221,58.537491,2.67,0,5.179799999999999,0.247191828128976,68,0.3,1,0,0,1.94,9.26,1029.0,1,5.76,0.0,11.979999999999999,0.0,15.16,1289.6794
75.14996,45.224903,114.81,0,518.9412,0.2196852378722945,61,0.9,3,0,0,4.52,12.24,1028.7,3,5.04,0.0,11.363333333333335,0.0,10.95,2127.7597
68.878758,32.722744,260.77,0,2075.7291999999998,0.1956529472448508,55,1.2,4,0,0,7.96,14.69,1026.3,4,7.2,0.0,13.483333333333334,0.0,13.1,2467.1889
64.999055,22.69563,372.02,0,3656.9566,0.17315711357693125,49,1.5,5,0,0,9.83,15.03,1025.7,5,15.48,0.0,13.893333333333333,0.0,13.55,2581.48
63.967382,19.386698,436.99,0,5204.5509,0.15435346944502912,44,1.5,5,0,0,11.91,12.73,1025.2,5,19.8,0.0,12.373333333333333,0.0,12.37,2530.4617
65.92088,25.37419,451.23,0,5798.3055,0.15384615384615385,44,0.6,2,0,0,12.85,11.44,1024.2,2,19.44,0.0,11.353333333333333,0.0,11.53,2109.4303
70.605886,36.490199,418.3,0,5383.521,0.1608279141318789,46,2.7,9,0,0,12.87,20.83,1024.2,9,26.64,0.0,19.583333333333332,0.0,19.49,731.07806
77.504836,49.353298,339.09,0,3913.0985999999994,0.1896800028100741,54,6.6,22,0,0,11.54,25.2,1023.9,22,31.32,0.0,23.16333333333333,0.0,22.33,88.5225
92.520489,72.200776,0.0,0,0.0,0.3402345446648328,94,44.0,77,0,44,3.13,17.08,1025.9,33,29.52,0.0,14.683333333333332,0.0,15.38,14.523889
83.222229,58.634855,2.67,0,1.9490999999999998,0.36147217759602746,99,36.0,49,0,36,0.73,19.2,1027.3,13,21.96,0.0,15.493333333333332,0.0,14.08,129.43917
75.151027,45.308666,110.36,0,552.9036,0.28041415012942195,78,100.0,157,100,35,5.01,14.78,1027.4,22,12.24,0.0,10.233333333333333,0.0,7.52,389.73667
68.857259,32.781365,137.06,0,1029.3206,0.25653816005130764,72,100.0,267,100,67,7.51,12.88,1026.0,100,11.88,0.0,11.593333333333334,0.0,11.27,523.15694
64.952098,22.700907,257.21,0,2235.1548999999995,0.2341754186772637,66,100.0,300,100,100,8.69,25.5,1025.1,100,25.2,0.0,23.723333333333333,0.0,24.01,173.41056
63.895118,19.307487,210.04,0,1590.0028,0.3206041607295526,90,100.0,279,100,100,7.57,13.0,1026.1,79,10.44,0.0,12.193333333333333,0.0,11.61,403.79222
65.827032,25.249506,113.92,0,828.1984,0.3209471507025177,90,100.0,273,100,100,7.27,8.71,1026.3,73,22.32,0.1,8.556666666666667,0.1,7.95,158.36778
70.496313,36.361161,186.9,0,1541.925,0.28784648187633266,81,100.0,240,100,66,8.25,6.29,1025.5,74,15.48,0.0,6.523333333333333,0.0,5.94,126.95306
76.919574,48.452849,172.66,0,1381.28,0.28454561621910013,80,100.0,300,100,100,8.0,12.07,1025.3,100,16.2,0.0,11.63,0.0,11.38,20.055031
